# Blender 5.1.2
# www.blender.org
mtllib fffemale 11.mtl
o hair
v -0.171638 6.276000 -0.771596
v -0.247608 6.552395 -0.832582
v -0.168910 6.546496 -0.821445
v -0.188838 6.838899 -0.734271
v -0.270552 6.840838 -0.739834
v -0.245618 6.700782 -0.829745
v -0.182509 6.700071 -0.848843
v -0.224981 6.584342 -0.853566
v -0.173184 6.585158 -0.871175
v -0.123416 6.688703 -0.832114
v -0.123651 6.576284 -0.855984
v -0.119694 6.870722 -0.765333
v -0.191855 6.880159 -0.774001
v -0.125001 7.027501 -0.685131
v -0.200435 7.029584 -0.678621
v -0.274329 6.878483 -0.745320
v -0.287932 7.029558 -0.639395
v -0.230894 7.250971 -0.575050
v -0.301301 7.248208 -0.517682
v -0.283221 7.497342 -0.457658
v -0.220111 7.502357 -0.526628
v -0.267633 7.674376 -0.454865
v -0.207289 7.676873 -0.521292
v -0.202009 7.810970 -0.496399
v -0.251538 7.805299 -0.442498
v -0.173092 7.924318 -0.453462
v -0.219860 7.922036 -0.407657
v -0.131603 8.008635 -0.402007
v -0.168315 8.000250 -0.360127
v -0.134090 7.248767 -0.590107
v -0.133112 7.500133 -0.541176
v -0.119792 7.673513 -0.543365
v -0.122301 7.803990 -0.523951
v -0.106211 7.909399 -0.474343
v -0.082578 7.990839 -0.413791
v -0.078807 8.058670 -0.323846
v -0.098668 8.065260 -0.289253
v -0.049637 8.049913 -0.336781
v -0.043352 8.078197 -0.266825
v -0.066231 8.080006 -0.248247
v -0.031536 8.086798 -0.201079
v -0.027765 8.065389 -0.281203
v -0.011417 8.081902 -0.224139
v -0.004126 8.084972 -0.189483
v -0.015948 8.085101 -0.181439
v -0.001864 8.085757 -0.171895
v -0.203327 6.336739 -0.825096
v -0.176174 6.389733 -0.853360
v -0.167369 6.334219 -0.826072
v -0.148519 6.387248 -0.850811
v -0.210863 6.276374 -0.782665
v -0.169659 6.478379 -0.872679
v -0.205595 6.394854 -0.844871
v -0.210142 6.477548 -0.857082
v -0.131193 6.473435 -0.866084
v -0.268196 6.303086 -0.732685
v -0.339646 6.594882 -0.765686
v -0.251133 6.569793 -0.806126
v -0.326874 6.831769 -0.698993
v -0.213225 6.840824 -0.741337
v 0.107260 8.081973 -0.094378
v 0.061749 8.087259 -0.078371
v 0.073314 8.077099 -0.053063
v 0.120333 8.071927 -0.062032
v 0.047670 8.083697 -0.049644
v 0.042133 8.087413 -0.068818
v 0.016238 8.070037 -0.054459
v 0.179672 8.060041 -0.113141
v 0.191237 8.051095 -0.075276
v 0.269431 8.007065 -0.092673
v 0.261638 8.006297 -0.140440
v 0.340843 7.920103 -0.120952
v 0.331290 7.918672 -0.178767
v 0.384589 7.801387 -0.153745
v 0.373527 7.801407 -0.215108
v 0.381824 7.650437 -0.182401
v 0.376790 7.652666 -0.233234
v 0.367493 7.509142 -0.206857
v 0.369504 7.511506 -0.250646
v 0.391640 7.321354 -0.279247
v 0.386611 7.311217 -0.247424
v 0.416562 7.130947 -0.338372
v 0.424104 7.142737 -0.361153
v 0.458072 6.961501 -0.457465
v 0.461843 6.966845 -0.472616
v 0.474687 6.867746 -0.519340
v 0.478207 6.869661 -0.527411
v 0.484777 6.756174 -0.567815
v 0.251494 6.506505 -0.761621
v 0.176841 6.305797 -0.721119
v 0.121503 6.506360 -0.772693
v 0.254686 6.864564 -0.613356
v 0.058568 6.871000 -0.661223
v 0.208082 7.691850 -0.366112
v 0.092421 7.699964 -0.426589
v -0.371182 7.099010 -0.311365
v -0.367919 7.099032 -0.269117
v -0.335771 7.498802 -0.223816
v -0.325212 7.497344 -0.186579
v -0.386491 6.970775 -0.348028
v -0.382966 6.969790 -0.390260
v -0.413889 6.865033 -0.443923
v -0.407101 6.867613 -0.479659
v -0.454842 6.759896 -0.538248
v -0.449060 6.771698 -0.562019
v -0.462117 6.665752 -0.590982
v -0.463117 6.672601 -0.607660
v -0.443245 6.576420 -0.619136
v -0.444502 6.573532 -0.608037
v -0.406019 6.502124 -0.608230
v 0.156198 6.467469 -0.820231
v 0.088093 6.261798 -0.741244
v 0.065187 6.462976 -0.828025
v 0.013347 6.790565 -0.809628
v 0.201419 6.786055 -0.766815
v 0.010505 7.154316 -0.598686
v 0.227238 7.149965 -0.506090
v 0.204059 7.498464 -0.417428
v 0.000650 7.513203 -0.508179
v 0.417704 6.391728 -0.685875
v 0.411146 6.539514 -0.735837
v 0.447103 6.540977 -0.696121
v 0.383430 6.811636 -0.666014
v 0.447814 6.799487 -0.606025
v 0.327808 7.125462 -0.414751
v 0.373817 7.124026 -0.288000
v 0.288287 7.586916 -0.286474
v 0.336558 7.619986 -0.159217
v -0.363181 7.462997 -0.230325
v -0.383534 7.316422 -0.228917
v -0.378757 7.318941 -0.191235
v -0.374746 7.465396 -0.204208
v -0.365443 7.551859 -0.207001
v -0.374494 7.556107 -0.162323
v -0.354381 7.461776 -0.176999
v -0.357398 7.554486 -0.136650
v -0.345320 7.309261 -0.162940
v -0.389306 7.175598 -0.229558
v -0.389306 7.175618 -0.265766
v -0.410151 7.053197 -0.314816
v -0.401352 7.057320 -0.347056
v -0.444573 6.914726 -0.451067
v -0.431751 6.925081 -0.468288
v -0.358371 7.165645 -0.210103
v -0.385507 7.018951 -0.318918
v -0.424203 6.886779 -0.433624
v -0.478469 6.762375 -0.585045
v -0.468664 6.769189 -0.605238
v -0.517925 6.642690 -0.628444
v -0.514410 6.643064 -0.595259
v -0.475704 6.745521 -0.563730
v -0.524205 6.581568 -0.607636
v -0.520182 6.582841 -0.584513
v -0.517914 6.522005 -0.583317
v -0.517160 6.524653 -0.571279
v -0.495527 6.451897 -0.557375
v -0.388573 7.791786 -0.031378
v -0.321692 7.928157 -0.026527
v -0.325212 7.930529 -0.097987
v -0.379271 7.792545 -0.109349
v -0.395870 7.691731 -0.047760
v -0.383545 7.695111 0.024492
v -0.373237 7.783567 0.052239
v -0.379025 7.699558 -0.126839
v -0.305345 7.926497 0.057990
v -0.384305 7.618475 -0.101448
v -0.375751 7.627954 -0.171502
v -0.371226 7.614846 -0.043557
v -0.218100 8.003254 0.046197
v -0.227151 8.024315 -0.082892
v -0.136134 8.068780 -0.070028
v -0.119284 8.065904 0.032618
v -0.074030 8.078503 -0.059623
v -0.066231 8.085291 0.018226
v -0.026759 8.070198 -0.044398
v -0.022485 8.080961 -0.000819
v -0.002618 8.064270 -0.037765
v -0.013931 8.062582 -0.017623
v 0.275722 7.628131 0.300670
v 0.242279 7.618552 0.330499
v 0.266671 7.515173 0.282368
v 0.242530 7.725686 0.331293
v 0.199031 7.724476 0.349920
v 0.269186 7.720725 0.304211
v 0.248061 7.801569 0.296376
v 0.223926 7.805100 0.328006
v 0.183443 7.923205 0.291405
v 0.206824 7.918235 0.263826
v 0.129384 8.016095 0.219503
v 0.152514 8.012780 0.200950
v 0.089656 8.065653 0.142263
v 0.069291 8.070922 0.157265
v 0.100718 8.013241 0.229607
v 0.050687 8.067062 0.167385
v 0.145977 7.916425 0.307606
v 0.046413 8.084741 0.109263
v 0.024535 8.084099 0.131909
v 0.009701 8.085416 0.088634
v 0.000148 8.084571 0.098705
v -0.017205 8.064619 0.077904
v 0.175901 7.802836 0.343632
v 0.231720 7.924863 0.238067
v 0.289047 7.802770 0.245559
v 0.327010 7.808848 0.185612
v 0.262643 7.934054 0.184105
v 0.171878 8.011086 0.189411
v 0.201545 8.019442 0.146022
v 0.098706 8.072506 0.130587
v 0.114802 8.074980 0.096848
v 0.308909 7.618940 0.229402
v 0.345872 7.614014 0.173152
v 0.035345 8.089566 0.096614
v 0.037105 8.093752 0.075425
v 0.295835 7.519764 0.223451
v 0.328524 7.509918 0.174320
v 0.286784 7.438121 0.213196
v 0.311171 7.424428 0.174688
v 0.003416 8.085715 0.076057
v 0.005679 8.088084 0.066962
v -0.015445 8.067977 0.067787
v 0.272202 7.358080 0.208446
v 0.285527 7.344118 0.184526
v 0.230965 7.245126 0.221324
v -0.022234 8.089231 0.013134
v -0.002618 8.067789 -0.037822
v -0.031284 8.092159 0.007550
v -0.056426 8.101360 0.048141
v -0.070505 8.107734 0.037981
v -0.103696 8.092980 0.090021
v -0.119033 8.099809 0.076836
v -0.148453 8.067722 0.114566
v -0.161024 8.071614 0.106457
v -0.187422 8.035949 0.140226
v -0.198741 8.038805 0.130122
v -0.224134 7.974890 0.158807
v -0.000858 8.084305 0.082114
v -0.012926 8.073401 0.061163
v -0.010412 8.084361 0.085634
v 0.004924 8.089053 0.127304
v 0.019758 8.093473 0.120690
v 0.037357 8.082322 0.178203
v 0.051441 8.086788 0.174109
v 0.067280 8.054368 0.222409
v 0.079599 8.056800 0.217341
v 0.086387 8.018273 0.261214
v 0.097449 8.018697 0.256178
v 0.096947 7.988026 0.287850
v 0.103489 7.988463 0.283819
v 0.114551 7.943200 0.315228
v 0.034591 8.092888 0.021624
v 0.038614 8.097292 0.014010
v -0.009406 8.063878 0.000461
v 0.075828 8.097639 0.035629
v 0.081359 8.103000 0.024982
v 0.153520 8.076719 0.048537
v 0.160313 8.081567 0.036893
v 0.206573 8.037642 0.057714
v 0.213110 8.044559 0.050059
v 0.250324 7.991958 0.062973
v 0.257364 7.996402 0.057873
v 0.304132 7.939673 0.064316
v -0.022988 8.085615 0.007152
v -0.008903 8.066052 -0.020696
v -0.031033 8.088527 0.000568
v -0.068493 8.092327 0.049292
v -0.081069 8.094120 0.035686
v -0.125318 8.076303 0.085260
v -0.136637 8.070515 0.069255
v -0.175354 8.049006 0.107826
v -0.184657 8.044735 0.092305
v -0.228408 8.002122 0.132220
v -0.235950 8.000403 0.119167
v -0.273164 7.927822 0.140453
v 0.011964 7.591691 0.411901
v -0.048129 7.667832 0.424256
v -0.053157 7.587654 0.410960
v -0.082321 7.662976 0.403716
v -0.065728 7.747239 0.420467
v -0.022736 7.744233 0.421521
v -0.005635 7.661758 0.421840
v -0.091377 7.742829 0.396399
v -0.019463 7.537649 0.397682
v 0.024283 7.542806 0.405646
v -0.028267 7.819383 0.403216
v -0.065476 7.823867 0.400629
v -0.090874 7.821087 0.384079
v -0.025250 7.894286 0.369828
v -0.056426 7.898810 0.369755
v -0.081321 7.895073 0.356232
v -0.066482 7.950669 0.310582
v -0.043101 7.953408 0.324619
v -0.024999 8.007725 0.261886
v -0.015445 7.947862 0.323702
v -0.004881 8.003758 0.265470
v 0.004170 8.068196 0.175413
v -0.043604 8.004985 0.247849
v -0.021479 8.066559 0.167393
v -0.001864 8.082092 0.101260
v -0.016954 8.082092 0.101260
v -0.016954 8.067708 0.082381
v -0.028016 8.083095 -0.118541
v -0.008149 8.082962 -0.095400
v -0.001612 8.096135 -0.151941
v 0.025792 8.100373 -0.107246
v 0.061498 8.098072 -0.125319
v 0.016992 8.099786 -0.175138
v 0.113042 8.071028 -0.243577
v 0.079851 8.067432 -0.279224
v 0.189980 7.999355 -0.321888
v 0.135418 8.001698 -0.364174
v 0.239262 7.915604 -0.369831
v 0.182940 7.910134 -0.428587
v 0.285276 7.905568 -0.305798
v 0.223926 7.993885 -0.255413
v 0.138686 8.064857 -0.189160
v 0.219903 7.799380 -0.466542
v 0.280248 7.796741 -0.411679
v 0.229954 7.660955 -0.477788
v 0.284265 7.661183 -0.430514
v 0.310668 7.658206 -0.363080
v 0.310920 7.793444 -0.335176
v 0.296338 7.491062 -0.441962
v 0.254604 7.494321 -0.493309
v 0.319490 7.265469 -0.472125
v 0.273733 7.270891 -0.517461
v 0.265720 7.063720 -0.607103
v 0.313997 7.061932 -0.589479
v 0.347402 7.260583 -0.423781
v 0.317457 7.485962 -0.379019
v 0.339641 7.055964 -0.544140
v 0.294163 6.904146 -0.708885
v 0.244881 6.898032 -0.714848
v 0.324332 6.899017 -0.675633
v 0.275345 6.772129 -0.798339
v 0.237376 6.768144 -0.794274
v 0.307526 6.763731 -0.785168
v 0.260780 6.664067 -0.836835
v 0.289441 6.656074 -0.832219
v 0.229096 6.661045 -0.836803
v 0.244957 6.548183 -0.855636
v 0.265573 6.544733 -0.849563
v 0.237934 6.423660 -0.838124
v 0.200217 6.430130 -0.843737
v 0.175589 6.295423 -0.792920
v 0.218302 6.551205 -0.854668
v -0.430510 7.025906 -0.365776
v -0.390311 7.195296 -0.260999
v -0.399368 7.220983 -0.296045
v -0.435538 7.039782 -0.422776
v -0.334263 7.478863 -0.177755
v -0.357901 7.484743 -0.222098
v -0.386819 7.662527 -0.180081
v -0.373489 7.659683 -0.136284
v -0.384802 7.799806 -0.158245
v -0.377763 7.791184 -0.099772
v -0.347085 7.794710 -0.225059
v -0.301323 7.924917 -0.196971
v -0.326972 7.934287 -0.145821
v -0.241481 8.031637 -0.128275
v -0.322949 7.928817 -0.079347
v -0.225139 8.020032 -0.067736
v -0.225894 8.008774 -0.174179
v -0.364438 7.663000 -0.246978
v -0.364689 7.482294 -0.285433
v -0.382266 7.241210 -0.363199
v -0.392290 7.037574 -0.479578
v -0.132866 8.074665 -0.142041
v -0.142168 8.081309 -0.104426
v -0.134626 8.066867 -0.063963
v -0.070505 8.087235 -0.079879
v -0.075035 8.076532 -0.057077
v -0.074784 8.080914 -0.129066
v -0.028519 8.087364 -0.071835
v -0.036061 8.070693 -0.044909
v -0.002618 8.064270 -0.037765
v 0.001405 8.065813 -0.066963
v -0.458389 6.883700 -0.562336
v -0.422935 6.884280 -0.598045
v -0.472222 6.871354 -0.502343
v -0.504108 6.721033 -0.637884
v -0.488018 6.729679 -0.673690
v -0.457591 6.718382 -0.694679
v -0.480699 6.569324 -0.712095
v -0.453290 6.551515 -0.730498
v -0.449502 6.445610 -0.712694
v -0.464341 6.447864 -0.691100
v -0.419065 6.346915 -0.679886
v -0.028016 8.083095 -0.118541
v -0.008149 8.082962 -0.095400
v -0.501572 6.579693 -0.684553
v 0.425728 6.586934 -0.767051
v 0.409872 6.692115 -0.760201
v 0.437528 6.693003 -0.727020
v 0.404860 6.585147 -0.791171
v 0.381966 6.688515 -0.767206
v 0.354502 6.909109 -0.632000
v 0.402018 6.912940 -0.606896
v 0.383889 7.069432 -0.472388
v 0.423394 6.898863 -0.565487
v 0.407522 7.053189 -0.403789
v 0.328573 7.063341 -0.517075
v 0.384245 6.578573 -0.794116
v 0.408391 6.490659 -0.786074
v 0.397580 6.488538 -0.795605
v 0.332060 7.263108 -0.422804
v 0.377817 7.261530 -0.352877
v 0.315948 7.490527 -0.376572
v 0.359699 7.489936 -0.314702
v 0.299852 7.670562 -0.376845
v 0.339581 7.669654 -0.305415
v 0.366985 7.661920 -0.220302
v 0.349391 7.793378 -0.213974
v 0.329530 7.801225 -0.289036
v 0.367996 7.481961 -0.242163
v 0.288293 7.806145 -0.358519
v 0.390136 7.247070 -0.268198
v 0.253593 7.917255 -0.329621
v 0.297344 7.924986 -0.255313
v 0.317457 7.913652 -0.178183
v 0.208836 7.992062 -0.275002
v 0.240771 8.001457 -0.222344
v 0.133155 8.061135 -0.201673
v 0.151760 8.070360 -0.159573
v 0.256358 8.004822 -0.138405
v 0.174392 8.055209 -0.100989
v 0.047418 8.095892 -0.135844
v 0.074320 8.093367 -0.105122
v 0.094432 8.074805 -0.070628
v 0.018249 8.096725 -0.115239
v 0.043642 8.081565 -0.057158
v 0.001405 8.065813 -0.066963
v -0.008149 8.082962 -0.095400
v 0.376227 6.342221 -0.749182
v 0.380244 6.410238 -0.782142
v 0.396334 6.413803 -0.778663
v 0.384256 6.486516 -0.796590
v -0.442501 6.703993 -0.721675
v -0.410315 6.697655 -0.748757
v -0.413807 6.525961 -0.766919
v -0.393940 6.519745 -0.782938
v -0.385671 6.688990 -0.759719
v -0.365607 6.908871 -0.644104
v -0.405587 6.913247 -0.614991
v -0.360606 7.065972 -0.541786
v -0.399838 7.072993 -0.502148
v -0.424952 6.910210 -0.574727
v -0.422213 7.063771 -0.435144
v -0.378856 6.510744 -0.778809
v -0.360486 6.400877 -0.755432
v -0.383119 6.405415 -0.753974
v -0.368777 6.332713 -0.735041
v -0.361142 7.261394 -0.433879
v -0.394083 7.260029 -0.385077
v -0.345828 7.488430 -0.380572
v -0.376757 7.486781 -0.322211
v -0.342565 7.667683 -0.367255
v -0.368460 7.663314 -0.291746
v -0.371226 7.479874 -0.245164
v -0.381036 7.656469 -0.214191
v -0.351359 7.799911 -0.276945
v -0.360913 7.794108 -0.199899
v -0.292523 7.936971 -0.260534
v -0.306602 7.930649 -0.184491
v -0.218351 8.020406 -0.232706
v -0.228156 8.015041 -0.159690
v -0.202764 8.003464 -0.285243
v -0.260594 7.921941 -0.319639
v -0.310876 7.798294 -0.346323
v -0.129843 8.083399 -0.193481
v -0.143425 8.073245 -0.136486
v -0.053409 8.084594 -0.119068
v -0.116518 8.070786 -0.226978
v -0.037067 8.099324 -0.172616
v -0.013429 8.087686 -0.145770
v -0.028016 8.083095 -0.118541
v -0.397105 7.248600 -0.298926
v 0.416824 7.013539 -0.357029
v 0.420596 7.032117 -0.400007
v 0.391902 7.233499 -0.267510
v 0.381588 7.224331 -0.200501
v 0.349637 7.485709 -0.192930
v 0.365482 7.489467 -0.244787
v 0.373521 7.660072 -0.209712
v 0.366231 7.650051 -0.142164
v 0.340084 7.658195 -0.266011
v 0.350900 7.483232 -0.291970
v 0.370532 7.227254 -0.320738
v 0.377353 7.023564 -0.440133
v 0.435713 6.878943 -0.549152
v 0.405795 6.878563 -0.580330
v 0.452055 6.868463 -0.501247
v 0.475228 6.729208 -0.639421
v 0.468446 6.733430 -0.666125
v 0.482541 6.628161 -0.680516
v 0.473993 6.632478 -0.698668
v 0.430226 6.729095 -0.692730
v 0.444075 6.627222 -0.718223
v 0.468479 6.518230 -0.706420
v 0.480546 6.518399 -0.691834
v 0.468233 6.452085 -0.685554
v 0.453651 6.453404 -0.702165
v 0.453645 6.517607 -0.716977
v 0.449382 6.398864 -0.677905
v 0.341598 7.790494 -0.237060
v 0.361459 7.784711 -0.096148
v 0.302372 7.913945 -0.191263
v 0.314440 7.922677 -0.054607
v 0.232223 8.008674 -0.149027
v 0.234737 8.004590 -0.027252
v 0.143212 8.065588 -0.112225
v 0.150251 8.038052 -0.010691
v 0.091164 8.079637 -0.083277
v 0.088901 8.063271 -0.006067
v 0.032077 8.081444 -0.064700
v 0.036854 8.081431 -0.002839
v -0.002618 8.064270 -0.037765
v -0.013931 8.063085 -0.017631
v 0.001405 8.065813 -0.066963
v 0.044904 8.080612 -0.241719
v 0.024283 8.069263 -0.259138
v -0.004629 8.087298 -0.169908
v 0.071051 8.060956 -0.306785
v 0.035597 8.050626 -0.323717
v 0.111534 8.007767 -0.393444
v 0.056721 7.999410 -0.412420
v 0.088901 7.906691 -0.486369
v 0.154023 7.916193 -0.458360
v 0.204059 7.909564 -0.401422
v 0.159056 7.988329 -0.350884
v 0.242028 7.798414 -0.432827
v 0.188974 7.803924 -0.496788
v 0.259878 7.667516 -0.443691
v 0.197522 7.669545 -0.507591
v 0.282762 7.493409 -0.453057
v 0.225434 7.497983 -0.517501
v 0.134166 7.499082 -0.544680
v 0.134691 7.266553 -0.578263
v 0.229479 7.266385 -0.553613
v 0.194314 7.064672 -0.651378
v 0.098772 7.061001 -0.662399
v 0.168697 6.913709 -0.748236
v 0.087737 6.911154 -0.750726
v 0.151394 6.725410 -0.836033
v 0.079484 6.721337 -0.839515
v 0.147650 6.567762 -0.857372
v 0.083283 6.565772 -0.854339
v 0.116808 7.667385 -0.549804
v 0.111534 7.798834 -0.531914
v 0.263961 7.060172 -0.609577
v 0.288818 7.258058 -0.499687
v 0.216515 6.723793 -0.802319
v 0.203715 6.578222 -0.822791
v 0.195669 6.471593 -0.812229
v 0.155203 6.458232 -0.848081
v 0.186897 6.371939 -0.786747
v 0.159996 6.351524 -0.812165
v 0.173081 6.272796 -0.748406
v 0.111720 6.350414 -0.820707
v 0.094613 6.451169 -0.849514
v 0.136620 6.265017 -0.768938
v 0.141649 6.265538 -0.767432
v 0.235830 6.909220 -0.704424
v 0.102226 8.056509 -0.270500
v 0.066023 8.076429 -0.220028
v 0.014478 8.096639 -0.151949
v -0.028016 8.083095 -0.118541
v -0.293277 7.925594 0.095727
v -0.306099 7.922549 0.031400
v -0.342308 7.861517 0.020311
v -0.343314 7.835541 0.094155
v -0.374494 7.769518 -0.008390
v -0.373483 7.710856 0.065476
v -0.284729 7.786745 0.187476
v -0.312133 7.637759 0.148632
v -0.239721 7.906381 0.183543
v -0.369963 7.620861 0.004558
v -0.337531 7.559162 0.046288
v -0.328480 7.545438 -0.025410
v -0.357141 7.592746 -0.054840
v -0.370226 7.685163 -0.049672
v -0.362929 7.647757 -0.094358
v -0.334520 7.568030 -0.168014
v -0.336028 7.588442 -0.181898
v -0.181137 8.000912 0.150846
v -0.217346 8.008736 0.074276
v -0.114507 8.073200 0.048594
v -0.095903 8.061617 0.110138
v -0.218854 7.996665 0.011598
v -0.128586 8.045577 -0.011818
v -0.058688 8.075971 0.095826
v -0.064974 8.093698 0.040721
v -0.026256 8.077812 0.085236
v -0.030279 8.090074 0.034242
v -0.019719 8.064627 0.078407
v -0.001612 8.074483 0.034492
v -0.022736 8.077234 -0.013332
v -0.013931 8.063085 -0.017631
v -0.069499 8.069685 -0.013714
v -0.365520 6.389398 -0.615493
v -0.431674 6.562930 -0.611939
v -0.377353 6.528339 -0.735258
v -0.418907 6.824334 -0.564629
v -0.324108 6.806384 -0.718799
v -0.345538 7.167106 -0.416310
v -0.249734 7.155942 -0.546417
v -0.160270 7.693546 -0.483826
v -0.283478 7.689514 -0.321318
v -0.419896 6.780535 -0.448459
v -0.447808 6.800960 -0.465289
v -0.481235 6.714773 -0.525667
v -0.462122 6.704323 -0.515988
v -0.362355 6.898430 -0.344248
v -0.392028 6.914233 -0.368077
v -0.370423 7.042681 -0.311668
v -0.337990 7.034194 -0.266299
v -0.350342 7.252946 -0.237627
v -0.304077 7.245140 -0.182201
v -0.446294 6.798499 -0.504486
v -0.482241 6.717990 -0.552356
v -0.393279 6.909533 -0.423844
v -0.367400 7.038879 -0.374485
v -0.339526 7.250165 -0.295426
v -0.495046 6.639713 -0.580632
v -0.483984 6.629393 -0.559897
v -0.474671 6.555155 -0.587211
v -0.330240 7.495248 -0.259972
v -0.316413 7.491596 -0.167382
v 0.419912 6.749635 -0.655754
v 0.386677 6.905598 -0.507233
v 0.269519 6.884438 -0.591974
v 0.272323 6.731646 -0.687742
v 0.260627 7.546264 -0.212946
v 0.203808 7.550026 -0.297995
v 0.053037 6.869644 -0.648634
v 0.186203 7.679534 -0.284447
v 0.071297 7.686221 -0.339872
v 0.050315 6.711661 -0.717704
v -0.151383 6.866098 -0.607368
v -0.096662 7.687675 -0.342918
v 0.070794 7.691003 -0.388231
v -0.173966 6.702835 -0.694484
v -0.340969 6.878529 -0.534102
v -0.364055 6.717848 -0.654434
v -0.214334 7.651181 -0.263395
v -0.119792 7.655202 -0.328835
v 0.336067 7.767071 0.089723
v 0.308154 7.770781 0.164097
v 0.312177 7.590736 0.164474
v 0.329781 7.575504 0.092800
v 0.300109 7.484481 0.156122
v 0.312177 7.468008 0.101063
v 0.283767 7.395001 0.158565
v 0.288544 7.371685 0.116188
v 0.263900 7.309658 0.168484
v 0.267426 7.289200 0.147183
v 0.222166 7.225066 0.193479
v 0.219663 7.329329 -0.321098
v 0.315691 7.591366 -0.291563
v 0.250587 7.310273 -0.241888
v 0.188220 7.568134 -0.500944
v 0.194779 7.200148 -0.278137
v 0.188220 7.568134 -0.500944
v 0.219663 7.329329 -0.321098
v 0.128641 7.338416 -0.393119
v 0.150781 7.205630 -0.357173
v 0.128641 7.338416 -0.393119
v 0.057245 7.204838 -0.416009
v 0.002170 7.335807 -0.436839
v 0.188220 7.568134 -0.500944
v -0.113501 7.561576 -0.535554
v 0.349637 7.628239 -0.024143
v 0.250587 7.310273 -0.241888
v 0.315691 7.591366 -0.291563
v 0.288801 7.286675 -0.163621
v 0.246826 7.193767 -0.229270
v -0.290769 7.582394 -0.352296
v -0.220100 7.324308 -0.317530
v -0.274411 7.300014 -0.253339
v -0.200982 7.200457 -0.290227
v -0.059421 7.204701 -0.425562
v -0.136620 7.339303 -0.400179
v 0.002170 7.335807 -0.436839
v -0.113501 7.561576 -0.535554
v -0.274411 7.300014 -0.253339
v -0.340045 7.606108 -0.036951
v -0.290769 7.582394 -0.352296
v -0.280444 7.302382 -0.188996
v -0.269874 7.186138 -0.232209
v -0.290769 7.582394 -0.352296
v -0.136620 7.339303 -0.400179
v -0.220100 7.324308 -0.317530
v -0.113501 7.561576 -0.535554
v -0.153962 7.207966 -0.368279
v -0.340045 7.648746 0.143929
v -0.356639 7.652458 0.061888
v -0.336777 7.505624 0.126107
v -0.356890 7.505410 0.050168
v -0.338034 7.416957 0.085282
v -0.320184 7.411611 0.128119
v -0.310876 7.328962 0.117880
v -0.304339 7.332804 0.137934
v -0.290763 7.280046 0.140793
v -0.287495 7.284232 0.151286
v -0.253297 7.229260 0.172793
v 0.396012 6.783563 -0.502251
v 0.438271 6.707309 -0.574803
v 0.457630 6.717795 -0.581460
v 0.427187 6.803046 -0.514037
v 0.347697 6.905506 -0.390059
v 0.381895 6.919351 -0.409839
v 0.369805 7.042277 -0.310618
v 0.330328 7.034317 -0.262748
v 0.362979 7.251821 -0.213443
v 0.312188 7.244468 -0.161047
v 0.425181 6.800636 -0.548709
v 0.457630 6.721053 -0.604629
v 0.384917 6.912210 -0.460041
v 0.370308 7.037970 -0.373929
v 0.352676 7.248082 -0.267203
v 0.454624 6.638340 -0.625313
v 0.461166 6.642148 -0.644467
v 0.459668 6.558630 -0.647537
v 0.339581 7.495302 -0.257951
v 0.334301 7.491626 -0.166869
v 0.006684 8.086098 0.068502
v -0.017960 8.065504 0.070341
v 0.001405 8.080301 0.083687
v -0.021228 8.054118 0.081593
v 0.045407 8.091279 0.077979
v 0.038865 8.085187 0.105736
v 0.119076 8.070967 0.097415
v 0.103735 8.067016 0.133189
v 0.192745 8.006198 0.166854
v 0.214115 8.017067 0.123425
v 0.240771 7.933890 0.205234
v 0.283516 7.938306 0.135759
v 0.331290 7.816601 0.167384
v 0.352911 7.826303 0.113916
v 0.367996 7.650426 0.123278
v 0.375287 7.661050 0.064264
v 0.360202 7.505949 0.083350
v 0.356179 7.509471 0.020930
v 0.343357 7.429928 0.016173
v 0.329781 7.503868 0.141724
v 0.310417 7.357664 0.119934
v 0.332798 7.350466 0.078807
v 0.278236 7.214603 0.137318
v 0.289550 7.207656 0.111782
v 0.286030 7.202663 0.082689
v 0.232474 7.089244 0.129273
v 0.220155 7.086802 0.165023
v 0.170118 6.989920 0.176636
v 0.171878 6.991014 0.182151
v 0.327513 7.346139 0.028582
v 0.199282 7.078424 0.175718
v 0.170621 7.031296 0.185024
v 0.329781 7.640620 0.170210
v 0.304886 7.811742 0.209207
v 0.026546 8.099365 -0.076051
v 0.000148 8.066827 -0.066476
v 0.035597 8.097014 -0.065955
v 0.101723 8.101758 -0.083633
v 0.107511 8.102487 -0.069563
v 0.188471 8.074004 -0.089222
v 0.198276 8.080853 -0.070222
v 0.269683 8.016910 -0.105911
v 0.273705 8.020023 -0.099927
v 0.316954 7.954995 -0.108940
v 0.371805 7.096740 -0.257989
v 0.347626 7.498829 -0.223805
v 0.341089 7.497867 -0.187079
v 0.378347 7.097210 -0.301240
v 0.381146 6.973620 -0.372650
v 0.379889 6.971176 -0.410846
v 0.401767 6.867615 -0.487661
v 0.395482 6.869765 -0.517863
v 0.429963 6.763478 -0.588518
v 0.424432 6.774823 -0.607755
v 0.419169 6.671273 -0.647821
v 0.419420 6.678162 -0.660974
v 0.370920 6.512108 -0.668638
v 0.354081 6.520671 -0.799494
v 0.319654 6.344251 -0.746695
v 0.283931 6.502006 -0.803813
v 0.264288 6.715813 -0.797194
v 0.356059 6.735810 -0.764729
v 0.240060 7.146546 -0.538231
v 0.342139 7.153572 -0.459861
v 0.287533 7.574046 -0.340093
v 0.191237 7.561204 -0.425902
v 0.396810 6.577161 -0.697544
v 0.338756 6.368431 -0.654934
v 0.320381 6.556461 -0.747604
v 0.311297 6.745336 -0.722596
v 0.419661 6.748972 -0.669824
v 0.405790 6.910751 -0.538976
v 0.297677 6.909211 -0.622950
v 0.261179 7.161351 -0.480577
v 0.344647 7.158342 -0.358835
v 0.211098 7.562840 -0.417380
v 0.290801 7.558024 -0.301632
v -0.012270 6.483347 -0.793773
v -0.055983 6.304138 -0.731177
v -0.110567 6.486918 -0.799138
v -0.135506 6.798024 -0.770998
v 0.059863 6.789292 -0.789492
v -0.140862 7.162016 -0.585215
v 0.107058 7.154867 -0.595672
v 0.068034 7.523451 -0.495252
v -0.114759 7.523925 -0.496769
v -0.030279 8.085546 0.065494
v -0.024748 8.080812 0.084182
v -0.009657 8.065958 0.067317
v -0.007143 8.054053 0.077571
v -0.050392 8.084035 0.096702
v -0.061705 8.087614 0.068981
v -0.105959 8.066782 0.118604
v -0.118530 8.071714 0.081311
v -0.184405 8.011916 0.147149
v -0.203015 8.021715 0.099715
v -0.285232 7.934797 0.105134
v -0.256068 7.926254 0.168137
v -0.340045 7.817098 0.135688
v -0.313396 7.808211 0.177576
v -0.344822 7.642592 0.136479
v -0.372729 7.650590 0.102154
v -0.344571 7.508780 0.103426
v -0.366946 7.511109 0.060638
v -0.320687 7.350862 0.103448
v -0.329738 7.346705 0.063781
v -0.260588 7.192224 0.121585
v -0.274924 7.183290 0.097584
v -0.228156 7.089852 0.135801
v -0.226899 7.089903 0.107638
v -0.268388 7.178297 0.068497
v -0.209300 7.089057 0.148889
v -0.153733 7.014073 0.177254
v -0.197730 7.031462 0.132715
v -0.195970 7.027099 0.142843
v -0.317921 7.344908 0.014521
v -0.336777 7.418665 0.003782
v -0.383294 7.661954 0.058215
v -0.361415 7.514792 0.007770
v -0.348342 7.827991 0.093774
v -0.302519 7.050620 -0.603952
v -0.239158 7.044179 -0.637061
v -0.287156 6.903973 -0.716961
v -0.231840 6.896169 -0.738995
v -0.277914 7.254392 -0.506701
v -0.338515 7.259782 -0.479118
v -0.270147 7.492212 -0.464621
v -0.335017 7.497326 -0.424964
v -0.258080 7.664216 -0.461245
v -0.317167 7.671806 -0.425656
v -0.292775 7.809198 -0.418920
v -0.238464 7.798601 -0.452449
v -0.241732 7.937020 -0.382748
v -0.200501 7.923391 -0.417233
v -0.150465 8.002651 -0.367206
v -0.180885 8.012328 -0.328634
v -0.262102 7.924186 -0.305091
v -0.206535 8.003305 -0.264114
v -0.313647 7.799039 -0.331243
v -0.345079 7.663413 -0.350591
v -0.355130 7.496468 -0.346997
v -0.090623 8.061085 -0.298740
v -0.104199 8.076214 -0.264782
v -0.120038 8.068896 -0.219404
v -0.064974 8.090496 -0.221260
v -0.076041 8.086886 -0.195549
v -0.034301 8.098587 -0.187188
v -0.045112 8.096827 -0.171570
v -0.023742 8.096827 -0.171570
v -0.033547 8.095033 -0.157958
v -0.014686 8.088196 -0.145276
v -0.057683 8.079559 -0.244720
v -0.027262 8.082743 -0.203026
v -0.016200 8.085045 -0.184959
v -0.000355 8.086739 -0.173419
v -0.365673 7.254959 -0.425745
v -0.349293 7.050684 -0.557687
v -0.333170 6.905990 -0.674745
v -0.340668 6.738602 -0.775368
v -0.297169 6.733266 -0.802963
v -0.246630 6.722571 -0.815412
v -0.340636 6.536421 -0.820841
v -0.304175 6.522129 -0.839787
v -0.277023 6.519079 -0.842766
v -0.307679 6.384683 -0.809052
v -0.331568 6.397336 -0.801657
v -0.323255 6.284776 -0.749582
v 0.000929 7.264487 -0.581258
v 0.103008 7.268317 -0.596390
v 0.076899 7.063169 -0.690087
v 0.006493 7.056872 -0.670401
v -0.000858 7.501456 -0.553770
v 0.103740 7.502314 -0.564344
v 0.085884 7.676180 -0.566541
v -0.003378 7.673142 -0.567497
v -0.006892 7.806125 -0.547621
v 0.076834 7.811664 -0.547207
v 0.055212 7.921102 -0.497161
v -0.019217 7.916099 -0.495572
v 0.031071 8.009269 -0.425150
v -0.024496 7.995162 -0.426432
v 0.156351 7.059365 -0.673442
v 0.110867 6.901968 -0.762178
v 0.051026 6.907894 -0.770303
v 0.060377 6.715252 -0.843971
v 0.018386 6.724714 -0.851125
v 0.008854 6.571260 -0.857423
v 0.038526 6.564790 -0.851814
v 0.173130 7.669628 -0.534753
v 0.198031 7.498727 -0.535119
v 0.197298 7.265580 -0.576236
v 0.081108 8.004118 -0.401432
v -0.024245 8.046362 -0.338735
v 0.017495 8.057033 -0.331866
v 0.048173 8.051777 -0.314683
v 0.009122 6.443728 -0.839375
v 0.031749 6.443734 -0.839375
v -0.019036 6.444336 -0.829830
v -0.034646 6.569473 -0.837289
v -0.029891 6.728004 -0.827022
v -0.011669 8.060580 -0.267548
v 0.032831 8.071882 -0.252643
v -0.014686 8.087694 -0.145268
v 0.034531 6.355017 -0.813216
v -0.001426 6.350053 -0.807129
v 0.035547 6.267897 -0.779539
v 0.127121 7.911897 -0.475389
v 0.161068 7.801614 -0.515364
v -0.009821 6.904155 -0.746120
v -0.303082 7.508644 0.188925
v -0.291769 7.635988 0.226613
v -0.328732 7.644795 0.179698
v -0.332252 7.506960 0.146709
v -0.247264 7.792320 0.252773
v -0.349096 7.649560 0.100662
v -0.315910 7.795410 0.132014
v -0.345325 7.504825 0.076328
v -0.195975 7.903887 0.247456
v -0.256823 7.916914 0.150183
v -0.305094 7.352879 0.135097
v -0.306351 7.349120 0.088886
v -0.271153 7.216905 0.123703
v -0.261845 7.219449 0.156853
v -0.231425 7.133514 0.161250
v -0.220614 7.139368 0.181277
v -0.283724 7.364586 0.175146
v -0.176360 7.074311 0.201431
v -0.175103 7.075365 0.204432
v -0.258074 7.288153 0.175870
v -0.279198 7.274266 0.156978
v -0.209552 7.185749 0.188075
v -0.232682 7.914014 0.220137
v -0.263359 7.919183 0.166239
v -0.329235 7.771493 0.177160
v -0.297300 7.767703 0.222989
v -0.178874 8.033306 0.132222
v -0.151470 8.017987 0.180745
v -0.110736 8.073059 0.102410
v -0.090372 8.066066 0.136725
v -0.314653 7.612084 0.209899
v -0.340297 7.612954 0.170151
v -0.047375 8.087929 0.088594
v -0.038324 8.086192 0.105720
v -0.307105 7.505740 0.196012
v -0.325966 7.499718 0.165432
v -0.021228 8.083332 0.084142
v -0.016451 8.081946 0.092210
v -0.011417 8.065689 0.081910
v -0.297300 7.417583 0.186867
v -0.313139 7.409629 0.161347
v -0.272662 7.331105 0.188758
v -0.282969 7.323274 0.170780
v -0.223631 7.250820 0.200106
v 0.225183 7.651806 0.334491
v 0.258621 7.653836 0.304280
v 0.257615 7.725370 0.311680
v 0.228954 7.548853 0.312503
v 0.250576 7.522218 0.282255
v 0.163079 7.725684 0.362472
v 0.231468 7.804753 0.306382
v 0.282259 7.802372 0.252109
v 0.190734 7.911579 0.288071
v 0.231971 7.916308 0.237701
v 0.173135 8.007559 0.188964
v 0.135921 8.007062 0.220654
v 0.096947 8.062118 0.141314
v 0.299355 7.723404 0.251863
v 0.156794 7.799861 0.346195
v 0.185203 7.650183 0.358656
v 0.217138 7.554221 0.333544
v 0.228200 7.557546 0.321421
v 0.270443 7.614957 0.294846
v 0.293070 7.616709 0.247038
v 0.270694 7.482967 0.249689
v 0.274717 7.450849 0.222546
v -0.017708 8.065633 0.078391
v 0.008947 8.082335 0.116342
v 0.020763 8.083744 0.109782
v 0.044904 8.068521 0.164344
v 0.066023 8.065830 0.153324
v 0.073565 8.010458 0.244235
v 0.112037 8.008684 0.227669
v 0.108768 7.947093 0.307114
v 0.136675 7.946786 0.288009
v 0.080353 7.945106 0.308654
v 0.089656 7.879829 0.346419
v 0.129887 7.885399 0.348844
v 0.160313 7.881938 0.321241
v 0.173890 7.804759 0.338070
v 0.146732 7.814382 0.373626
v 0.101729 7.811494 0.381718
v 0.194002 7.725976 0.349393
v 0.165090 7.726582 0.387105
v 0.220155 7.656996 0.344466
v 0.200288 7.646379 0.372295
v 0.140698 7.627501 0.386685
v 0.119579 7.722737 0.398230
v 0.178918 7.553172 0.362225
v 0.213618 7.555549 0.353638
v 0.243536 7.561641 0.325881
v 0.233480 7.558761 0.334477
v 0.121339 7.596672 0.408804
v 0.082616 7.592155 0.409379
v 0.101477 7.552076 0.387896
v 0.131395 7.553616 0.389883
v 0.108517 7.656771 0.424434
v 0.062755 7.648160 0.420549
v 0.090661 7.727252 0.428839
v 0.042390 7.722735 0.429415
v 0.076834 7.810479 0.412411
v 0.023780 7.804910 0.410489
v 0.125362 7.809946 0.379229
v 0.116814 7.883932 0.351382
v 0.069794 7.891828 0.373388
v 0.135418 7.725235 0.397184
v 0.144469 7.666796 0.391082
v 0.156542 7.605779 0.380999
v 0.021015 7.893896 0.376875
v 0.023026 7.949443 0.328203
v 0.065017 7.953992 0.329638
v 0.024032 8.003758 0.265470
v 0.057475 8.012224 0.260305
v 0.102232 7.948114 0.308103
v 0.079599 8.008455 0.244771
v 0.046916 8.068035 0.165358
v 0.021518 8.068724 0.176913
v 0.005427 8.085066 0.098195
v -0.007646 8.082092 0.101260
v -0.017708 8.065633 0.078391
v 0.162827 7.557387 0.374227
v -0.038575 7.889696 0.365879
v 0.001405 7.833987 0.404490
v -0.001612 7.895396 0.376348
v -0.042849 7.829300 0.394507
v 0.041631 7.889274 0.370914
v 0.050687 7.827776 0.393526
v 0.017998 7.733366 0.433770
v 0.064263 7.728112 0.419768
v -0.029273 7.736124 0.417628
v -0.026508 7.943273 0.319753
v 0.000650 7.949986 0.330709
v 0.005427 8.005827 0.268957
v 0.036602 7.945851 0.323735
v 0.031071 8.004189 0.260937
v 0.027803 8.065675 0.174950
v 0.000148 8.066153 0.173434
v 0.009450 8.082302 0.114331
v -0.008400 8.077866 0.119934
v -0.017708 8.065633 0.078391
v -0.013931 7.998204 0.264050
v -0.005132 7.647105 0.417549
v 0.036105 7.653876 0.432029
v 0.048676 7.597367 0.420862
v 0.013221 7.583600 0.409014
v 0.057224 7.549294 0.402524
v 0.022775 7.538200 0.400691
v 0.073314 7.656618 0.414882
v 0.080856 7.605745 0.410167
v 0.072811 7.551847 0.404998
v 0.092421 7.554743 0.397408
v -0.060700 8.100019 -0.129373
v -0.028016 8.083095 -0.118541
v -0.055168 8.101373 -0.138950
v -0.107970 8.114608 -0.160284
v -0.101434 8.111446 -0.169290
v -0.148453 8.105164 -0.184779
v -0.141916 8.102455 -0.196805
v -0.177617 8.088687 -0.208653
v -0.413540 6.351421 -0.637191
v -0.457067 6.542717 -0.619759
v -0.438200 6.530577 -0.714665
v -0.407588 6.827787 -0.653182
v -0.450339 6.828415 -0.559650
v -0.355595 7.141220 -0.435606
v -0.370182 7.138308 -0.305819
v -0.305351 7.593029 -0.313225
v -0.315413 7.613930 -0.159136
v -0.040587 8.100353 -0.171124
v -0.015445 8.092600 -0.152890
v -0.019719 8.098132 -0.184163
v -0.072521 8.097844 -0.233447
v -0.043352 8.099102 -0.249057
v -0.081572 8.081340 -0.321696
v -0.111742 8.083529 -0.310667
v -0.118278 8.054190 -0.383623
v -0.150716 8.053256 -0.379082
v -0.200501 7.782598 -0.509521
v -0.198238 7.668238 -0.526685
v -0.216340 7.780149 -0.505458
v -0.210557 7.887183 -0.479518
v -0.186416 7.889105 -0.485081
v -0.185159 7.980786 -0.444808
v -0.157253 7.979205 -0.449309
v -0.157253 7.979205 -0.449309
v -0.150716 8.053256 -0.379082
v -0.118278 8.054190 -0.383623
v -0.185159 7.980786 -0.444808
v 0.002410 8.084775 0.080095
v -0.012926 8.073401 0.061163
v -0.006389 8.084847 0.084620
v 0.015735 8.088981 0.122779
v 0.030820 8.089363 0.115224
v 0.042636 8.082736 0.172665
v 0.063257 8.079040 0.161661
v 0.074068 8.053337 0.220917
v 0.093930 8.050103 0.207391
v 0.120082 8.003501 0.249382
v 0.102729 8.004700 0.261432
v 0.137681 7.959371 0.288813
v 0.126870 7.958479 0.295867
v 0.147486 7.905544 0.319353
v -0.161395 6.707817 -0.699068
v -0.015560 6.699655 -0.755288
v -0.079375 6.325718 -0.690686
v -0.168031 7.180975 -0.506725
v 0.060525 7.171889 -0.548335
v -0.126078 7.697509 -0.422532
v 0.055710 7.700222 -0.474876
v -0.062536 6.434445 -0.814634
v -0.082633 6.268164 -0.754404
v -0.129668 6.439532 -0.808659
v -0.108588 6.693404 -0.817081
v -0.038685 6.682648 -0.835056
v -0.014090 6.875373 -0.755831
v -0.098324 6.884875 -0.759471
v -0.169982 6.885547 -0.744898
v -0.165664 6.694567 -0.802516
v -0.165986 7.037279 -0.667145
v -0.081255 7.037522 -0.688768
v -0.169544 7.252539 -0.571047
v -0.075757 7.253604 -0.604752
v -0.147694 7.500251 -0.533132
v -0.076036 7.501215 -0.569858
v -0.131357 7.673668 -0.533310
v -0.072521 7.678110 -0.571600
v -0.129340 7.805093 -0.517934
v -0.069750 7.812588 -0.552251
v -0.112747 7.907964 -0.469794
v -0.064219 7.924078 -0.499724
v -0.049386 8.004160 -0.430097
v -0.083081 7.990344 -0.413280
v 0.010483 7.246703 -0.595103
v 0.002727 7.030469 -0.690185
v 0.011969 7.498405 -0.556241
v -0.000109 7.673126 -0.568503
v -0.005132 7.806612 -0.548634
v -0.004881 7.918012 -0.501638
v -0.001361 7.999104 -0.431524
v -0.026256 8.052784 -0.345884
v 0.007690 8.050174 -0.351877
v -0.056426 8.046937 -0.334218
v -0.016200 8.068851 -0.284779
v -0.034050 8.063427 -0.278154
v -0.017960 8.080466 -0.219590
v 0.002410 8.076349 -0.225056
v -0.001864 8.085757 -0.171895
v 0.008193 8.064734 -0.290753
v -0.246094 6.500431 -0.758566
v -0.289965 7.140846 -0.506507
v -0.175059 7.146911 -0.545802
v -0.165134 6.489592 -0.784089
v -0.264868 7.544653 -0.353745
v -0.172091 7.558215 -0.389154
v -0.191510 6.299285 -0.714028
v 0.034591 8.085113 0.007160
v -0.002869 8.065461 -0.026218
v 0.025037 8.084237 0.015226
v 0.052950 8.114303 0.039887
v 0.073565 8.113542 0.023807
v 0.136927 8.099267 0.074331
v 0.144720 8.102885 0.049123
v 0.247056 8.040917 0.073759
v 0.253593 8.040155 0.057673
v 0.333050 7.952097 0.055064
v 0.333301 7.951960 0.046518
v 0.373527 7.881527 0.045134
v -0.342150 6.531078 -0.716176
v -0.266715 6.506265 -0.731979
v -0.294103 6.321890 -0.671044
v -0.185531 6.695683 -0.704460
v -0.363804 6.717779 -0.660468
v -0.340969 6.878435 -0.541644
v -0.149120 6.868612 -0.607397
v -0.240229 7.661119 -0.336473
v -0.076041 7.664007 -0.442635
v -0.056928 8.104333 -0.142517
v -0.028267 8.084586 -0.119570
v -0.047375 8.105137 -0.155103
v -0.116016 8.097119 -0.184650
v -0.127832 8.102891 -0.169656
v -0.192707 8.059052 -0.206165
v -0.200250 8.060818 -0.190101
v -0.247012 8.002997 -0.220357
v -0.250035 8.004162 -0.210816
v -0.299060 7.931390 -0.232283
v 0.016238 8.092896 0.022127
v -0.006641 8.070438 0.001864
v 0.008193 8.094534 0.030147
v 0.042133 8.104756 0.071728
v 0.057726 8.109631 0.062090
v 0.092673 8.098403 0.114576
v 0.104992 8.099751 0.104496
v 0.160313 8.061791 0.152383
v -0.002869 8.097499 -0.161015
v -0.027765 8.084626 -0.117056
v 0.005930 8.099615 -0.154511
v 0.056218 8.092532 -0.219784
v 0.042888 8.088275 -0.234299
v 0.104489 8.067392 -0.281738
v 0.089153 8.062504 -0.304295
v 0.175398 7.997298 -0.356057
v 0.148491 7.999465 -0.377716
v 0.196265 7.909071 -0.432090
v 0.226691 7.909548 -0.402427
v 0.253090 7.781491 -0.453180
v 0.224932 7.782029 -0.482356
v 0.257615 7.660673 -0.463702
v 0.230457 7.660684 -0.495384
v 0.269940 7.469260 -0.487402
v 0.249827 7.467405 -0.511013
v 0.268196 7.330572 -0.528292
v -0.080315 8.094954 -0.068940
v -0.025250 8.080958 -0.063686
v -0.074533 8.094200 -0.084517
v -0.140157 8.084057 -0.089886
v -0.138900 8.079290 -0.073214
v -0.231676 8.031789 -0.087538
v -0.239721 8.040052 -0.105277
v -0.336526 7.935186 -0.121194
v -0.329486 7.931398 -0.106550
v -0.396116 7.796709 -0.131543
v 0.010056 6.818178 -0.786310
v 0.156138 6.831039 -0.763826
v 0.121503 6.531408 -0.825281
v 0.045571 6.525885 -0.823711
v 0.048867 6.294000 -0.739601
v 0.293469 6.626839 -0.794169
v 0.157121 6.992041 -0.675258
v 0.273028 6.971934 -0.634272
v 0.181836 6.605929 -0.818076
v 0.230403 6.282805 -0.753541
v -0.351528 6.901211 -0.654072
v -0.295201 6.892098 -0.700727
v -0.352490 6.740763 -0.762316
v -0.295660 6.723815 -0.793803
v -0.388196 6.738192 -0.722563
v -0.379441 6.900316 -0.603266
v -0.338630 6.541620 -0.805811
v -0.301913 6.532808 -0.829349
v -0.312204 6.384975 -0.783409
v -0.355709 6.401973 -0.747397
v -0.318987 6.323195 -0.732412
v -0.374084 6.550740 -0.755630
v -0.357841 7.046474 -0.491758
v -0.287938 7.041655 -0.596800
v -0.036815 8.110474 -0.167258
v -0.018462 8.101244 -0.146994
v -0.021228 8.113799 -0.179386
v -0.054917 8.116974 -0.232245
v -0.040587 8.122391 -0.239373
v -0.070002 8.113265 -0.306619
v -0.060700 8.118171 -0.314241
v -0.087355 8.094708 -0.397355
v 0.221160 7.139148 0.198882
v 0.236245 7.137916 0.184820
v 0.258621 7.229244 0.171787
v 0.273962 7.228426 0.152182
v 0.287539 7.352692 0.154713
v 0.307149 7.346765 0.130166
v 0.280499 7.229530 0.127020
v 0.307903 7.344780 0.100528
v 0.240771 7.138121 0.166210
v 0.185957 7.086538 0.211293
v 0.181432 7.086603 0.215315
v 0.329027 7.499695 0.101057
v 0.321982 7.502334 0.171425
v 0.323239 7.641140 0.140023
v 0.195008 7.091786 0.193607
v 0.285527 7.634499 0.258828
v 0.280750 7.502649 0.222720
v 0.320474 7.796427 0.163685
v 0.249319 7.792307 0.282946
v 0.206070 7.913071 0.255360
v 0.260381 7.926189 0.164115
v 0.202550 8.005690 0.135180
v 0.143212 8.001671 0.198111
v 0.128127 8.055861 0.096149
v 0.085382 8.064159 0.143293
v 0.043893 8.087751 0.077533
v 0.025792 8.084205 0.107260
v 0.006684 8.083195 0.075595
v 0.002913 8.079416 0.091245
v -0.019719 8.064627 0.078407
v -0.017960 8.065504 0.070341
v 0.282259 7.421693 0.192333
v 0.307400 7.419725 0.163700
v 0.269688 7.355259 0.189376
v 0.283767 7.351393 0.167814
v 0.243536 7.262708 0.188851
v -0.222625 7.821822 0.304600
v -0.280958 7.819436 0.218638
v -0.244247 7.722298 0.308209
v -0.306602 7.720325 0.216710
v -0.162281 7.722481 0.350957
v -0.147699 7.822922 0.341801
v -0.185662 7.618222 0.341568
v -0.255057 7.618452 0.293282
v -0.195970 7.550498 0.321032
v -0.235950 7.544874 0.283903
v -0.177617 7.921885 0.271814
v -0.117524 7.916296 0.299562
v -0.120792 8.012302 0.202466
v -0.072767 7.998572 0.224311
v -0.167561 8.011761 0.168776
v -0.235950 7.917318 0.207009
v -0.064722 8.071288 0.148710
v -0.039581 8.064768 0.149821
v -0.031536 8.084555 0.097700
v -0.020222 8.082592 0.100749
v -0.019719 8.064627 0.078407
v -0.039832 8.084458 0.091667
v -0.093389 8.066376 0.124650
v -0.292523 7.653816 0.240408
v -0.287495 7.619623 0.240957
v -0.247264 7.542605 0.267847
v -0.264868 7.533086 0.238827
v -0.308613 7.621612 0.208237
v -0.292020 7.620524 0.234405
v -0.285484 7.550530 0.228991
v -0.298808 7.550215 0.209384
v -0.275427 7.470934 0.220715
v 0.378555 7.670081 0.031934
v 0.364476 7.808754 0.023170
v 0.362213 7.792903 0.100875
v 0.371007 7.687917 -0.035121
v 0.340341 7.618048 0.111226
v 0.312931 7.770665 0.188237
v 0.361454 7.612003 -0.033443
v 0.360699 7.657589 -0.077402
v 0.350648 7.565778 0.019523
v 0.360448 7.632338 -0.116741
v 0.340586 7.549158 -0.091294
v 0.310920 7.556401 -0.181454
v 0.314440 7.587449 -0.189983
v 0.293321 7.925217 0.040912
v 0.263398 7.902934 0.188130
v 0.203305 7.978132 0.172836
v 0.222920 8.007715 0.042102
v 0.121842 8.037944 0.139188
v 0.120082 8.064484 0.038173
v 0.037608 8.079772 0.113366
v 0.037357 8.090585 0.034737
v 0.014729 8.077081 0.102346
v 0.013724 8.081551 0.035887
v -0.019719 8.064627 0.078407
v -0.003372 8.074986 0.034484
v -0.014686 8.083119 0.102249
v -0.055420 8.066324 0.152813
v -0.019719 8.067079 0.168390
v -0.027262 8.084084 0.099719
v -0.019719 8.064627 0.078407
v -0.082075 8.000048 0.222276
v -0.035558 8.005146 0.257904
v -0.088612 7.953158 0.309033
v -0.054414 7.951292 0.318115
v -0.078052 7.895130 0.359751
v -0.116016 7.892860 0.343695
v -0.141414 7.887429 0.318638
v -0.111490 7.940656 0.282073
v -0.086349 7.827663 0.386487
v -0.129340 7.826391 0.369913
v -0.084589 7.748983 0.403843
v -0.131100 7.745759 0.391323
v -0.076790 7.665546 0.407195
v -0.115010 7.655403 0.401826
v -0.167561 7.735528 0.349239
v -0.151973 7.647791 0.366238
v -0.061705 7.598163 0.407774
v -0.091377 7.587938 0.397378
v -0.160521 7.821318 0.335792
v -0.056677 7.533060 0.393733
v -0.031284 7.536733 0.403229
v -0.122552 7.583585 0.376824
v -0.083081 7.533742 0.373601
v -0.071762 7.536361 0.380102
v 0.349386 7.465926 -0.170507
v 0.360962 7.311744 -0.169987
v 0.383091 7.305666 -0.211143
v 0.362968 7.471236 -0.219372
v 0.360699 7.574685 -0.195763
v 0.365476 7.568672 -0.135878
v 0.343603 7.559539 -0.103524
v 0.320725 7.450770 -0.141118
v 0.325261 7.304942 -0.151791
v 0.394181 7.112354 -0.215937
v 0.407757 7.112238 -0.265721
v 0.424875 6.976438 -0.348015
v 0.416327 6.976557 -0.378699
v 0.393951 6.957833 -0.307053
v 0.358726 7.107715 -0.184197
v 0.370756 7.674694 -0.142041
v 0.385086 7.666911 -0.059945
v 0.362465 7.794134 -0.104345
v 0.380064 7.791014 -0.016782
v 0.377801 7.663547 0.000855
v 0.366990 7.797326 0.063082
v 0.310166 7.929281 0.012177
v 0.295081 7.922416 0.085720
v 0.222669 8.014499 0.088767
v 0.216630 8.022970 0.021239
v 0.216127 8.026807 -0.053261
v 0.313183 7.934039 -0.067361
v 0.121842 8.072161 0.077783
v 0.127121 8.074856 0.026440
v 0.118322 8.064295 -0.036257
v 0.048173 8.096513 0.028104
v 0.033083 8.081141 -0.020938
v -0.014183 8.062574 -0.018125
v 0.044402 8.100508 0.057710
v -0.003372 8.074986 0.034484
v 0.429925 6.875316 -0.475180
v 0.452055 6.869074 -0.450963
v 0.478743 6.758926 -0.547224
v 0.451836 6.770758 -0.567475
v 0.487318 6.593259 -0.653964
v 0.470446 6.733067 -0.521282
v 0.501403 6.571011 -0.621023
v 0.481557 6.464046 -0.651490
v 0.493122 6.460658 -0.639885
v 0.464467 6.385773 -0.635010
v 0.430936 6.846313 -0.420008
v 0.409801 6.908432 -0.356899
v -0.002618 8.102567 -0.158581
v -0.027765 8.084626 -0.117056
v 0.006684 8.099129 -0.153497
v 0.057475 8.096140 -0.214304
v 0.047670 8.099903 -0.230463
v 0.108768 8.068573 -0.271196
v 0.098706 8.071764 -0.291369
v 0.185957 8.005581 -0.341606
v 0.165593 8.007318 -0.358732
v 0.225434 7.922507 -0.409676
v 0.245296 7.925765 -0.394642
v 0.266666 7.802769 -0.443464
v 0.287539 7.803075 -0.424353
v 0.273454 7.664795 -0.457225
v 0.294573 7.661028 -0.440570
v 0.278231 7.541360 -0.475397
v 0.298852 7.538126 -0.456235
v 0.299355 7.465782 -0.484837
v 0.288544 7.466620 -0.495914
v 0.300623 7.380663 -0.535448
vn 0.1147 -0.1968 -0.9737
vn 0.1307 0.0957 -0.9868
vn 0.1382 -0.0152 -0.9903
vn 0.0753 0.3014 -0.9505
vn 0.0672 0.3088 -0.9488
vn -0.2964 0.2701 -0.9161
vn -0.0198 0.2621 -0.9648
vn -0.3200 0.0643 -0.9452
vn -0.0118 0.1113 -0.9937
vn 0.2732 0.2627 -0.9254
vn 0.2735 0.1041 -0.9562
vn 0.1386 0.4209 -0.8964
vn -0.0910 0.4361 -0.8953
vn -0.0198 0.4597 -0.8879
vn -0.2178 0.4524 -0.8648
vn -0.3123 0.4445 -0.8396
vn -0.4303 0.4204 -0.7988
vn -0.3838 0.2851 -0.8783
vn -0.6040 0.2703 -0.7498
vn -0.7143 0.1437 -0.6849
vn -0.4778 0.1411 -0.8670
vn -0.7451 0.0962 -0.6600
vn -0.5018 0.1013 -0.8591
vn -0.5096 0.2991 -0.8068
vn -0.7134 0.2695 -0.6469
vn -0.4221 0.5367 -0.7306
vn -0.6436 0.5162 -0.5651
vn -0.2719 0.7590 -0.5915
vn -0.5259 0.7488 -0.4035
vn -0.1306 0.3081 -0.9423
vn -0.1779 0.1080 -0.9781
vn -0.2411 0.0522 -0.9691
vn -0.2493 0.2819 -0.9265
vn -0.1543 0.4888 -0.8587
vn -0.0039 0.6876 -0.7261
vn -0.0990 0.9082 -0.4066
vn -0.2483 0.9299 -0.2712
vn 0.1302 0.8566 -0.4993
vn 0.1067 0.9563 -0.2723
vn -0.0671 0.9803 -0.1856
vn 0.0590 0.9941 -0.0907
vn 0.2484 0.8971 -0.3654
vn 0.1062 0.9848 -0.1377
vn 0.0434 0.9981 -0.0437
vn 0.0355 0.9984 -0.0437
vn 0.0276 0.9968 -0.0752
vn -0.0904 -0.4942 -0.8646
vn -0.1065 -0.2991 -0.9483
vn -0.0432 -0.5017 -0.8639
vn 0.0672 -0.3145 -0.9469
vn -0.0590 -0.5730 -0.8174
vn -0.0671 -0.1261 -0.9898
vn -0.3116 -0.2512 -0.9164
vn -0.3278 -0.0466 -0.9436
vn 0.1702 -0.0313 -0.9849
vn -0.4615 -0.2111 -0.8617
vn -0.3989 0.0804 -0.9135
vn -0.4225 0.0488 -0.9050
vn -0.3520 0.2540 -0.9009
vn 0.2335 0.9493 0.2104
vn 0.1774 0.9542 0.2410
vn 0.1771 0.9523 0.2484
vn 0.2492 0.9487 0.1944
vn -0.0588 0.9651 0.2552
vn -0.0670 0.9621 0.2644
vn -0.4121 0.8643 0.2884
vn 0.4061 0.9118 0.0603
vn 0.4226 0.9052 0.0447
vn 0.6270 0.7758 -0.0716
vn 0.6522 0.7538 -0.0793
vn 0.8291 0.5413 -0.1397
vn 0.8527 0.5014 -0.1469
vn 0.9613 0.2310 -0.1501
vn 0.9700 0.1916 -0.1496
vn 0.9924 -0.0844 -0.0896
vn 0.9924 -0.0922 -0.0816
vn 0.9996 -0.0035 0.0277
vn 0.9990 -0.0033 0.0435
vn 0.9840 0.0143 0.1777
vn 0.9607 0.0864 0.2639
vn 0.9577 -0.0002 0.2878
vn 0.9440 -0.0314 0.3283
vn 0.9361 -0.0708 0.3446
vn 0.9200 -0.0785 0.3840
vn 0.1306 0.0957 -0.9868
vn 0.0752 -0.2127 -0.9742
vn 0.2499 0.3022 -0.9199
vn 0.3208 0.2592 -0.9110
vn -0.9922 0.1066 0.0653
vn -0.9922 0.0679 0.1050
vn -0.9844 0.0534 0.1678
vn -0.9844 0.0534 0.1679
vn -0.9853 0.1683 -0.0295
vn -0.9625 0.2623 -0.0699
vn -0.9234 0.3720 -0.0949
vn -0.9073 0.4113 -0.0875
vn -0.9539 0.2936 -0.0623
vn -0.9983 -0.0047 -0.0587
vn -0.9454 -0.3036 -0.1183
vn -0.9298 -0.3430 -0.1335
vn -0.8576 -0.4762 -0.1944
vn 0.1465 -0.1025 -0.9839
vn 0.0909 -0.3932 -0.9150
vn 0.1385 -0.1180 -0.9833
vn 0.2337 0.3184 -0.9187
vn 0.2335 0.3419 -0.9102
vn 0.3369 0.3898 -0.8571
vn 0.3448 0.3658 -0.8645
vn 0.3929 0.2369 -0.8886
vn 0.7333 -0.1936 -0.6517
vn 0.7337 0.0360 -0.6785
vn 0.7409 0.3777 -0.5553
vn 0.7410 0.4102 -0.5317
vn 0.8358 0.3874 -0.3890
vn 0.8771 0.2930 -0.3806
vn 0.9154 0.1889 -0.3555
vn -0.9785 0.1034 -0.1785
vn -0.9999 0.0116 -0.0041
vn -0.9044 0.0017 0.4267
vn -0.9705 0.0633 -0.2328
vn -0.9757 -0.1904 0.1087
vn -0.7639 -0.1277 0.6326
vn -0.8273 -0.4218 0.3711
vn -0.6623 -0.1038 0.7420
vn -0.8739 -0.1310 0.4681
vn -0.9929 0.1132 -0.0369
vn -0.9292 -0.1173 0.3504
vn -0.9155 0.3551 -0.1891
vn -0.9846 0.0997 0.1439
vn -0.8542 0.4494 -0.2614
vn -0.5833 -0.3079 0.7516
vn -0.6546 -0.3959 0.6440
vn -0.8266 -0.2250 0.5159
vn -0.9626 0.2710 0.0008
vn -0.8608 0.4171 -0.2917
vn -0.9687 0.2322 0.0875
vn -0.9696 0.2093 0.1271
vn -0.9282 0.0002 0.3720
vn -0.9906 -0.0025 0.1370
vn -0.9840 -0.1123 0.1384
vn -0.9761 -0.1671 0.1391
vn -0.9603 -0.2456 0.1321
vn -0.9691 0.2403 0.0550
vn -0.8073 0.5807 0.1049
vn -0.8276 0.5612 0.0106
vn -0.9704 0.2225 -0.0940
vn -0.9993 -0.0035 0.0360
vn -0.9841 -0.0168 0.1767
vn -0.9455 0.2659 0.1880
vn -0.9854 0.0722 -0.1543
vn -0.7829 0.5969 0.1754
vn -0.9681 -0.2462 0.0469
vn -0.9848 -0.0847 -0.1517
vn -0.9127 -0.3533 0.2052
vn -0.5781 0.8009 0.1563
vn -0.5847 0.7990 0.1403
vn -0.3888 0.9168 0.0913
vn -0.3730 0.9241 0.0833
vn -0.0983 0.9942 -0.0435
vn -0.0827 0.9952 -0.0514
vn 0.1933 0.9635 -0.1851
vn 0.2963 0.9508 -0.0904
vn 0.5492 0.8325 -0.0727
vn 0.8704 0.0040 0.4923
vn 0.6737 -0.1104 0.7307
vn 0.6341 -0.0782 0.7693
vn 0.6738 -0.1816 0.7162
vn 0.5714 0.1037 0.8141
vn 0.3578 0.0739 0.9309
vn 0.7301 0.1174 0.6731
vn 0.7461 0.3213 0.5831
vn 0.5484 0.3006 0.7804
vn 0.4613 0.5591 0.6889
vn 0.6683 0.5421 0.5094
vn 0.3441 0.7643 0.5455
vn 0.5107 0.7549 0.4115
vn 0.3826 0.8916 0.2421
vn 0.2241 0.9061 0.3589
vn 0.1538 0.7401 0.6546
vn 0.0748 0.8619 0.5016
vn 0.2320 0.5206 0.8216
vn 0.1061 0.9878 0.1138
vn 0.0592 0.9863 0.1541
vn -0.2083 0.9684 -0.1374
vn -0.2406 0.9558 -0.1692
vn -0.4703 0.7963 -0.3804
vn 0.3111 0.2628 0.9133
vn 0.6825 0.5250 0.5084
vn 0.8101 0.2339 0.5377
vn 0.8181 0.2023 0.5383
vn 0.6755 0.5336 0.5089
vn 0.4937 0.7535 0.4343
vn 0.4852 0.7682 0.4177
vn 0.2885 0.9175 0.2738
vn 0.2799 0.9227 0.2650
vn 0.8314 0.0050 0.5556
vn 0.0276 0.9851 0.1696
vn -0.0434 0.9846 0.1695
vn 0.8083 -0.1605 0.5665
vn 0.8083 -0.1604 0.5665
vn 0.8008 -0.1683 0.5748
vn -0.4525 0.8870 0.0920
vn -0.4364 0.8942 0.0997
vn -0.6952 0.7188 0.0002
vn 0.7931 -0.1999 0.5754
vn 0.7838 -0.2152 0.5825
vn 0.3897 0.9158 -0.0974
vn 0.4155 0.8873 -0.2002
vn 0.3838 0.9210 -0.0663
vn 0.2652 0.9489 0.1708
vn 0.2331 0.9477 0.2179
vn 0.0040 0.8865 0.4627
vn -0.0039 0.8749 0.4843
vn -0.1854 0.7790 0.5990
vn -0.2006 0.7766 0.5972
vn -0.3731 0.6509 0.6612
vn -0.3817 0.6443 0.6627
vn -0.4902 0.5172 0.7016
vn -0.1770 0.9602 -0.2160
vn -0.1542 0.9076 -0.3904
vn -0.2014 0.9766 0.0751
vn -0.2011 0.9754 0.0908
vn -0.1217 0.9129 0.3896
vn -0.1059 0.8972 0.4288
vn 0.0591 0.7868 0.6144
vn 0.0592 0.7868 0.6144
vn 0.2244 0.7154 0.6618
vn 0.2169 0.7166 0.6629
vn 0.3187 0.6369 0.7020
vn 0.3189 0.6450 0.6944
vn 0.3590 0.5837 0.7283
vn -0.4455 0.8596 0.2504
vn -0.3735 0.8816 0.2887
vn -0.5935 0.7924 0.1406
vn -0.0588 0.8977 0.4368
vn -0.0118 0.8913 0.4532
vn 0.2398 0.7836 0.5731
vn 0.2567 0.7639 0.5920
vn 0.3584 0.5751 0.7354
vn 0.3589 0.5837 0.7283
vn 0.3590 0.4198 0.8336
vn 0.3509 0.4274 0.8332
vn 0.3424 0.3877 0.8558
vn 0.3588 0.9244 -0.1292
vn 0.5180 0.8062 -0.2858
vn 0.3271 0.9407 -0.0900
vn -0.0432 0.9963 0.0745
vn -0.0746 0.9944 0.0743
vn -0.3667 0.9278 0.0679
vn -0.3900 0.9189 0.0601
vn -0.5227 0.8466 0.1004
vn -0.5399 0.8336 0.1167
vn -0.6890 0.6699 0.2767
vn -0.7046 0.6464 0.2928
vn -0.7742 0.5053 0.3810
vn -0.0353 -0.1998 0.9792
vn -0.2470 -0.0198 0.9688
vn -0.1137 -0.1686 0.9791
vn -0.5525 -0.0925 0.8284
vn -0.3413 0.0817 0.9364
vn -0.0039 0.1375 0.9905
vn 0.0196 -0.1134 0.9934
vn -0.6156 0.0087 0.7880
vn -0.0665 -0.2310 0.9707
vn -0.0666 -0.2310 0.9707
vn -0.0040 0.3173 0.9483
vn -0.3100 0.3010 0.9018
vn -0.5769 0.2519 0.7770
vn 0.0590 0.5053 0.8609
vn -0.2162 0.5282 0.8211
vn -0.4834 0.5106 0.7111
vn -0.4432 0.6956 0.5655
vn -0.1769 0.7070 0.6847
vn -0.1849 0.7923 0.5814
vn 0.1065 0.6703 0.7344
vn 0.0825 0.7607 0.6439
vn -0.1376 0.9069 0.3983
vn -0.4606 0.7516 0.4721
vn -0.1613 0.9223 0.3511
vn -0.0511 0.9930 -0.1064
vn -0.0435 0.9816 -0.1858
vn -0.0119 0.8097 -0.5868
vn -0.0355 0.9919 0.1221
vn -0.4521 0.7891 0.4159
vn -0.1618 0.9840 0.0750
vn -0.1693 0.9821 0.0827
vn 0.1147 0.9916 -0.0594
vn 0.0825 0.9931 -0.0828
vn 0.3446 0.9115 -0.2246
vn 0.2566 0.9068 -0.3344
vn 0.5363 0.7446 -0.3974
vn 0.4326 0.7501 -0.5002
vn 0.6706 0.5435 -0.5048
vn 0.5662 0.5404 -0.6224
vn 0.7727 0.5050 -0.3846
vn 0.6141 0.7447 -0.2616
vn 0.4372 0.8923 -0.1128
vn 0.6543 0.2703 -0.7063
vn 0.7903 0.2572 -0.5562
vn 0.6866 0.1438 -0.7127
vn 0.8286 0.0906 -0.5525
vn 0.9316 0.1096 -0.3466
vn 0.8917 0.2196 -0.3959
vn 0.8445 0.1231 -0.5212
vn 0.7258 0.1447 -0.6725
vn 0.7975 0.2187 -0.5623
vn 0.6392 0.2644 -0.7222
vn 0.3371 0.4779 -0.8112
vn 0.6383 0.3843 -0.6669
vn 0.8919 0.1889 -0.4108
vn 0.9230 0.1493 -0.3548
vn 0.8377 0.2681 -0.4758
vn 0.4005 0.4944 -0.7715
vn 0.0436 0.5486 -0.8349
vn 0.7340 0.3541 -0.5796
vn 0.2019 0.4296 -0.8801
vn -0.0674 0.4376 -0.8967
vn 0.4796 0.3755 -0.7931
vn 0.1148 0.2383 -0.9644
vn 0.2895 0.2076 -0.9344
vn -0.0435 0.2619 -0.9641
vn 0.1069 0.0401 -0.9935
vn 0.2415 -0.0466 -0.9693
vn 0.1146 -0.2676 -0.9567
vn 0.0910 -0.2442 -0.9655
vn 0.0829 -0.3772 -0.9224
vn -0.0197 -0.0153 -0.9997
vn -0.9850 0.1308 0.1121
vn -0.9531 0.1018 0.2850
vn -0.9848 0.1540 0.0803
vn -0.9314 0.3160 -0.1809
vn -0.9211 -0.1082 0.3740
vn -0.9841 -0.0879 0.1542
vn -0.9998 -0.0196 0.0042
vn -0.9527 -0.1489 0.2650
vn -0.9711 0.1984 -0.1330
vn -0.9696 0.1870 0.1579
vn -0.8623 0.2489 -0.4411
vn -0.7215 0.5090 -0.4695
vn -0.8238 0.5454 -0.1546
vn -0.5948 0.7982 -0.0955
vn -0.8291 0.5332 0.1683
vn -0.5854 0.7628 0.2746
vn -0.5235 0.7291 -0.4408
vn -0.9690 -0.0078 -0.2471
vn -0.9931 0.0891 -0.0759
vn -0.9483 0.2292 -0.2195
vn -0.7285 0.4862 -0.4826
vn -0.2325 0.9294 -0.2868
vn -0.3041 0.9524 0.0203
vn -0.3271 0.8768 0.3525
vn -0.0749 0.9840 0.1616
vn -0.1218 0.8985 0.4216
vn -0.0275 0.9921 -0.1220
vn 0.2319 0.9579 0.1694
vn 0.1376 0.8996 0.4144
vn -0.1844 0.9787 0.0902
vn -0.0747 0.9595 0.2715
vn -0.8010 0.4489 -0.3962
vn -0.5559 0.5562 -0.6178
vn -0.9619 0.2620 -0.0778
vn -0.9092 0.2440 -0.3374
vn -0.7293 0.3440 -0.5914
vn -0.5173 0.3107 -0.7974
vn -0.7137 0.0511 -0.6986
vn -0.6018 -0.0131 -0.7985
vn -0.7914 -0.2937 -0.5362
vn -0.8055 -0.2851 -0.5195
vn -0.7748 -0.4030 -0.4872
vn -0.8546 0.0531 -0.5166
vn 0.7416 0.0996 -0.6634
vn 0.5272 0.3441 -0.7770
vn 0.7895 0.3075 -0.5312
vn 0.4561 0.0892 -0.8854
vn 0.2101 0.3902 -0.8964
vn 0.3365 0.5730 -0.7473
vn 0.6308 0.5048 -0.5893
vn 0.8058 0.3715 -0.4611
vn 0.8693 0.3572 -0.3417
vn 0.9473 0.2393 -0.2130
vn 0.5281 0.5119 -0.6775
vn 0.1228 0.1036 -0.9870
vn 0.7016 -0.0754 -0.7086
vn 0.4079 -0.1172 -0.9055
vn 0.7496 0.2737 -0.6026
vn 0.9154 0.1895 -0.3552
vn 0.8368 0.1071 -0.5370
vn 0.9316 0.1099 -0.3465
vn 0.8527 0.1310 -0.5057
vn 0.9234 0.0695 -0.3776
vn 0.9700 0.0637 -0.2346
vn 0.9475 0.2142 -0.2374
vn 0.9006 0.2362 -0.3649
vn 0.9852 0.0729 -0.1554
vn 0.8363 0.2578 -0.4838
vn 0.9782 0.1527 -0.1406
vn 0.7244 0.5031 -0.4713
vn 0.8051 0.4986 -0.3214
vn 0.8670 0.4685 -0.1699
vn 0.5199 0.7434 -0.4208
vn 0.5992 0.7537 -0.2701
vn 0.3115 0.8982 -0.3102
vn 0.3686 0.9216 -0.1218
vn 0.6464 0.7559 -0.1034
vn 0.4449 0.8945 0.0447
vn 0.1068 0.9914 -0.0752
vn 0.1779 0.9782 0.1069
vn 0.2877 0.9225 0.2572
vn -0.1141 0.9532 0.2799
vn -0.0512 0.9318 0.3594
vn -0.0747 0.9595 0.2716
vn 0.2725 -0.4322 -0.8596
vn 0.2492 -0.3542 -0.9014
vn 0.2807 -0.3067 -0.9095
vn 0.0831 -0.1022 -0.9913
vn -0.6912 0.3045 -0.6553
vn -0.4933 0.3103 -0.8126
vn -0.6413 -0.0128 -0.7672
vn -0.3592 -0.1093 -0.9268
vn -0.2256 0.2783 -0.9336
vn -0.4543 0.4768 -0.7525
vn -0.6522 0.4390 -0.6180
vn -0.6033 0.4531 -0.6563
vn -0.8307 0.3290 -0.4491
vn -0.8539 0.3215 -0.4093
vn -0.9553 0.2216 -0.1955
vn 0.0594 -0.1258 -0.9903
vn -0.1222 -0.2674 -0.9558
vn -0.1697 -0.2675 -0.9485
vn -0.1301 -0.2910 -0.9478
vn -0.7768 0.2882 -0.5599
vn -0.9399 0.1809 -0.2895
vn -0.8862 0.1471 -0.4394
vn -0.9706 0.1028 -0.2177
vn -0.9093 0.1396 -0.3919
vn -0.9630 0.1340 -0.2340
vn -0.9999 0.0117 -0.0041
vn -0.9932 0.0811 -0.0837
vn -0.9162 0.2905 -0.2760
vn -0.9545 0.2771 -0.1105
vn -0.7851 0.5519 -0.2811
vn -0.8387 0.5382 -0.0835
vn -0.5878 0.7734 -0.2373
vn -0.6582 0.7525 -0.0239
vn -0.5341 0.7250 -0.4350
vn -0.7147 0.5177 -0.4704
vn -0.8382 0.3196 -0.4420
vn -0.3183 0.9369 -0.1447
vn -0.3830 0.9212 0.0681
vn -0.0588 0.9729 0.2238
vn -0.2638 0.8795 -0.3960
vn -0.0828 0.9846 0.1538
vn 0.1067 0.9561 0.2729
vn -0.9931 0.1134 -0.0290
vn 0.9925 0.1076 0.0580
vn 0.9007 0.3339 -0.2779
vn 0.9852 0.1534 -0.0772
vn 0.9761 0.1015 0.1923
vn 0.9753 -0.0878 0.2027
vn 0.9929 0.0499 -0.1075
vn 0.9852 0.0728 -0.1554
vn 0.9904 -0.0018 0.1381
vn 0.8844 0.0921 -0.4575
vn 0.9234 0.0698 -0.3775
vn 0.8220 0.2994 -0.4844
vn 0.5746 0.5755 -0.5819
vn 0.7500 0.5150 -0.4150
vn 0.4954 0.6068 -0.6216
vn 0.9537 0.2798 -0.1102
vn 0.9307 0.2787 -0.2368
vn 0.7493 0.3945 -0.5318
vn 0.9075 0.0945 -0.4092
vn 0.7417 0.1394 -0.6560
vn 0.5119 0.4242 -0.7470
vn 0.5354 0.1532 -0.8306
vn 0.6938 -0.1309 -0.7081
vn 0.8191 -0.0104 -0.5736
vn 0.7166 -0.2724 -0.6421
vn 0.7013 -0.2729 -0.6585
vn 0.5668 -0.0846 -0.8195
vn 0.6931 -0.3437 -0.6336
vn 0.9552 0.2390 -0.1743
vn 0.9613 0.2638 -0.0794
vn 0.8747 0.4776 -0.0829
vn 0.8431 0.5334 -0.0680
vn 0.6536 0.7568 0.0076
vn 0.6139 0.7888 0.0309
vn 0.4397 0.8858 0.1482
vn 0.4296 0.8896 0.1553
vn 0.3032 0.9362 0.1779
vn 0.2802 0.9461 0.1624
vn -0.1143 0.9906 0.0747
vn -0.0590 0.9965 0.0588
vn -0.1845 0.9787 0.0902
vn 0.1462 0.9732 -0.1776
vn 0.0276 0.9776 -0.2087
vn -0.2014 0.9314 -0.3033
vn -0.2879 0.9397 -0.1847
vn 0.1858 0.9237 -0.3351
vn -0.0512 0.9024 -0.4278
vn 0.3444 0.7795 -0.5233
vn 0.1067 0.7604 -0.6406
vn 0.2655 0.5301 -0.8053
vn 0.4792 0.5475 -0.6861
vn 0.6781 0.5272 -0.5121
vn 0.5839 0.7210 -0.3731
vn 0.7337 0.2796 -0.6193
vn 0.5750 0.2771 -0.7698
vn 0.7342 0.1366 -0.6650
vn 0.5751 0.0787 -0.8143
vn 0.7181 0.1447 -0.6807
vn 0.5435 0.1186 -0.8310
vn 0.3209 0.1089 -0.9408
vn 0.2100 0.2608 -0.9423
vn 0.4642 0.2545 -0.8484
vn 0.3370 0.4058 -0.8496
vn 0.0909 0.4674 -0.8794
vn 0.2577 0.4296 -0.8655
vn 0.0198 0.4600 -0.8877
vn 0.2417 0.2627 -0.9341
vn -0.0039 0.2622 -0.9650
vn 0.2654 0.0485 -0.9629
vn -0.0039 0.0005 -1.0000
vn 0.4005 0.1089 -0.9098
vn 0.3845 0.2514 -0.8882
vn 0.5592 0.3277 -0.7616
vn 0.6629 0.2009 -0.7212
vn 0.4876 0.2403 -0.8393
vn 0.5352 0.0182 -0.8445
vn 0.6539 -0.1156 -0.7477
vn 0.3681 -0.1805 -0.9121
vn 0.7329 -0.2645 -0.6268
vn 0.4635 -0.3459 -0.8158
vn 0.7629 -0.3342 -0.5534
vn 0.1305 -0.3780 -0.9166
vn 0.0435 -0.1888 -0.9810
vn 0.1618 -0.4870 -0.8583
vn 0.1619 -0.4870 -0.8582
vn 0.4963 0.3837 -0.7788
vn 0.4083 0.8887 -0.2086
vn 0.2793 0.9544 -0.1058
vn -0.2488 0.9575 -0.1457
vn -0.7661 0.5591 0.3171
vn -0.7991 0.5958 0.0810
vn -0.9151 0.3755 0.1471
vn -0.8831 0.2692 0.3843
vn -0.9924 0.0993 0.0729
vn -0.9527 -0.0304 0.3024
vn -0.7964 0.1311 0.5904
vn -0.8664 -0.1216 0.4842
vn -0.7023 0.4754 0.5299
vn -0.9599 -0.2609 0.1021
vn -0.9032 -0.3679 0.2210
vn -0.8581 -0.5134 -0.0035
vn -0.9288 -0.3655 -0.0608
vn -0.9922 -0.1145 -0.0492
vn -0.9768 -0.1784 -0.1188
vn -0.9529 -0.2726 -0.1332
vn -0.9693 -0.1946 -0.1502
vn -0.5614 0.7326 0.3848
vn -0.6102 0.7781 0.1490
vn -0.4297 0.9029 0.0052
vn -0.3820 0.8751 0.2971
vn -0.6173 0.7810 -0.0952
vn -0.4770 0.8437 -0.2462
vn -0.1303 0.9485 0.2889
vn -0.1689 0.9856 -0.0119
vn 0.3350 0.8993 0.2812
vn 0.2949 0.9551 -0.0271
vn -0.0198 0.9998 0.0037
vn 0.6364 0.7712 0.0153
vn 0.3450 0.8958 -0.2801
vn -0.2481 0.9123 -0.3258
vn -0.8898 -0.3523 -0.2901
vn -0.9241 -0.0242 -0.3813
vn -0.9163 -0.0558 -0.3967
vn -0.8085 0.2895 -0.5124
vn -0.8010 0.2816 -0.5283
vn -0.7684 0.2963 -0.5672
vn -0.7527 0.3199 -0.5755
vn -0.7852 0.2080 -0.5833
vn -0.6380 -0.2934 0.7119
vn -0.9138 0.0946 0.3950
vn -0.9014 0.0009 0.4331
vn -0.5841 -0.2855 0.7598
vn -0.7249 -0.2076 0.6569
vn -0.9214 -0.0150 0.3883
vn -0.9523 -0.0787 0.2949
vn -0.7797 -0.1453 0.6091
vn -0.9604 -0.0631 0.2713
vn -0.7800 -0.1055 0.6168
vn -0.9147 0.4042 -0.0007
vn -0.9700 0.2399 0.0404
vn -0.9308 0.3649 -0.0241
vn -0.9856 0.1603 -0.0531
vn -0.9856 0.0962 -0.1388
vn -0.9204 -0.1566 0.3582
vn -0.8816 -0.2266 0.4140
vn -0.8968 -0.2584 0.3593
vn -0.9921 0.0682 0.1049
vn -0.9686 0.0311 0.2466
vn -0.2386 -0.6213 0.7464
vn -0.4815 -0.4963 0.7224
vn -0.3164 -0.4863 0.8145
vn -0.1840 -0.5350 0.8246
vn -0.6230 -0.3936 0.6759
vn -0.0117 -0.3997 0.9166
vn -0.2936 -0.3582 0.8863
vn 0.0039 -0.4636 0.8861
vn 0.2313 -0.4166 0.8792
vn 0.2155 -0.3109 0.9257
vn 0.1684 -0.5032 0.8476
vn 0.3020 -0.4487 0.8411
vn 0.1924 -0.5522 0.8112
vn 0.3971 -0.3446 0.8506
vn 0.9515 -0.0781 0.2974
vn 0.9599 0.0005 0.2805
vn 0.9598 -0.0628 0.2736
vn 0.9597 -0.1263 0.2509
vn 0.9511 -0.1895 0.2438
vn 0.9192 -0.2356 0.3155
vn 0.9035 -0.2509 0.3473
vn 0.8547 -0.2964 0.4262
vn 0.7721 -0.2965 -0.5622
vn 0.9290 -0.2452 -0.2771
vn 0.9061 -0.1831 -0.3814
vn 0.5022 -0.3871 -0.7733
vn 0.8582 -0.3178 -0.4031
vn 0.7720 -0.2965 -0.5622
vn 0.4473 -0.3318 -0.8306
vn 0.6065 -0.1096 -0.7875
vn 0.4472 -0.3317 -0.8306
vn 0.3208 -0.0482 -0.9459
vn 0.0356 -0.2619 -0.9644
vn -0.3194 -0.4031 -0.8576
vn 0.9691 -0.1884 -0.1593
vn 0.9290 -0.2452 -0.2770
vn 0.8984 -0.0097 -0.4391
vn 0.8904 -0.0100 -0.4550
vn -0.8611 -0.2231 -0.4568
vn -0.6811 -0.2338 -0.6939
vn -0.9154 -0.1895 -0.3551
vn -0.6898 -0.2731 -0.6705
vn -0.2564 -0.0169 -0.9664
vn -0.5246 -0.2517 -0.8133
vn -0.3193 -0.4032 -0.8576
vn -0.9154 -0.1895 -0.3550
vn -0.9850 -0.1159 -0.1276
vn -0.8612 -0.2231 -0.4568
vn -0.9925 -0.0914 -0.0812
vn -0.5247 -0.2517 -0.8133
vn -0.6811 -0.2337 -0.6939
vn -0.3193 -0.4031 -0.8576
vn -0.6976 -0.0766 -0.7124
vn -0.9748 -0.0003 0.2232
vn -0.9748 -0.0004 0.2232
vn -0.9606 -0.0860 0.2641
vn -0.9603 -0.1095 0.2566
vn -0.9371 -0.1400 0.3199
vn -0.9367 -0.1241 0.3273
vn -0.9205 -0.1706 0.3514
vn -0.8807 -0.2875 0.3765
vn -0.8726 -0.3109 0.3768
vn -0.8330 -0.3728 0.4088
vn 0.5305 -0.4278 0.7319
vn 0.4984 -0.4270 0.7545
vn 0.8963 -0.0620 0.4391
vn 0.9029 0.0011 0.4298
vn 0.6185 -0.4451 0.6476
vn 0.9040 -0.1490 0.4006
vn 0.9279 -0.1735 0.3300
vn 0.7135 -0.3352 0.6153
vn 0.9438 -0.0786 0.3210
vn 0.7295 -0.1448 0.6685
vn 0.9296 0.3678 -0.0239
vn 0.9924 0.0920 0.0821
vn 0.9525 0.3043 -0.0155
vn 0.9924 0.1226 -0.0054
vn 0.9858 0.1132 -0.1242
vn 0.9600 -0.0877 0.2658
vn 0.9675 -0.0959 0.2342
vn 0.9438 -0.0791 0.3209
vn 0.9921 0.1229 0.0259
vn 0.9840 0.0146 0.1776
vn -0.4041 0.8866 0.2251
vn -0.6889 0.6850 0.2371
vn -0.4844 0.8428 0.2346
vn -0.6889 0.6849 0.2371
vn -0.0197 0.9761 0.2166
vn 0.0118 0.9762 0.2167
vn 0.3037 0.9079 0.2891
vn 0.5340 0.7386 0.4115
vn 0.5239 0.7511 0.4016
vn 0.6919 0.5415 0.4776
vn 0.7152 0.5174 0.4699
vn 0.8491 0.2328 0.4742
vn 0.9126 0.2385 0.3321
vn 0.9280 -0.0929 0.3609
vn 0.9915 -0.0019 0.1304
vn 0.9594 -0.1661 0.2278
vn 0.9921 -0.1230 -0.0257
vn 0.9837 -0.1708 -0.0565
vn 0.8485 -0.1616 0.5039
vn 0.8634 -0.1778 0.4721
vn 0.9600 -0.2064 0.1891
vn 0.8008 -0.1921 0.5672
vn 0.9109 -0.2911 0.2925
vn 0.9361 -0.3513 0.0175
vn 0.8872 -0.4353 0.1529
vn 0.8320 -0.3121 0.4586
vn 0.8784 -0.4341 0.2000
vn 0.8784 -0.4340 0.1999
vn 0.9676 -0.2421 -0.0712
vn 0.5472 -0.1403 0.8252
vn 0.4919 -0.1555 0.8566
vn 0.8248 -0.0265 0.5649
vn 0.7944 0.2107 0.5697
vn -0.3730 0.8045 0.4622
vn -0.5152 0.5960 0.6159
vn -0.2241 0.9286 0.2957
vn 0.0670 0.9949 -0.0750
vn 0.1300 0.9783 -0.1614
vn 0.3124 0.8515 -0.4211
vn 0.3288 0.8370 -0.4374
vn 0.4952 0.6203 -0.6083
vn 0.4866 0.6353 -0.5997
vn 0.5752 0.4693 -0.6700
vn 0.9904 -0.0023 0.1384
vn 0.9841 0.0539 0.1692
vn 0.9920 0.0686 0.1059
vn 0.9996 -0.0035 0.0278
vn 0.9764 0.2091 -0.0537
vn 0.9471 0.3041 -0.1027
vn 0.9305 0.3513 -0.1033
vn 0.9700 0.2086 -0.1250
vn 0.9780 0.1610 -0.1325
vn 0.9768 -0.1714 -0.1285
vn 0.9846 -0.1082 -0.1371
vn 0.9530 -0.2819 -0.1114
vn 0.1779 -0.0151 -0.9839
vn 0.1385 -0.3073 -0.9415
vn 0.1701 -0.1416 -0.9752
vn 0.2733 0.2867 -0.9182
vn 0.3049 0.3662 -0.8792
vn 0.4714 0.4302 -0.7699
vn 0.5037 0.3911 -0.7703
vn 0.5911 0.2864 -0.7541
vn 0.5261 -0.0136 -0.8503
vn 0.5744 -0.3214 -0.7528
vn 0.5431 -0.0848 -0.8354
vn 0.4720 0.3120 -0.8246
vn 0.4641 0.3598 -0.8094
vn 0.5595 0.5201 -0.6453
vn 0.5265 0.5264 -0.6676
vn 0.7260 0.3698 -0.5799
vn 0.7507 0.3306 -0.5720
vn 0.8132 0.1783 -0.5541
vn -0.0039 -0.1419 -0.9899
vn 0.0357 -0.3386 -0.9403
vn -0.0038 -0.1416 -0.9899
vn -0.0435 0.2860 -0.9573
vn -0.0277 0.3563 -0.9340
vn -0.0119 0.2346 -0.9720
vn 0.4077 0.9011 0.1478
vn 0.4866 0.8609 0.1484
vn 0.7724 0.6165 0.1526
vn 0.7725 0.6165 0.1526
vn -0.0512 0.9842 0.1695
vn -0.0669 0.9820 0.1769
vn -0.3505 0.8982 0.2652
vn -0.3435 0.9007 0.2659
vn -0.5633 0.7426 0.3624
vn -0.5617 0.7481 0.3533
vn -0.7340 0.5520 0.3955
vn -0.7201 0.5461 0.4281
vn -0.8676 0.2465 0.4319
vn -0.7816 0.2254 0.5816
vn -0.8273 -0.0263 0.5612
vn -0.9291 -0.0923 0.3583
vn -0.8820 -0.1536 0.4455
vn -0.9684 -0.1736 0.1792
vn -0.9043 -0.2173 0.3676
vn -0.9599 -0.2691 0.0788
vn -0.8107 -0.2066 0.5478
vn -0.9192 -0.3452 0.1894
vn -0.8731 -0.3270 0.3616
vn -0.8820 -0.4675 -0.0591
vn -0.9047 -0.4056 -0.1306
vn -0.6234 -0.1091 0.7743
vn -0.5762 -0.0850 0.8129
vn -0.8883 -0.4584 -0.0279
vn -0.9295 -0.3130 -0.1950
vn -0.9608 -0.2338 -0.1492
vn -0.9895 -0.0016 0.1448
vn -0.9834 -0.1770 -0.0403
vn -0.9142 0.2987 0.2738
vn -0.5183 0.4459 -0.7297
vn -0.3199 0.5074 -0.8001
vn -0.4145 0.4761 -0.7756
vn -0.2489 0.4834 -0.8393
vn -0.4069 0.3244 -0.8539
vn -0.6913 0.2476 -0.6788
vn -0.4860 0.1096 -0.8670
vn -0.7843 0.1368 -0.6051
vn -0.5092 0.0696 -0.8578
vn -0.7843 0.1365 -0.6052
vn -0.7614 0.3104 -0.5692
vn -0.4939 0.2593 -0.8300
vn -0.6756 0.5734 -0.4635
vn -0.4462 0.5375 -0.7156
vn -0.3604 0.7557 -0.5469
vn -0.5320 0.7790 -0.3317
vn -0.8307 0.5371 -0.1464
vn -0.6633 0.7402 -0.1100
vn -0.9317 0.2995 -0.2053
vn -0.9557 0.1098 -0.2731
vn -0.9479 0.0938 -0.3043
vn -0.1930 0.8792 -0.4356
vn -0.2792 0.9280 -0.2469
vn -0.4768 0.8783 -0.0338
vn -0.0275 0.9759 -0.2163
vn -0.3186 0.9479 -0.0034
vn 0.1852 0.9620 -0.2006
vn -0.1300 0.9898 0.0589
vn 0.2803 0.9589 -0.0430
vn 0.0830 0.9791 0.1858
vn 0.3116 0.9302 0.1942
vn 0.1697 0.9053 -0.3894
vn 0.4489 0.7919 -0.4140
vn 0.4701 0.7634 -0.4429
vn 0.3834 0.9108 -0.1530
vn -0.8861 0.1872 -0.4240
vn -0.7298 0.3278 -0.5999
vn -0.5880 0.4376 -0.6802
vn -0.5179 0.3270 -0.7905
vn -0.3521 0.3024 -0.8858
vn -0.1858 0.2857 -0.9401
vn -0.4856 0.0413 -0.8732
vn -0.3198 -0.0937 -0.9428
vn -0.1535 -0.0152 -0.9880
vn -0.4213 -0.3130 -0.8512
vn -0.4378 -0.2584 -0.8611
vn -0.4689 -0.3993 -0.7878
vn -0.1699 0.2680 -0.9483
vn 0.0356 0.2602 -0.9649
vn -0.0277 0.4279 -0.9034
vn -0.2651 0.4284 -0.8639
vn -0.0909 0.0683 -0.9935
vn 0.0989 0.0525 -0.9937
vn 0.1543 0.0599 -0.9862
vn -0.0276 -0.0194 -0.9994
vn -0.0198 0.2890 -0.9571
vn 0.1705 0.2822 -0.9441
vn 0.1309 0.5541 -0.8221
vn -0.0671 0.5354 -0.8419
vn 0.0833 0.7870 -0.6113
vn -0.1388 0.7469 -0.6503
vn 0.1943 0.3972 -0.8969
vn 0.1783 0.4053 -0.8966
vn -0.0753 0.4367 -0.8965
vn 0.1784 0.1912 -0.9652
vn -0.1225 0.2381 -0.9635
vn -0.1380 -0.0153 -0.9903
vn 0.1304 -0.0152 -0.9913
vn 0.3368 0.0529 -0.9401
vn 0.2812 0.0849 -0.9559
vn 0.2260 0.2451 -0.9428
vn 0.3134 0.7809 -0.5403
vn -0.2014 0.9147 -0.3504
vn 0.0198 0.9474 -0.3195
vn 0.2964 0.9083 -0.2952
vn -0.1539 -0.2124 -0.9650
vn 0.0356 -0.1889 -0.9813
vn -0.3511 -0.1881 -0.9173
vn -0.4066 -0.0618 -0.9115
vn -0.3990 0.2704 -0.8762
vn -0.1925 0.9680 -0.1610
vn -0.1140 0.9761 -0.1848
vn -0.1696 0.9631 -0.2088
vn -0.1065 -0.3463 -0.9320
vn -0.1379 -0.3380 -0.9310
vn -0.1142 -0.3693 -0.9223
vn 0.3365 0.5380 -0.7729
vn 0.3530 0.2672 -0.8967
vn -0.3438 0.4365 -0.8314
vn -0.8110 -0.1595 0.5629
vn -0.7881 0.0060 0.6156
vn -0.8968 0.0032 0.4425
vn -0.9210 -0.1313 0.3666
vn -0.8134 0.2794 0.5103
vn -0.9687 0.0705 0.2381
vn -0.8511 0.2623 0.4547
vn -0.9761 -0.1345 0.1707
vn -0.7978 0.3343 0.5017
vn -0.9123 -0.2097 0.3518
vn -0.9594 -0.2445 0.1410
vn -0.9276 -0.2898 0.2356
vn -0.9195 -0.2813 0.2746
vn -0.8417 -0.3338 0.4243
vn -0.8186 -0.3491 0.4561
vn -0.7949 -0.1826 0.5786
vn -0.7712 -0.3794 0.5111
vn -0.7712 -0.3794 0.5112
vn -0.6860 -0.1808 0.7047
vn -0.5835 -0.1870 0.7903
vn -0.7030 0.4991 0.5066
vn -0.7030 0.4991 0.5065
vn -0.8123 0.1933 0.5503
vn -0.4764 0.7515 0.4565
vn -0.4981 0.7332 0.4629
vn -0.2719 0.8925 0.3600
vn -0.2635 0.8984 0.3513
vn -0.8338 0.0049 0.5520
vn -0.8339 0.0049 0.5520
vn -0.0354 0.9835 0.1772
vn -0.0040 0.9868 0.1620
vn -0.8267 -0.1598 0.5394
vn 0.4799 0.8666 -0.1369
vn 0.5325 0.8297 -0.1672
vn 0.8039 0.4734 -0.3601
vn -0.8184 -0.1753 0.5472
vn -0.7716 -0.2926 0.5648
vn -0.7716 -0.2926 0.5649
vn -0.7322 -0.3786 0.5661
vn 0.5948 -0.0699 0.8008
vn 0.6818 -0.1106 0.7231
vn 0.6743 0.1260 0.7276
vn 0.6978 -0.1504 0.7003
vn 0.4607 0.1440 0.8758
vn 0.6346 0.2679 0.7250
vn 0.7301 0.2980 0.6149
vn 0.6197 0.5109 0.5958
vn 0.6124 0.5193 0.5962
vn 0.4390 0.7477 0.4983
vn 0.3358 0.8406 0.4251
vn 0.8174 0.1236 0.5627
vn 0.4452 0.2228 0.8673
vn 0.5397 0.0804 0.8380
vn 0.5790 0.0092 0.8153
vn 0.8805 -0.0992 0.4636
vn 0.8879 -0.0677 0.4550
vn 0.9121 -0.1399 0.3853
vn -0.2799 0.9058 -0.3181
vn -0.0592 0.9976 -0.0357
vn -0.0040 0.9996 0.0274
vn 0.2088 0.9155 0.3438
vn 0.2243 0.8994 0.3752
vn 0.2568 0.7875 0.5603
vn 0.2957 0.7856 0.5434
vn 0.2163 0.6450 0.7330
vn 0.4700 0.6456 0.6019
vn -0.0354 0.6142 0.7883
vn -0.0275 0.4504 0.8924
vn 0.3274 0.4747 0.8170
vn 0.6425 0.4397 0.6276
vn 0.7549 0.2980 0.5842
vn 0.4527 0.3166 0.8336
vn 0.0903 0.3018 0.9491
vn 0.7704 0.2347 0.5928
vn 0.5003 0.1516 0.8525
vn 0.7614 0.1404 0.6330
vn 0.5465 0.0095 0.8374
vn 0.2554 -0.1379 0.9570
vn 0.2157 0.0118 0.9764
vn 0.2633 -0.1694 0.9497
vn 0.2632 -0.1694 0.9497
vn 0.7601 0.0065 0.6498
vn 0.3181 -0.2327 0.9190
vn -0.0039 -0.3174 0.9483
vn 0.0039 -0.4281 0.9037
vn 0.3341 -0.2646 0.9046
vn 0.3262 -0.0910 0.9409
vn -0.0117 -0.1682 0.9857
vn 0.2791 0.1136 0.9535
vn -0.0274 0.0121 0.9995
vn 0.2480 0.3022 0.9204
vn -0.0196 0.2865 0.9579
vn 0.5166 0.3165 0.7956
vn 0.4619 0.4662 0.7545
vn 0.2324 0.5057 0.8308
vn 0.5873 0.1350 0.7981
vn 0.6328 0.0085 0.7742
vn 0.6027 -0.0857 0.7933
vn -0.0039 0.5121 0.8589
vn -0.0432 0.6901 0.7224
vn 0.2007 0.6841 0.7012
vn -0.0985 0.7705 0.6298
vn 0.1770 0.8000 0.5733
vn 0.4468 0.6388 0.6264
vn 0.4219 0.7688 0.4806
vn 0.1453 0.9283 0.3424
vn 0.1061 0.9213 0.3741
vn -0.0827 0.9962 -0.0278
vn -0.1614 0.9694 -0.1848
vn -0.2799 0.9057 -0.3182
vn 0.5548 -0.1561 0.8172
vn -0.3184 0.5121 0.7977
vn -0.0275 0.3406 0.9398
vn -0.0669 0.5293 0.8458
vn -0.2786 0.3089 0.9094
vn 0.2009 0.5059 0.8389
vn 0.2321 0.3411 0.9109
vn 0.3109 0.1528 0.9381
vn -0.2941 0.0898 0.9515
vn -0.3819 0.6600 0.6469
vn -0.0905 0.6998 0.7086
vn -0.0983 0.7843 0.6125
vn 0.2092 0.6707 0.7116
vn 0.2247 0.7626 0.6066
vn -0.0196 0.9066 0.4216
vn -0.0668 0.9148 0.3982
vn -0.1698 0.9841 0.0513
vn -0.1776 0.9835 0.0355
vn -0.4208 0.7207 0.5509
vn -0.2938 -0.1769 0.9393
vn 0.0275 -0.1056 0.9940
vn 0.0746 -0.1844 0.9800
vn -0.1683 -0.2706 0.9479
vn -0.0901 -0.3021 0.9490
vn 0.3577 -0.0518 0.9324
vn 0.3656 -0.0992 0.9255
vn 0.3496 -0.1462 0.9254
vn 0.2964 0.9397 0.1708
vn -0.0354 0.9919 0.1221
vn 0.2969 0.9409 0.1631
vn 0.0830 0.9899 -0.1147
vn 0.0909 0.9901 -0.1068
vn -0.1460 0.9466 -0.2875
vn -0.1537 0.9455 -0.2872
vn -0.2567 0.9151 -0.3109
vn -0.9695 -0.1865 -0.1589
vn -0.9779 -0.0221 -0.2080
vn -0.9829 -0.0062 -0.1841
vn -0.9017 0.2119 -0.3767
vn -0.8852 0.2826 -0.3694
vn -0.9622 0.2459 -0.1170
vn -0.9772 0.1911 -0.0927
vn -0.9854 0.1519 -0.0769
vn 0.0825 0.9949 0.0587
vn 0.1935 0.9701 0.1463
vn 0.0747 0.9959 0.0509
vn -0.0276 0.9955 -0.0909
vn -0.0355 0.9952 -0.0908
vn -0.0672 0.9642 -0.2566
vn -0.0669 0.9602 -0.2713
vn -0.0748 0.8545 -0.5140
vn -0.0829 0.8005 -0.5936
vn -0.2492 0.1945 -0.9487
vn -0.2570 0.1473 -0.9551
vn -0.2096 0.3133 -0.9262
vn -0.2018 0.3374 -0.9195
vn -0.1303 0.5357 -0.8343
vn -0.1227 0.5690 -0.8131
vn -0.1227 0.5691 -0.8130
vn -0.0830 0.8004 -0.5937
vn -0.0748 0.8545 -0.5141
vn -0.1303 0.5358 -0.8342
vn -0.1142 0.9696 -0.2165
vn -0.1849 0.9028 -0.3883
vn -0.1225 0.9647 -0.2329
vn 0.0276 0.9996 -0.0042
vn 0.0434 0.9990 0.0116
vn 0.2321 0.9517 0.2012
vn 0.2479 0.9441 0.2171
vn 0.3909 0.8163 0.4252
vn 0.3987 0.8084 0.4331
vn 0.4305 0.7004 0.5694
vn 0.4308 0.5998 0.6742
vn 0.4305 0.5916 0.6817
vn 0.4454 0.4968 0.7449
vn -0.2888 0.1831 -0.9397
vn -0.2964 0.1751 -0.9389
vn -0.3670 -0.0777 -0.9269
vn -0.2175 0.2603 -0.9407
vn -0.2176 0.2843 -0.9337
vn -0.2175 0.1552 -0.9636
vn -0.2176 0.1552 -0.9636
vn -0.1145 -0.1968 -0.9737
vn -0.1065 -0.3228 -0.9404
vn -0.1066 -0.1574 -0.9818
vn -0.1780 0.1590 -0.9711
vn -0.1621 0.1273 -0.9785
vn -0.0039 0.3798 -0.9250
vn -0.0989 0.3645 -0.9260
vn -0.2097 0.3569 -0.9103
vn -0.2253 0.1511 -0.9625
vn -0.2411 0.4120 -0.8787
vn -0.0831 0.4040 -0.9110
vn -0.3363 0.2450 -0.9093
vn -0.1146 0.2680 -0.9566
vn -0.4462 0.0934 -0.8900
vn -0.1778 -0.0027 -0.9841
vn -0.5168 -0.0172 -0.8559
vn -0.2253 0.0918 -0.9700
vn -0.5406 0.2674 -0.7976
vn -0.5494 0.4912 -0.6759
vn -0.2654 0.5538 -0.7892
vn -0.2334 0.7699 -0.5940
vn -0.5019 0.7075 -0.4976
vn 0.0990 0.2685 -0.9582
vn 0.0594 0.3885 -0.9195
vn 0.1148 0.0130 -0.9933
vn 0.0752 0.0756 -0.9943
vn 0.0515 0.2814 -0.9582
vn 0.0435 0.5362 -0.8430
vn 0.0277 0.7605 -0.6487
vn -0.1542 0.9236 -0.3509
vn 0.0356 0.9163 -0.3989
vn -0.3598 0.8851 -0.2950
vn -0.0906 0.9785 -0.1852
vn -0.3121 0.9334 -0.1769
vn 0.0988 0.9818 -0.1621
vn 0.1456 0.9774 -0.1534
vn 0.0753 0.9749 -0.2097
vn -0.3205 0.3332 -0.8867
vn -0.3200 0.0642 -0.9452
vn -0.3524 0.3394 -0.8721
vn -0.3523 0.3394 -0.8722
vn -0.3192 -0.2981 -0.8996
vn -0.3354 0.8581 -0.3887
vn -0.2572 0.9339 -0.2485
vn -0.3267 0.8721 -0.3644
vn -0.2172 0.9398 -0.2639
vn -0.0748 0.9944 -0.0750
vn 0.2811 0.9413 0.1868
vn 0.2883 0.9392 0.1864
vn 0.5648 0.7974 0.2123
vn 0.6284 0.7503 0.2054
vn 0.8022 0.5830 0.1289
vn 0.8095 0.5746 0.1211
vn 0.8670 0.4957 0.0514
vn -0.2253 0.0956 -0.9696
vn -0.2408 -0.0861 -0.9667
vn -0.2800 -0.2592 -0.9243
vn -0.1937 0.4207 -0.8863
vn -0.1937 0.4208 -0.8863
vn -0.3206 0.4053 -0.8561
vn -0.3125 0.4128 -0.8555
vn -0.4233 0.2516 -0.8704
vn -0.4233 0.2516 -0.8703
vn 0.1851 0.9818 0.0434
vn 0.3658 0.8821 0.2967
vn 0.1851 0.9818 0.0433
vn -0.1929 0.9282 -0.3182
vn -0.4929 0.7868 -0.3715
vn -0.5079 0.7776 -0.3708
vn -0.6987 0.6465 -0.3065
vn -0.7531 0.5908 -0.2895
vn -0.2965 0.9002 -0.3189
vn -0.3511 0.7929 -0.4980
vn -0.2790 0.9191 -0.2781
vn -0.1457 0.9889 0.0274
vn -0.1141 0.9893 0.0904
vn 0.0749 0.9471 0.3120
vn 0.1061 0.9364 0.3346
vn 0.2411 0.8802 0.4088
vn -0.2081 0.9768 -0.0510
vn -0.1300 0.9534 0.2722
vn -0.2172 0.9748 -0.0512
vn -0.0276 0.9721 -0.2329
vn -0.0039 0.9669 -0.2553
vn 0.2020 0.9172 -0.3434
vn 0.2650 0.8920 -0.3663
vn 0.4632 0.7325 -0.4988
vn 0.4561 0.7417 -0.4918
vn 0.5994 0.5021 -0.6234
vn 0.5922 0.5188 -0.6165
vn 0.6942 0.2710 -0.6669
vn 0.7018 0.2311 -0.6739
vn 0.7416 0.0969 -0.6638
vn 0.7499 0.1293 -0.6487
vn 0.7417 0.1698 -0.6489
vn -0.0275 0.9956 0.0901
vn 0.2335 0.9705 0.0596
vn 0.0275 0.9962 0.0823
vn -0.3412 0.8949 0.2876
vn -0.3264 0.9051 0.2726
vn -0.5457 0.6870 0.4798
vn -0.5767 0.6553 0.4878
vn -0.7575 0.4202 0.4996
vn -0.7431 0.4445 0.5001
vn -0.8205 0.3256 0.4699
vn 0.0752 0.1423 -0.9870
vn 0.0752 0.1424 -0.9870
vn 0.0435 -0.0153 -0.9989
vn 0.0356 -0.1338 -0.9904
vn -0.0038 -0.3458 -0.9383
vn 0.2016 0.1198 -0.9721
vn 0.3207 0.4053 -0.8561
vn 0.3614 0.3989 -0.8428
vn 0.1861 0.0878 -0.9786
vn 0.2254 -0.1730 -0.9588
vn -0.6513 0.4623 -0.6017
vn -0.4552 0.4857 -0.7462
vn -0.6280 0.2800 -0.7261
vn -0.4621 0.2708 -0.8445
vn -0.7849 0.2498 -0.5670
vn -0.7851 0.4245 -0.4510
vn -0.6582 -0.0126 -0.7527
vn -0.5317 -0.0137 -0.8468
vn -0.6661 -0.3270 -0.6704
vn -0.7052 -0.2716 -0.6550
vn -0.6730 -0.4360 -0.5974
vn -0.8051 -0.0108 -0.5930
vn -0.7282 0.5019 -0.4668
vn -0.6656 0.5250 -0.5304
vn -0.0197 0.9600 0.2795
vn 0.0750 0.9330 0.3520
vn -0.0827 0.9690 0.2327
vn -0.2562 0.9598 0.1147
vn -0.2786 0.9553 0.0985
vn -0.4203 0.9073 -0.0106
vn -0.4519 0.8917 -0.0261
vn -0.5067 0.8591 -0.0727
vn 0.6651 -0.2128 0.7158
vn 0.8086 -0.3674 0.4596
vn 0.7451 -0.0959 0.6600
vn 0.8874 -0.1786 0.4249
vn 0.7453 -0.1671 0.6455
vn 0.9192 -0.1878 0.3463
vn 0.9508 -0.2617 0.1660
vn 0.9833 -0.1606 0.0855
vn 0.8800 -0.4269 0.2081
vn 0.6333 -0.2518 0.7318
vn 0.9916 -0.0814 0.1001
vn 0.9199 -0.1085 0.3768
vn 0.9443 0.0329 0.3274
vn 0.7444 -0.6473 0.1640
vn 0.9104 0.0027 0.4138
vn 0.7528 -0.2147 0.6223
vn 0.8647 0.1852 0.4669
vn 0.6922 0.5106 0.5100
vn 0.5106 0.7317 0.4514
vn 0.5007 0.7445 0.4415
vn 0.3743 0.8757 0.3051
vn 0.3436 0.9007 0.2659
vn 0.1064 0.9836 0.1458
vn 0.0511 0.9902 0.1298
vn -0.3573 0.9316 0.0675
vn -0.0197 0.9998 0.0037
vn -0.5782 0.8150 0.0381
vn 0.7529 -0.1909 0.6299
vn 0.7690 -0.2231 0.5991
vn 0.7925 -0.2235 0.5675
vn -0.6161 0.2982 0.7291
vn -0.7817 0.2956 0.5492
vn -0.6710 0.1177 0.7320
vn -0.8356 0.0755 0.5441
vn -0.4823 0.0650 0.8736
vn -0.4196 0.3079 0.8539
vn -0.7097 -0.1104 0.6959
vn -0.5990 -0.2029 0.7746
vn -0.4684 0.5738 0.6719
vn -0.2872 0.5751 0.7660
vn -0.2950 0.7453 0.5979
vn -0.1138 0.7059 0.6991
vn -0.4746 0.7336 0.4865
vn -0.6410 0.5474 0.5379
vn -0.1295 0.8822 0.4527
vn 0.0748 0.8472 0.5259
vn 0.1462 0.9817 -0.1224
vn 0.2720 0.9564 -0.1061
vn -0.0039 0.9855 -0.1694
vn -0.3341 0.8894 0.3120
vn -0.8491 0.0046 0.5282
vn -0.8268 -0.0969 0.5541
vn -0.8101 -0.2616 0.5248
vn -0.8101 -0.2616 0.5247
vn -0.8581 -0.0820 0.5069
vn -0.8272 -0.1284 0.5471
vn -0.8272 -0.1284 0.5470
vn -0.8192 -0.1440 0.5551
vn 0.9839 -0.1204 0.1323
vn 0.9531 0.2975 0.0545
vn 0.9298 0.2224 0.2932
vn 0.9924 -0.0844 -0.0897
vn 0.9276 -0.1882 0.3228
vn 0.8574 0.1226 0.4999
vn 0.9757 -0.2176 -0.0243
vn 0.9977 -0.0050 -0.0670
vn 0.9587 -0.2708 0.0872
vn 0.9692 -0.1806 -0.1673
vn 0.9441 -0.2753 -0.1815
vn 0.8983 -0.2783 -0.3400
vn 0.7779 0.5842 0.2315
vn 0.7875 0.5314 0.3121
vn 0.6369 0.7281 0.2534
vn 0.6116 0.7499 0.2523
vn 0.4302 0.8758 0.2188
vn 0.3990 0.8924 0.2109
vn 0.1139 0.9804 0.1610
vn 0.0275 0.9879 0.1529
vn -0.3026 0.9488 0.0909
vn -0.3192 0.9433 0.0912
vn -0.3910 0.9198 -0.0345
vn 0.0277 0.9900 -0.1384
vn -0.2402 0.8848 0.3994
vn -0.2642 0.8702 0.4158
vn -0.0285 0.9996 0.0009
vn -0.4290 0.7751 0.4639
vn -0.3582 0.7915 0.4952
vn -0.4515 0.6961 0.5582
vn -0.2007 0.6920 0.6934
vn -0.3106 0.5044 0.8057
vn -0.5296 0.5092 0.6784
vn -0.7026 0.4834 0.5222
vn -0.6942 0.6217 0.3627
vn -0.3334 0.3007 0.8935
vn -0.5539 0.2993 0.7770
vn -0.2629 0.0978 0.9599
vn -0.5296 0.1038 0.8419
vn -0.2077 -0.0509 0.9769
vn -0.4588 -0.0917 0.8838
vn -0.7413 0.1165 0.6610
vn -0.6780 -0.1098 0.7268
vn -0.2470 -0.1611 0.9555
vn -0.3877 -0.2561 0.8855
vn -0.7343 0.2575 0.6281
vn -0.2941 -0.2086 0.9327
vn -0.2941 -0.2085 0.9328
vn -0.5450 -0.2736 0.7926
vn -0.4431 -0.4147 0.7948
vn -0.4430 -0.4147 0.7948
vn 0.8878 -0.1077 0.4475
vn 0.7743 0.0046 0.6328
vn 0.9282 0.0642 0.3666
vn 0.9744 -0.0006 0.2249
vn 0.9998 -0.0198 -0.0036
vn 0.9669 -0.2069 0.1492
vn 0.8478 -0.3849 0.3648
vn 0.6899 -0.1511 0.7080
vn 0.5789 0.0070 0.8153
vn 0.8405 -0.0919 0.5340
vn 0.9840 0.0142 0.1777
vn 0.9665 -0.0006 0.2565
vn 0.8747 0.4126 -0.2544
vn 0.7765 -0.3044 0.5517
vn 0.6501 -0.1760 0.7392
vn 0.9857 0.0809 -0.1477
vn 0.9911 -0.1298 0.0296
vn 0.9616 0.2474 -0.1188
vn 0.9774 0.2101 0.0243
vn 0.9757 -0.1355 0.1720
vn 0.9459 0.2836 0.1577
vn 0.8261 0.5586 0.0741
vn 0.8104 0.5677 0.1451
vn 0.6363 0.7646 0.1023
vn 0.5958 0.8018 0.0463
vn 0.5737 0.8191 -0.0012
vn 0.8351 0.5501 -0.0049
vn 0.4065 0.9126 0.0445
vn 0.3582 0.9323 -0.0504
vn 0.3132 0.9372 -0.1538
vn -0.0276 0.9889 -0.1462
vn -0.1222 0.9703 -0.2087
vn -0.3906 0.9091 -0.1448
vn -0.0039 0.9977 -0.0674
vn 0.7086 0.5530 -0.4383
vn 0.9685 0.2492 0.0010
vn 0.9460 0.2874 -0.1497
vn 0.6637 0.5066 -0.5503
vn 0.9159 0.1346 -0.3782
vn 0.9361 -0.0077 0.3517
vn 0.9234 0.0711 -0.3773
vn 0.7807 -0.1218 -0.6129
vn 0.7563 -0.1852 -0.6274
vn 0.6218 -0.3052 -0.7212
vn 0.8882 -0.1327 0.4399
vn 0.8405 -0.2347 0.4883
vn 0.1458 0.9464 0.2882
vn -0.1299 0.9534 0.2722
vn 0.1542 0.9495 0.2734
vn 0.3037 0.9514 0.0518
vn 0.3445 0.9387 0.0126
vn 0.4476 0.8811 -0.1528
vn 0.4455 0.8763 -0.1836
vn 0.4561 0.7662 -0.4526
vn 0.4551 0.7808 -0.4281
vn 0.5109 0.5479 -0.6624
vn 0.6226 0.2379 -0.7455
vn 0.6544 0.1353 -0.7439
vn 0.6545 0.1353 -0.7439
vn 0.6781 0.2077 -0.7050
vn 0.6871 0.3201 -0.6522
vn 0.6775 0.3835 -0.6276
vt 0.650141 0.041123
vt 0.567712 0.067308
vt 0.731609 0.067308
vt 0.731609 0.076997
vt 0.566735 0.076997
vt 0.400916 0.292287
vt 0.524071 0.292287
vt 0.400916 0.272892
vt 0.524071 0.273869
vt 0.643351 0.292287
vt 0.643351 0.275807
vt 0.643351 0.301991
vt 0.521157 0.301991
vt 0.643351 0.311681
vt 0.524071 0.311681
vt 0.400916 0.301991
vt 0.400916 0.312657
vt 0.524071 0.329137
vt 0.400916 0.331090
vt 0.400916 0.350484
vt 0.524071 0.349508
vt 0.400916 0.405753
vt 0.523095 0.405753
vt 0.519219 0.544442
vt 0.400916 0.544442
vt 0.524071 0.674388
vt 0.400916 0.674388
vt 0.525032 0.796582
vt 0.400916 0.796582
vt 0.643351 0.330114
vt 0.643351 0.350484
vt 0.643351 0.405753
vt 0.643351 0.544442
vt 0.643351 0.674388
vt 0.637537 0.796582
vt 0.511467 0.866407
vt 0.400916 0.865431
vt 0.623957 0.865431
vt 0.502739 0.926528
vt 0.400916 0.928466
vt 0.400916 0.935256
vt 0.617166 0.929442
vt 0.608438 0.935256
vt 0.511467 0.945922
vt 0.427085 0.947860
vt 0.453269 0.964355
vt 0.400916 0.261265
vt 0.520195 0.263203
vt 0.643351 0.261265
vt 0.643351 0.264164
vt 0.516304 0.247684
vt 0.524071 0.264164
vt 0.400916 0.264164
vt 0.400916 0.266102
vt 0.643351 0.266102
vt 0.585168 0.066331
vt 0.705425 0.067308
vt 0.592920 0.076997
vt 0.705425 0.076997
vt 0.213733 0.827604
vt 0.212772 0.878035
vt 0.322362 0.878035
vt 0.322362 0.840223
vt 0.322362 0.889677
vt 0.212772 0.892592
vt 0.268055 0.932342
vt 0.212772 0.819852
vt 0.322362 0.820829
vt 0.322362 0.796582
vt 0.212772 0.796582
vt 0.322362 0.697658
vt 0.212772 0.697658
vt 0.322362 0.527947
vt 0.212772 0.526986
vt 0.322362 0.381506
vt 0.212772 0.383459
vt 0.322362 0.354360
vt 0.212772 0.354360
vt 0.212772 0.319448
vt 0.322362 0.321386
vt 0.322362 0.315572
vt 0.212772 0.313634
vt 0.302953 0.312657
vt 0.233143 0.310719
vt 0.287449 0.309743
vt 0.248646 0.308782
vt 0.268055 0.306844
vt 0.490135 0.716091
vt 0.383459 0.706386
vt 0.307805 0.716091
vt 0.506615 0.741299
vt 0.256413 0.743236
vt 0.503700 0.921675
vt 0.253498 0.921675
vt 0.549279 0.904219
vt 0.480430 0.904219
vt 0.549279 0.969192
vt 0.480430 0.969192
vt 0.480430 0.885801
vt 0.549279 0.885801
vt 0.480430 0.808209
vt 0.549279 0.808209
vt 0.480430 0.763607
vt 0.549279 0.763607
vt 0.480430 0.750027
vt 0.549279 0.750027
vt 0.535714 0.726757
vt 0.494972 0.726757
vt 0.515343 0.713176
vt 0.727718 0.719966
vt 0.576440 0.710262
vt 0.409628 0.719966
vt 0.410605 0.755840
vt 0.729656 0.754879
vt 0.418357 0.824704
vt 0.735485 0.826642
vt 0.739361 0.877073
vt 0.421271 0.876097
vt 0.420310 0.681178
vt 0.266102 0.702510
vt 0.584192 0.702510
vt 0.267079 0.739361
vt 0.585168 0.737423
vt 0.274830 0.834394
vt 0.591959 0.836332
vt 0.278721 0.907134
vt 0.597772 0.907134
vt 0.621042 0.366003
vt 0.621042 0.359213
vt 0.483345 0.361151
vt 0.490135 0.366003
vt 0.621042 0.371817
vt 0.452308 0.370840
vt 0.330114 0.366964
vt 0.330114 0.373754
vt 0.330114 0.359213
vt 0.487221 0.352422
vt 0.621042 0.353384
vt 0.487221 0.345632
vt 0.621042 0.345632
vt 0.504677 0.333028
vt 0.621042 0.333028
vt 0.330114 0.353384
vt 0.330114 0.345632
vt 0.330114 0.333028
vt 0.489158 0.325261
vt 0.621042 0.325261
vt 0.526986 0.265141
vt 0.441642 0.256413
vt 0.330114 0.325261
vt 0.521157 0.250599
vt 0.451331 0.245747
vt 0.513405 0.234104
vt 0.462974 0.234104
vt 0.494011 0.196292
vt 0.484306 0.551217
vt 0.621042 0.726757
vt 0.621042 0.551217
vt 0.450370 0.423209
vt 0.310719 0.423209
vt 0.302953 0.551217
vt 0.621042 0.423209
vt 0.298116 0.672450
vt 0.442603 0.397024
vt 0.621042 0.373754
vt 0.330114 0.376669
vt 0.296178 0.796582
vt 0.621042 0.796582
vt 0.621042 0.839246
vt 0.319448 0.847974
vt 0.621042 0.882887
vt 0.346593 0.890654
vt 0.589044 0.958526
vt 0.376669 0.958526
vt 0.537652 0.996353
vt 0.399939 0.996353
vt 0.379568 0.318471
vt 0.534737 0.318471
vt 0.474617 0.278721
vt 0.471702 0.452308
vt 0.534737 0.418357
vt 0.379568 0.418357
vt 0.379568 0.602625
vt 0.461997 0.602625
vt 0.457160 0.719966
vt 0.379568 0.719966
vt 0.457160 0.796582
vt 0.379568 0.796582
vt 0.379568 0.823728
vt 0.476555 0.823728
vt 0.534737 0.796582
vt 0.534737 0.823728
vt 0.534737 0.719966
vt 0.379568 0.870283
vt 0.513405 0.870283
vt 0.379568 0.945922
vt 0.513405 0.945922
vt 0.460060 0.988602
vt 0.534737 0.602625
vt 0.507591 0.702510
vt 0.507591 0.596811
vt 0.372778 0.559945
vt 0.372778 0.736446
vt 0.507591 0.840223
vt 0.372778 0.840223
vt 0.507591 0.869307
vt 0.372778 0.869307
vt 0.507591 0.504677
vt 0.372778 0.504677
vt 0.507591 0.922652
vt 0.372778 0.922652
vt 0.507591 0.341756
vt 0.372778 0.341756
vt 0.503700 0.287449
vt 0.380545 0.287449
vt 0.476555 0.961440
vt 0.409628 0.960464
vt 0.447456 0.991501
vt 0.498863 0.279683
vt 0.389273 0.280659
vt 0.450370 0.238956
vt 0.243809 0.926528
vt 0.264164 0.998291
vt 0.283558 0.926528
vt 0.245747 0.901320
vt 0.282597 0.901320
vt 0.246708 0.712215
vt 0.281621 0.715114
vt 0.247684 0.707362
vt 0.279683 0.709300
vt 0.250599 0.698634
vt 0.277745 0.700572
vt 0.264164 0.664683
vt 0.595834 0.914885
vt 0.615228 0.975982
vt 0.634623 0.917800
vt 0.633661 0.733547
vt 0.596811 0.730632
vt 0.632685 0.728695
vt 0.597772 0.725780
vt 0.631708 0.725780
vt 0.598749 0.723842
vt 0.631708 0.723842
vt 0.598749 0.720928
vt 0.628809 0.714153
vt 0.601648 0.713176
vt 0.615228 0.679240
vt 0.190463 0.801434
vt 0.228290 0.801434
vt 0.209857 0.983749
vt 0.190463 0.756817
vt 0.228290 0.761669
vt 0.192401 0.740337
vt 0.226352 0.745174
vt 0.193378 0.730632
vt 0.225376 0.734508
vt 0.195315 0.714153
vt 0.223438 0.717052
vt 0.209857 0.658869
vt 0.462974 0.342718
vt 0.531823 0.380545
vt 0.583230 0.339818
vt 0.603586 0.365026
vt 0.531823 0.481407
vt 0.460060 0.481407
vt 0.460060 0.366003
vt 0.603586 0.481407
vt 0.564797 0.328176
vt 0.473640 0.328176
vt 0.460060 0.602625
vt 0.531823 0.602625
vt 0.603586 0.602625
vt 0.460060 0.667597
vt 0.531823 0.667597
vt 0.603586 0.667597
vt 0.603586 0.762631
vt 0.531823 0.762631
vt 0.531823 0.805310
vt 0.460060 0.762631
vt 0.460060 0.805310
vt 0.429038 0.866407
vt 0.603586 0.805310
vt 0.573526 0.866407
vt 0.460060 0.943008
vt 0.603586 0.943008
vt 0.525032 0.991501
vt 0.357275 0.984710
vt 0.610376 0.984710
vt 0.357275 0.949798
vt 0.610376 0.949798
vt 0.610376 0.916838
vt 0.357275 0.914885
vt 0.468788 0.824704
vt 0.357275 0.824704
vt 0.484306 0.796582
vt 0.357275 0.796582
vt 0.507591 0.674388
vt 0.357275 0.680201
vt 0.610376 0.715114
vt 0.610376 0.796582
vt 0.610376 0.824704
vt 0.357275 0.532799
vt 0.490135 0.544442
vt 0.357275 0.407691
vt 0.498863 0.408667
vt 0.610376 0.408667
vt 0.610376 0.544442
vt 0.492073 0.388296
vt 0.357275 0.387335
vt 0.487221 0.375692
vt 0.357275 0.375692
vt 0.357275 0.364050
vt 0.486244 0.364050
vt 0.610376 0.375692
vt 0.610376 0.388296
vt 0.610376 0.365026
vt 0.485283 0.352422
vt 0.357275 0.352422
vt 0.610376 0.352422
vt 0.478492 0.340780
vt 0.357275 0.340780
vt 0.610376 0.340780
vt 0.494011 0.309743
vt 0.610376 0.309743
vt 0.357275 0.309743
vt 0.489158 0.267079
vt 0.610376 0.267079
vt 0.610376 0.262226
vt 0.357275 0.262226
vt 0.566735 0.249622
vt 0.357275 0.267079
vt 0.661784 0.335927
vt 0.656931 0.352422
vt 0.542489 0.350484
vt 0.542489 0.333028
vt 0.652079 0.363088
vt 0.542489 0.362112
vt 0.542489 0.373754
vt 0.650141 0.373754
vt 0.542489 0.551217
vt 0.650141 0.551217
vt 0.434852 0.551217
vt 0.434852 0.714153
vt 0.542489 0.716091
vt 0.542489 0.814038
vt 0.650141 0.723842
vt 0.650141 0.814038
vt 0.434852 0.814038
vt 0.434852 0.373754
vt 0.432914 0.363088
vt 0.427085 0.348547
vt 0.423209 0.334966
vt 0.434852 0.851850
vt 0.537652 0.852827
vt 0.650141 0.851850
vt 0.542489 0.900343
vt 0.650141 0.900343
vt 0.434852 0.900343
vt 0.542489 0.954650
vt 0.650141 0.954650
vt 0.650141 0.976959
vt 0.542489 0.976959
vt 0.542489 0.321386
vt 0.420310 0.324300
vt 0.664683 0.324300
vt 0.667597 0.313634
vt 0.542489 0.269993
vt 0.417395 0.313634
vt 0.542489 0.264164
vt 0.410605 0.268055
vt 0.410605 0.259327
vt 0.674388 0.259327
vt 0.542489 0.240894
vt 0.434852 0.954650
vt 0.434852 0.976959
vt 0.674388 0.268055
vt 0.590021 0.264164
vt 0.424186 0.269993
vt 0.590021 0.269993
vt 0.429999 0.264164
vt 0.333989 0.269993
vt 0.333989 0.298116
vt 0.454246 0.297139
vt 0.456184 0.323323
vt 0.590021 0.298116
vt 0.590021 0.323323
vt 0.333989 0.323323
vt 0.333989 0.264164
vt 0.590021 0.258350
vt 0.444541 0.259327
vt 0.333989 0.336904
vt 0.449393 0.336904
vt 0.333989 0.353384
vt 0.451331 0.351446
vt 0.333989 0.384421
vt 0.460060 0.384421
vt 0.590021 0.384421
vt 0.590021 0.551217
vt 0.460060 0.551217
vt 0.590021 0.349508
vt 0.333989 0.598749
vt 0.590021 0.336904
vt 0.333989 0.774273
vt 0.454246 0.726757
vt 0.590021 0.726757
vt 0.333989 0.796582
vt 0.442603 0.796582
vt 0.333989 0.840223
vt 0.432914 0.837308
vt 0.590021 0.796582
vt 0.590021 0.837308
vt 0.333989 0.905196
vt 0.438727 0.897429
vt 0.590021 0.896468
vt 0.333989 0.935256
vt 0.590021 0.935256
vt 0.590021 0.949798
vt 0.333989 0.949798
vt 0.488182 0.211795
vt 0.333989 0.252537
vt 0.590021 0.252537
vt 0.333989 0.259327
vt 0.680201 0.301015
vt 0.550256 0.301015
vt 0.681178 0.294240
vt 0.551217 0.294240
vt 0.422248 0.301015
vt 0.421271 0.308782
vt 0.550256 0.308782
vt 0.421271 0.320409
vt 0.547341 0.320409
vt 0.679240 0.307805
vt 0.675349 0.320409
vt 0.422248 0.294240
vt 0.423209 0.285512
vt 0.681178 0.285512
vt 0.552193 0.276783
vt 0.422248 0.343694
vt 0.542489 0.343694
vt 0.419333 0.356298
vt 0.538613 0.354360
vt 0.424186 0.396063
vt 0.526009 0.395087
vt 0.652079 0.354360
vt 0.642390 0.395087
vt 0.521157 0.551217
vt 0.618143 0.551217
vt 0.515343 0.726757
vt 0.613291 0.739361
vt 0.512428 0.796582
vt 0.611353 0.796582
vt 0.415457 0.796582
vt 0.419333 0.726757
vt 0.426123 0.551217
vt 0.513405 0.860578
vt 0.610376 0.860578
vt 0.610376 0.967254
vt 0.416419 0.860578
vt 0.416419 0.967254
vt 0.416419 0.986648
vt 0.610376 0.986648
vt 0.664683 0.343694
vt 0.287449 0.319448
vt 0.412543 0.317510
vt 0.412543 0.333028
vt 0.287449 0.335927
vt 0.287449 0.343694
vt 0.412543 0.342718
vt 0.412543 0.354360
vt 0.287449 0.354360
vt 0.538613 0.343694
vt 0.538613 0.331090
vt 0.538613 0.319448
vt 0.412543 0.306844
vt 0.538613 0.309743
vt 0.287449 0.301015
vt 0.412543 0.298116
vt 0.287449 0.295201
vt 0.412543 0.292287
vt 0.538613 0.301015
vt 0.538613 0.295201
vt 0.413520 0.290349
vt 0.287449 0.291325
vt 0.287449 0.288411
vt 0.538613 0.288411
vt 0.538613 0.292287
vt 0.412543 0.279683
vt 0.538613 0.552193
vt 0.287449 0.553170
vt 0.538613 0.726757
vt 0.287449 0.726757
vt 0.538613 0.796582
vt 0.287449 0.796582
vt 0.538613 0.843122
vt 0.287449 0.842161
vt 0.538613 0.880949
vt 0.287449 0.880949
vt 0.538613 0.917800
vt 0.287449 0.917800
vt 0.412543 0.946899
vt 0.287449 0.946899
vt 0.538613 0.946899
vt 0.387335 0.921675
vt 0.488182 0.943008
vt 0.488182 0.957565
vt 0.385397 0.876097
vt 0.488182 0.876097
vt 0.488182 0.796582
vt 0.488182 0.674388
vt 0.376669 0.674388
vt 0.266102 0.674388
vt 0.266102 0.796582
vt 0.266102 0.544442
vt 0.375692 0.544442
vt 0.266102 0.448432
vt 0.374731 0.455222
vt 0.266102 0.429999
vt 0.372778 0.431937
vt 0.488182 0.431937
vt 0.488182 0.421271
vt 0.369879 0.425147
vt 0.371817 0.408667
vt 0.488182 0.405753
vt 0.378607 0.363088
vt 0.488182 0.359213
vt 0.385397 0.334966
vt 0.488182 0.335927
vt 0.393149 0.323323
vt 0.488182 0.332052
vt 0.488182 0.455222
vt 0.488182 0.544442
vt 0.266102 0.403815
vt 0.266102 0.419333
vt 0.266102 0.348547
vt 0.266102 0.332052
vt 0.287449 0.306844
vt 0.393149 0.301015
vt 0.307805 0.283558
vt 0.394125 0.278721
vt 0.374731 0.220523
vt 0.468788 0.277745
vt 0.481407 0.307805
vt 0.430976 0.224414
vt 0.401877 0.218585
vt 0.266102 0.357275
vt 0.266102 0.941070
vt 0.282597 0.948837
vt 0.300053 0.957565
vt 0.387335 0.975982
vt 0.359213 0.695720
vt 0.457160 0.695720
vt 0.457160 0.629770
vt 0.347570 0.629770
vt 0.457160 0.473640
vt 0.345632 0.473640
vt 0.225376 0.629770
vt 0.225376 0.473640
vt 0.225376 0.695720
vt 0.366003 0.343694
vt 0.225376 0.343694
vt 0.225376 0.330114
vt 0.366003 0.330114
vt 0.457160 0.343694
vt 0.457160 0.330114
vt 0.366003 0.309743
vt 0.457160 0.309743
vt 0.225376 0.799481
vt 0.365026 0.799481
vt 0.366003 0.893553
vt 0.225376 0.893553
vt 0.457160 0.799481
vt 0.457160 0.893553
vt 0.225376 0.920714
vt 0.366003 0.920714
vt 0.225376 0.954650
vt 0.366003 0.955627
vt 0.225376 0.982773
vt 0.366003 0.982773
vt 0.457160 0.957565
vt 0.457160 0.982773
vt 0.457160 0.914885
vt 0.279683 0.718029
vt 0.182712 0.728695
vt 0.372778 0.728695
vt 0.183673 0.764569
vt 0.373754 0.763607
vt 0.188525 0.859617
vt 0.377630 0.861555
vt 0.380545 0.922652
vt 0.190463 0.921675
vt 0.412543 0.321386
vt 0.412543 0.314595
vt 0.322362 0.314595
vt 0.322362 0.335927
vt 0.412543 0.335927
vt 0.412543 0.357275
vt 0.322362 0.357275
vt 0.412543 0.390234
vt 0.322362 0.390234
vt 0.501762 0.321386
vt 0.501762 0.314595
vt 0.501762 0.335927
vt 0.501762 0.357275
vt 0.501762 0.390234
vt 0.501762 0.311681
vt 0.322362 0.311681
vt 0.412543 0.309743
vt 0.501762 0.408667
vt 0.322362 0.407691
vt 0.964355 0.911009
vt 0.964355 0.918776
vt 0.691844 0.919738
vt 0.691844 0.911009
vt 0.964355 0.976959
vt 0.691844 0.976959
vt 0.489158 0.922652
vt 0.691844 0.993439
vt 0.489158 0.993439
vt 0.489158 0.909072
vt 0.238956 0.916838
vt 0.238956 0.981811
vt 0.489158 0.981811
vt 0.238956 0.907134
vt 0.024628 0.916838
vt 0.024628 0.909072
vt 0.024628 0.980835
vt 0.238956 0.980835
vt 0.299077 0.845060
vt 0.373754 0.845060
vt 0.373754 0.816938
vt 0.299077 0.816938
vt 0.372778 0.727718
vt 0.299077 0.727718
vt 0.373754 0.711238
vt 0.299077 0.711238
vt 0.368902 0.697658
vt 0.307805 0.698634
vt 0.341756 0.655955
vt 0.245747 0.756817
vt 0.358236 0.974044
vt 0.312657 0.742275
vt 0.195315 0.975982
vt 0.273869 0.650141
vt 0.260288 0.962417
vt 0.334966 0.736446
vt 0.241871 0.755840
vt 0.261265 0.641413
vt 0.345632 0.755840
vt 0.273869 0.654994
vt 0.256413 0.768460
vt 0.357275 0.972107
vt 0.250599 0.980835
vt 0.394125 0.995377
vt 0.232166 0.747112
vt 0.206958 0.980835
vt 0.313634 0.718990
vt 0.261265 0.646265
vt 0.296178 0.962417
vt 0.310719 0.736446
vt 0.245747 0.710262
vt 0.300053 0.631708
vt 0.283558 0.655955
vt 0.242832 0.768460
vt 0.333028 0.761669
vt 0.282597 0.975021
vt 0.326238 0.714153
vt 0.205005 0.974044
vt 0.396063 0.964355
vt 0.268055 0.701534
vt 0.304906 0.622980
vt 0.224414 0.958526
vt 0.344656 0.752941
vt 0.249622 0.738384
vt 0.354360 0.961440
vt 0.311681 0.641413
vt 0.526986 0.908110
vt 0.651118 0.908110
vt 0.516304 0.819852
vt 0.640436 0.815000
vt 0.582254 0.724819
vt 0.508553 0.725780
vt 0.569650 0.699596
vt 0.512428 0.702510
vt 0.559945 0.678264
vt 0.517281 0.679240
vt 0.519219 0.640436
vt 0.440665 0.740337
vt 0.440665 0.733547
vt 0.530861 0.733547
vt 0.530861 0.740337
vt 0.440665 0.754879
vt 0.530861 0.754879
vt 0.530861 0.776211
vt 0.440665 0.776211
vt 0.530861 0.809186
vt 0.440665 0.809186
vt 0.621042 0.740337
vt 0.621042 0.733547
vt 0.621042 0.754879
vt 0.621042 0.776211
vt 0.621042 0.809186
vt 0.440665 0.730632
vt 0.621042 0.730632
vt 0.530861 0.728695
vt 0.621042 0.827604
vt 0.440665 0.826642
vt 0.381506 0.932342
vt 0.381506 0.979873
vt 0.546380 0.932342
vt 0.546380 0.979873
vt 0.381506 0.919738
vt 0.546380 0.919738
vt 0.381506 0.911986
vt 0.546380 0.911986
vt 0.546380 0.901320
vt 0.381506 0.901320
vt 0.546380 0.729656
vt 0.372778 0.729656
vt 0.472679 0.598749
vt 0.372778 0.598749
vt 0.460060 0.524071
vt 0.368902 0.524071
vt 0.459098 0.485283
vt 0.368902 0.484306
vt 0.368902 0.461997
vt 0.546380 0.486244
vt 0.546380 0.440665
vt 0.461036 0.439704
vt 0.546380 0.341756
vt 0.455222 0.341756
vt 0.368902 0.340780
vt 0.368902 0.296178
vt 0.485283 0.295201
vt 0.368902 0.281621
vt 0.482368 0.280659
vt 0.368902 0.437766
vt 0.544442 0.295201
vt 0.546380 0.280659
vt 0.546380 0.524071
vt 0.546380 0.598749
vt 0.276783 0.894530
vt 0.308782 0.998291
vt 0.341756 0.897429
vt 0.281621 0.687968
vt 0.336904 0.690867
vt 0.286473 0.676326
vt 0.332052 0.678264
vt 0.295201 0.662745
vt 0.322362 0.663722
vt 0.308782 0.642390
vt 0.237018 0.905196
vt 0.358236 0.962417
vt 0.237018 0.962417
vt 0.358236 0.905196
vt 0.237018 0.889677
vt 0.358236 0.889677
vt 0.237018 0.822766
vt 0.358236 0.822766
vt 0.237018 0.783978
vt 0.358236 0.784939
vt 0.237018 0.772335
vt 0.358236 0.772335
vt 0.297139 0.741299
vt 0.541527 0.706386
vt 0.477516 0.667597
vt 0.397024 0.706386
vt 0.398001 0.752941
vt 0.542489 0.751003
vt 0.400916 0.847974
vt 0.544442 0.849912
vt 0.547341 0.903258
vt 0.402853 0.903258
vt 0.702510 0.735485
vt 0.560922 0.725780
vt 0.383459 0.735485
vt 0.384421 0.762631
vt 0.703487 0.760693
vt 0.704448 0.780087
vt 0.385397 0.781064
vt 0.393149 0.867369
vt 0.709300 0.869307
vt 0.396063 0.923613
vt 0.714153 0.923613
vt 0.500801 0.749065
vt 0.388296 0.739361
vt 0.246708 0.749065
vt 0.247684 0.785916
vt 0.501762 0.783978
vt 0.253498 0.880949
vt 0.506615 0.882887
vt 0.510491 0.935256
vt 0.256413 0.934279
vt 0.564797 0.934279
vt 0.448432 0.934279
vt 0.564797 0.940108
vt 0.448432 0.940108
vt 0.448432 0.928466
vt 0.564797 0.928466
vt 0.448432 0.906157
vt 0.564797 0.906157
vt 0.448432 0.876097
vt 0.564797 0.876097
vt 0.564797 0.719966
vt 0.448432 0.712215
vt 0.504677 0.580316
vt 0.448432 0.611353
vt 0.448432 0.525032
vt 0.502739 0.525032
vt 0.448432 0.486244
vt 0.500801 0.486244
vt 0.448432 0.442603
vt 0.497887 0.442603
vt 0.448432 0.328176
vt 0.502739 0.328176
vt 0.529885 0.307805
vt 0.564797 0.311681
vt 0.448432 0.303929
vt 0.487221 0.270954
vt 0.564797 0.293263
vt 0.551217 0.288411
vt 0.564797 0.442603
vt 0.564797 0.461997
vt 0.564797 0.525032
vt 0.564797 0.486244
vt 0.564797 0.598749
vt 0.358236 0.333028
vt 0.458122 0.333028
vt 0.364050 0.325261
vt 0.458122 0.325261
vt 0.458122 0.335927
vt 0.351446 0.335927
vt 0.458122 0.338842
vt 0.356298 0.339818
vt 0.458122 0.389273
vt 0.362112 0.389273
vt 0.367941 0.544442
vt 0.458122 0.544442
vt 0.372778 0.694759
vt 0.458122 0.674388
vt 0.458122 0.796582
vt 0.372778 0.796582
vt 0.257374 0.732570
vt 0.257374 0.796582
vt 0.257374 0.544442
vt 0.257374 0.389273
vt 0.257374 0.338842
vt 0.458122 0.876097
vt 0.372778 0.879011
vt 0.257374 0.879973
vt 0.363088 0.907134
vt 0.257374 0.911986
vt 0.355322 0.959503
vt 0.257374 0.962417
vt 0.353384 0.973083
vt 0.257374 0.975021
vt 0.343694 0.990539
vt 0.458122 0.904219
vt 0.458122 0.956588
vt 0.458122 0.971145
vt 0.390234 0.981811
vt 0.257374 0.335927
vt 0.257374 0.333028
vt 0.257374 0.325261
vt 0.257374 0.318471
vt 0.359213 0.316533
vt 0.458122 0.317510
vt 0.257374 0.305867
vt 0.363088 0.303929
vt 0.458122 0.305867
vt 0.426123 0.289387
vt 0.301991 0.295201
vt 0.363088 0.283558
vt 0.229252 0.361151
vt 0.386358 0.361151
vt 0.389273 0.346593
vt 0.229252 0.346593
vt 0.229252 0.372778
vt 0.375692 0.372778
vt 0.375692 0.379568
vt 0.229252 0.379568
vt 0.229252 0.491096
vt 0.386358 0.525032
vt 0.378607 0.674388
vt 0.229252 0.674388
vt 0.389273 0.796582
vt 0.229252 0.796582
vt 0.506615 0.346593
vt 0.506615 0.335927
vt 0.387335 0.335927
vt 0.506615 0.308782
vt 0.385397 0.308782
vt 0.399939 0.294240
vt 0.506615 0.294240
vt 0.506615 0.379568
vt 0.506615 0.372778
vt 0.506615 0.361151
vt 0.506615 0.796582
vt 0.229252 0.897429
vt 0.446494 0.897429
vt 0.506615 0.897429
vt 0.400916 0.278721
vt 0.506615 0.278721
vt 0.230228 0.278721
vt 0.229252 0.294240
vt 0.229252 0.308782
vt 0.379568 0.953689
vt 0.500801 0.960464
vt 0.432914 0.994415
vt 0.506615 0.256413
vt 0.232166 0.256413
vt 0.409628 0.200168
vt 0.506615 0.674388
vt 0.506615 0.494972
vt 0.229252 0.335927
vt 0.497887 0.449393
vt 0.497887 0.473640
vt 0.340780 0.472679
vt 0.340780 0.448432
vt 0.497887 0.499825
vt 0.203067 0.472679
vt 0.203067 0.499825
vt 0.203067 0.448432
vt 0.497887 0.674388
vt 0.203067 0.674388
vt 0.340780 0.330114
vt 0.204044 0.330114
vt 0.205982 0.322362
vt 0.340780 0.316533
vt 0.205005 0.308782
vt 0.340780 0.305867
vt 0.497887 0.331090
vt 0.204044 0.228290
vt 0.340780 0.218585
vt 0.497887 0.307805
vt 0.400916 0.306844
vt 0.433875 0.230228
vt 0.543465 0.719966
vt 0.475578 0.713176
vt 0.475578 0.562860
vt 0.543465 0.562860
vt 0.475578 0.818891
vt 0.542489 0.818891
vt 0.475578 0.843122
vt 0.543465 0.530861
vt 0.475578 0.530861
vt 0.487221 0.920714
vt 0.530861 0.920714
vt 0.543465 0.422248
vt 0.475578 0.422248
vt 0.496910 0.954650
vt 0.523095 0.955627
vt 0.511467 0.988602
vt 0.541527 0.287449
vt 0.481407 0.287449
vt 0.538613 0.250599
vt 0.487221 0.251560
vt 0.516304 0.170108
vt 0.489158 0.359213
vt 0.441642 0.360174
vt 0.440665 0.437766
vt 0.484306 0.336904
vt 0.441642 0.322362
vt 0.512428 0.437766
vt 0.441642 0.602625
vt 0.339818 0.602625
vt 0.446494 0.666621
vt 0.339818 0.666621
vt 0.339818 0.830518
vt 0.447456 0.830518
vt 0.339818 0.904219
vt 0.339818 0.437766
vt 0.511467 0.602625
vt 0.510491 0.361151
vt 0.511467 0.347570
vt 0.489158 0.343694
vt 0.437766 0.332052
vt 0.339818 0.327199
vt 0.416419 0.283558
vt 0.339818 0.223438
vt 0.515343 0.955627
vt 0.570626 0.917800
vt 0.410605 0.918776
vt 0.570626 0.882887
vt 0.410605 0.882887
vt 0.570626 0.872221
vt 0.410605 0.874159
vt 0.521157 0.788815
vt 0.410605 0.789792
vt 0.570626 0.789792
vt 0.613291 0.666621
vt 0.522133 0.666621
vt 0.410605 0.666621
vt 0.410605 0.630747
vt 0.522133 0.602625
vt 0.613291 0.602625
vt 0.410605 0.435813
vt 0.520195 0.435813
vt 0.415457 0.330114
vt 0.493034 0.329137
vt 0.613291 0.327199
vt 0.613291 0.435813
vt 0.601648 0.293263
vt 0.528923 0.291325
vt 0.418357 0.300053
vt 0.467826 0.297139
vt 0.470726 0.291325
vt 0.557046 0.291325
vt 0.553170 0.264164
vt 0.473640 0.265141
vt 0.453269 0.380545
vt 0.557046 0.380545
vt 0.455222 0.481407
vt 0.557046 0.481407
vt 0.452308 0.602625
vt 0.557046 0.602625
vt 0.354360 0.602625
vt 0.354360 0.667597
vt 0.450370 0.667597
vt 0.354360 0.481407
vt 0.354360 0.380545
vt 0.354360 0.292287
vt 0.557046 0.667597
vt 0.557046 0.762631
vt 0.446494 0.762631
vt 0.555108 0.839246
vt 0.354360 0.762631
vt 0.354360 0.839246
vt 0.381506 0.894530
vt 0.501762 0.894530
vt 0.383459 0.913924
vt 0.493034 0.913924
vt 0.415457 0.971145
vt 0.354360 0.265141
vt 0.301015 0.600687
vt 0.411582 0.609415
vt 0.411582 0.680201
vt 0.301015 0.530861
vt 0.522133 0.637537
vt 0.522133 0.567712
vt 0.411582 0.474617
vt 0.522133 0.474617
vt 0.301015 0.474617
vt 0.301015 0.746151
vt 0.411582 0.746151
vt 0.411582 0.851850
vt 0.522133 0.746151
vt 0.522133 0.851850
vt 0.522133 0.885801
vt 0.301015 0.885801
vt 0.522133 0.950774
vt 0.301015 0.950774
vt 0.429038 0.989563
vt 0.301015 0.851850
vt 0.301015 0.389273
vt 0.411582 0.389273
vt 0.411582 0.373754
vt 0.301015 0.373754
vt 0.407691 0.339818
vt 0.301015 0.339818
vt 0.502739 0.389273
vt 0.495949 0.373754
vt 0.416419 0.339818
vt 0.485283 0.339818
vt 0.289387 0.914885
vt 0.329137 0.914885
vt 0.290349 0.797543
vt 0.328176 0.798520
vt 0.290349 0.680201
vt 0.328176 0.683116
vt 0.308782 0.677302
vt 0.586130 0.044022
vt 0.727718 0.053727
vt 0.409628 0.053727
vt 0.410605 0.090578
vt 0.729656 0.088640
vt 0.418357 0.185611
vt 0.735485 0.187564
vt 0.423209 0.259327
vt 0.741299 0.259327
vt 0.272892 0.932342
vt 0.308782 0.983749
vt 0.345632 0.932342
vt 0.274830 0.826642
vt 0.342718 0.826642
vt 0.342718 0.808209
vt 0.275807 0.808209
vt 0.338842 0.746151
vt 0.279683 0.746151
vt 0.327199 0.499825
vt 0.308782 0.293263
vt 0.291325 0.499825
vt 0.286473 0.596811
vt 0.331090 0.596811
vt 0.282597 0.790753
vt 0.335927 0.790753
vt 0.503700 0.914885
vt 0.524071 0.975982
vt 0.543465 0.917800
vt 0.542489 0.870283
vt 0.505638 0.867369
vt 0.541527 0.865431
vt 0.506615 0.863493
vt 0.540551 0.863493
vt 0.506615 0.860578
vt 0.507591 0.858640
vt 0.539590 0.860578
vt 0.509529 0.849912
vt 0.537652 0.851850
vt 0.524071 0.815976
vt 0.223438 0.778149
vt 0.515343 0.782025
vt 0.384421 0.747112
vt 0.228290 0.859617
vt 0.521157 0.890654
vt 0.235080 0.961440
vt 0.526986 0.961440
vt 0.513405 0.285512
vt 0.440665 0.275807
vt 0.361151 0.284535
vt 0.411582 0.303929
vt 0.566735 0.303929
vt 0.566735 0.333028
vt 0.413520 0.332052
vt 0.282597 0.333028
vt 0.282597 0.303929
vt 0.282597 0.386358
vt 0.425147 0.386358
vt 0.282597 0.403815
vt 0.429038 0.404791
vt 0.282597 0.412543
vt 0.420310 0.413520
vt 0.282597 0.472679
vt 0.416419 0.476555
vt 0.282597 0.544442
vt 0.420310 0.544442
vt 0.282597 0.674388
vt 0.423209 0.674388
vt 0.417395 0.796582
vt 0.282597 0.796582
vt 0.566735 0.402853
vt 0.566735 0.385397
vt 0.566735 0.412543
vt 0.566735 0.472679
vt 0.566735 0.544442
vt 0.566735 0.674388
vt 0.566735 0.796582
vt 0.412543 0.860578
vt 0.566735 0.860578
vt 0.282597 0.860578
vt 0.412543 0.916838
vt 0.282597 0.916838
vt 0.282597 0.950774
vt 0.566735 0.951736
vt 0.453269 0.989563
vt 0.566735 0.916838
vt 0.284535 0.778149
vt 0.211795 0.875135
vt 0.473640 0.899382
vt 0.467826 0.766522
vt 0.216648 0.958526
vt 0.477516 0.958526
vt 0.351446 0.755840
vt 0.408667 0.938170
vt 0.428061 0.998291
vt 0.447456 0.941070
vt 0.446494 0.692805
vt 0.409628 0.689906
vt 0.445518 0.687968
vt 0.410605 0.685054
vt 0.444541 0.682139
vt 0.441642 0.673411
vt 0.414481 0.671473
vt 0.428061 0.637537
vt 0.414481 0.726757
vt 0.664683 0.726757
vt 0.553170 0.716091
vt 0.665660 0.751965
vt 0.415457 0.753902
vt 0.415457 0.772335
vt 0.666621 0.771359
vt 0.425147 0.931380
vt 0.675349 0.931380
vt 0.382483 0.954650
vt 0.401877 0.998291
vt 0.422248 0.954650
vt 0.421271 0.722881
vt 0.383459 0.722881
vt 0.419333 0.713176
vt 0.385397 0.713176
vt 0.418357 0.703487
vt 0.386358 0.703487
vt 0.401877 0.694759
vt 0.289387 0.919738
vt 0.308782 0.979873
vt 0.329137 0.922652
vt 0.328176 0.881926
vt 0.290349 0.879011
vt 0.328176 0.841184
vt 0.290349 0.838285
vt 0.308782 0.709300
vt 0.399939 0.937194
vt 0.429038 0.998291
vt 0.459098 0.937194
vt 0.457160 0.922652
vt 0.401877 0.922652
vt 0.456184 0.889677
vt 0.402853 0.889677
vt 0.453269 0.809186
vt 0.404791 0.809186
vt 0.405753 0.678264
vt 0.452308 0.674388
vt 0.450370 0.503700
vt 0.407691 0.503700
vt 0.450370 0.419333
vt 0.407691 0.419333
vt 0.445518 0.319448
vt 0.413520 0.319448
vt 0.429038 0.260288
vt 0.289387 0.956588
vt 0.329137 0.959503
vt 0.328176 0.864469
vt 0.290349 0.864469
vt 0.291325 0.668574
vt 0.326238 0.670512
vt 0.323323 0.654994
vt 0.295201 0.653056
vt 0.308782 0.619104
vt 0.554131 0.977920
vt 0.642390 0.977920
vt 0.642390 0.922652
vt 0.554131 0.922652
vt 0.597772 0.849912
vt 0.416419 0.863493
vt 0.259327 0.892592
vt 0.435813 0.890654
vt 0.261265 0.859617
vt 0.393149 0.802396
vt 0.310719 0.822766
vt 0.392187 0.827604
vt 0.327199 0.791730
vt 0.392187 0.791730
vt 0.230228 0.793667
vt 0.230228 0.827604
vt 0.327199 0.755840
vt 0.392187 0.755840
vt 0.392187 0.716091
vt 0.230228 0.716091
vt 0.311681 0.675349
vt 0.230228 0.755840
vt 0.230228 0.898405
vt 0.392187 0.895491
vt 0.308782 0.746151
vt 0.302953 0.276783
vt 0.259327 0.277745
vt 0.302953 0.301015
vt 0.268055 0.302953
vt 0.302953 0.327199
vt 0.268055 0.328176
vt 0.226352 0.308782
vt 0.226352 0.332052
vt 0.226352 0.287449
vt 0.285512 0.241871
vt 0.302953 0.239918
vt 0.226352 0.362112
vt 0.300053 0.361151
vt 0.226352 0.429999
vt 0.226352 0.271931
vt 0.390234 0.437766
vt 0.390234 0.369879
vt 0.226352 0.532799
vt 0.390234 0.533761
vt 0.390234 0.689906
vt 0.226352 0.689906
vt 0.226352 0.849912
vt 0.390234 0.853788
vt 0.226352 0.919738
vt 0.388296 0.920714
vt 0.226352 0.934279
vt 0.390234 0.934279
vt 0.226352 0.956588
vt 0.390234 0.956588
vt 0.390234 0.993439
vt 0.226352 0.993439
vt 0.390234 0.351446
vt 0.343694 0.343694
vt 0.390234 0.336904
vt 0.356298 0.333028
vt 0.390234 0.316533
vt 0.516304 0.600687
vt 0.653056 0.601648
vt 0.512428 0.429999
vt 0.653056 0.429999
vt 0.403815 0.429999
vt 0.403815 0.600687
vt 0.403815 0.289387
vt 0.526009 0.289387
vt 0.427085 0.277745
vt 0.505638 0.277745
vt 0.520195 0.734508
vt 0.403815 0.734508
vt 0.526986 0.875135
vt 0.403815 0.875135
vt 0.653056 0.874159
vt 0.653056 0.734508
vt 0.521157 0.919738
vt 0.409628 0.919738
vt 0.536675 0.975982
vt 0.435813 0.972107
vt 0.516304 0.995377
vt 0.593896 0.976959
vt 0.653056 0.919738
vt 0.609415 0.309743
vt 0.597772 0.290349
vt 0.534737 0.279683
vt 0.591959 0.279683
vt 0.653056 0.290349
vt 0.610376 0.290349
vt 0.617166 0.280659
vt 0.651118 0.280659
vt 0.636561 0.260288
vt 0.509529 0.365026
vt 0.384421 0.552193
vt 0.520195 0.552193
vt 0.384421 0.365026
vt 0.611353 0.365026
vt 0.611353 0.552193
vt 0.518257 0.362112
vt 0.384421 0.362112
vt 0.611353 0.362112
vt 0.384421 0.356298
vt 0.611353 0.356298
vt 0.611353 0.344656
vt 0.384421 0.346593
vt 0.384421 0.713176
vt 0.611353 0.713176
vt 0.611353 0.877073
vt 0.384421 0.877073
vt 0.611353 0.902281
vt 0.384421 0.902281
vt 0.611353 0.920714
vt 0.384421 0.927504
vt 0.611353 0.938170
vt 0.384421 0.947860
vt 0.611353 0.963378
vt 0.384421 0.962417
vt 0.217624 0.956588
vt 0.392187 0.900343
vt 0.217624 0.900343
vt 0.392187 0.956588
vt 0.286473 0.995377
vt 0.392187 0.861555
vt 0.217624 0.861555
vt 0.315572 0.762631
vt 0.217624 0.762631
vt 0.217624 0.666621
vt 0.315572 0.667597
vt 0.392187 0.667597
vt 0.392187 0.762631
vt 0.217624 0.602625
vt 0.315572 0.602625
vt 0.217624 0.481407
vt 0.315572 0.481407
vt 0.217624 0.352422
vt 0.315572 0.353384
vt 0.392187 0.481407
vt 0.391211 0.352422
vt 0.217624 0.281621
vt 0.315572 0.279683
vt 0.392187 0.602625
vt 0.312657 0.262226
vt 0.217624 0.266102
vt 0.379568 0.282597
vt 0.368902 0.273869
vt 0.355322 0.263203
vt 0.384421 0.329137
vt 0.393149 0.321386
vt 0.472679 0.321386
vt 0.472679 0.328176
vt 0.472679 0.331090
vt 0.379568 0.333028
vt 0.274830 0.333028
vt 0.274830 0.328176
vt 0.274830 0.321386
vt 0.404791 0.309743
vt 0.472679 0.309743
vt 0.408667 0.302953
vt 0.472679 0.303929
vt 0.274830 0.303929
vt 0.274830 0.309743
vt 0.472679 0.343694
vt 0.364050 0.344656
vt 0.472679 0.553170
vt 0.366964 0.552193
vt 0.274830 0.344656
vt 0.243809 0.552193
vt 0.357275 0.726757
vt 0.237980 0.726757
vt 0.232166 0.796582
vt 0.349508 0.796582
vt 0.472679 0.808209
vt 0.472679 0.726757
vt 0.232166 0.822766
vt 0.348547 0.822766
vt 0.472679 0.823728
vt 0.358236 0.902281
vt 0.472679 0.902281
vt 0.472679 0.942046
vt 0.274830 0.902281
vt 0.274830 0.942046
vt 0.472679 0.301015
vt 0.410605 0.301015
vt 0.414481 0.295201
vt 0.472679 0.295201
vt 0.463951 0.274830
vt 0.274830 0.295201
vt 0.296178 0.269993
vt 0.423209 0.248646
vt 0.312657 0.248646
vt 0.355322 0.181735
vt 0.274830 0.301015
vt 0.274830 0.302953
vt 0.296178 0.902281
vt 0.326238 0.998291
vt 0.355322 0.902281
vt 0.354360 0.869307
vt 0.298116 0.869307
vt 0.352422 0.860578
vt 0.300053 0.860578
vt 0.350484 0.809186
vt 0.301991 0.809186
vt 0.302953 0.678264
vt 0.349508 0.674388
vt 0.304906 0.503700
vt 0.347570 0.503700
vt 0.304906 0.419333
vt 0.347570 0.419333
vt 0.305867 0.335927
vt 0.346593 0.335927
vt 0.337865 0.302953
vt 0.314595 0.301991
vt 0.326238 0.260288
s 1
usemtl Tex_1272_0.dds
f 1/1/1 2/2/2 3/3/3
f 2/2/2 4/4/4 3/3/3
f 4/4/4 2/2/2 5/5/5
f 6/6/6 7/7/7 8/8/8
f 7/7/7 9/9/9 8/8/8
f 7/7/7 10/10/10 9/9/9
f 10/10/10 11/11/11 9/9/9
f 12/12/12 10/10/10 7/7/7
f 13/13/13 12/12/12 7/7/7
f 13/13/13 7/7/7 6/6/6
f 14/14/14 12/12/12 13/13/13
f 15/15/15 14/14/14 13/13/13
f 15/15/15 13/13/13 16/16/16
f 16/16/16 13/13/13 6/6/6
f 17/17/17 15/15/15 16/16/16
f 18/18/18 15/15/15 17/17/17
f 17/17/17 19/19/19 18/18/18
f 18/18/18 19/19/19 20/20/20
f 20/20/20 21/21/21 18/18/18
f 22/22/22 21/21/21 20/20/20
f 21/21/21 22/22/22 23/23/23
f 22/22/22 24/24/24 23/23/23
f 25/25/25 24/24/24 22/22/22
f 25/25/25 26/26/26 24/24/24
f 27/27/27 26/26/26 25/25/25
f 28/28/28 26/26/26 27/27/27
f 27/27/27 29/29/29 28/28/28
f 18/18/18 30/30/30 15/15/15
f 30/30/30 18/18/18 21/21/21
f 30/30/30 14/14/14 15/15/15
f 21/21/21 31/31/31 30/30/30
f 31/31/31 21/21/21 23/23/23
f 23/23/23 32/32/32 31/31/31
f 24/24/24 33/33/33 23/23/23
f 33/33/33 32/32/32 23/23/23
f 33/33/33 24/24/24 26/26/26
f 26/26/26 34/34/34 33/33/33
f 34/34/34 26/26/26 28/28/28
f 28/28/28 35/35/35 34/34/34
f 36/36/36 28/28/28 29/29/29
f 36/36/36 35/35/35 28/28/28
f 37/37/37 36/36/36 29/29/29
f 36/36/36 38/38/38 35/35/35
f 37/37/37 39/39/39 36/36/36
f 40/40/40 39/39/39 37/37/37
f 39/39/39 40/40/40 41/41/41
f 36/36/36 39/39/39 42/42/42
f 42/42/42 38/38/38 36/36/36
f 39/39/39 43/43/43 42/42/42
f 39/39/39 41/41/41 43/43/43
f 41/41/41 44/44/44 43/43/43
f 45/45/45 44/44/44 41/41/41
f 46/46/46 44/44/44 45/45/45
f 47/47/47 48/48/48 49/49/49
f 49/49/49 48/48/48 50/50/50
f 47/47/47 49/49/49 51/51/51
f 50/50/50 48/48/48 52/52/52
f 52/52/52 48/48/48 53/53/53
f 48/48/48 47/47/47 53/53/53
f 53/53/53 54/54/54 52/52/52
f 9/9/9 52/52/52 54/54/54
f 54/54/54 8/8/8 9/9/9
f 9/9/9 11/11/11 52/52/52
f 11/11/11 55/55/55 52/52/52
f 52/52/52 55/55/55 50/50/50
f 56/1/56 57/56/57 58/57/58
f 59/58/59 58/57/58 57/56/57
f 58/57/58 59/58/59 60/59/59
f 61/60/60 62/61/61 63/62/62
f 63/62/62 64/63/63 61/60/60
f 65/64/64 63/62/62 62/61/61
f 62/61/61 66/65/65 65/64/64
f 65/64/64 66/65/65 67/66/66
f 68/67/67 61/60/60 64/63/63
f 64/63/63 69/68/68 68/67/67
f 68/67/67 69/68/68 70/69/69
f 68/67/67 70/69/69 71/70/70
f 71/70/70 70/69/69 72/71/71
f 72/71/71 73/72/72 71/70/70
f 74/73/73 73/72/72 72/71/71
f 73/72/72 74/73/73 75/74/74
f 76/75/75 75/74/74 74/73/73
f 75/74/74 76/75/75 77/76/76
f 78/77/77 77/76/76 76/75/75
f 77/76/76 78/77/77 79/78/78
f 80/79/79 79/78/78 78/77/77
f 78/77/77 81/80/79 80/79/79
f 80/79/79 81/80/79 82/81/80
f 82/81/80 83/82/80 80/79/79
f 83/82/80 82/81/80 84/83/81
f 84/83/81 85/84/81 83/82/80
f 85/84/81 84/83/81 86/85/82
f 86/85/82 87/86/83 85/84/81
f 86/85/82 88/87/84 87/86/83
f 89/88/85 90/89/86 91/90/2
f 92/91/87 89/88/85 91/90/2
f 93/92/87 92/91/87 91/90/2
f 93/92/87 94/93/88 92/91/87
f 95/94/88 94/93/88 93/92/87
f 96/95/89 97/96/90 98/97/91
f 99/98/92 98/97/91 97/96/90
f 97/96/90 96/95/89 100/99/93
f 96/95/89 101/100/94 100/99/93
f 100/99/93 101/100/94 102/101/95
f 101/100/94 103/102/96 102/101/95
f 102/101/95 103/102/96 104/103/97
f 103/102/96 105/104/97 104/103/97
f 106/105/98 104/103/97 105/104/97
f 105/104/97 107/106/98 106/105/98
f 106/105/98 107/106/98 108/107/99
f 108/107/99 109/108/100 106/105/98
f 110/109/101 109/108/100 108/107/99
f 111/110/102 112/111/103 113/112/104
f 114/113/105 111/110/102 113/112/104
f 111/110/102 114/113/105 115/114/106
f 115/114/106 114/113/105 116/115/107
f 116/115/107 117/116/108 115/114/106
f 118/117/109 117/116/108 116/115/107
f 119/118/109 118/117/109 116/115/107
f 120/119/110 121/120/111 122/121/111
f 122/121/111 121/120/111 123/122/112
f 123/122/112 124/123/113 122/121/111
f 125/124/114 124/123/113 123/122/112
f 124/123/113 125/124/114 126/125/115
f 126/125/115 125/124/114 127/126/116
f 127/126/116 128/127/116 126/125/115
f 129/128/117 130/129/118 131/130/119
f 131/130/119 132/131/91 129/128/117
f 132/131/91 133/132/120 129/128/117
f 134/133/121 133/132/120 132/131/91
f 134/133/121 132/131/91 135/134/122
f 131/130/119 135/134/122 132/131/91
f 136/135/123 134/133/121 135/134/122
f 135/134/122 131/130/119 137/136/124
f 131/130/119 130/129/118 138/137/125
f 138/137/125 137/136/124 131/130/119
f 130/129/118 139/138/126 138/137/125
f 138/137/125 139/138/126 140/139/127
f 139/138/126 141/140/128 140/139/127
f 140/139/127 141/140/128 142/141/129
f 143/142/130 142/141/129 141/140/128
f 144/143/131 138/137/125 140/139/127
f 137/136/124 138/137/125 144/143/131
f 144/143/131 140/139/127 145/144/132
f 142/141/129 145/144/132 140/139/127
f 142/141/129 146/145/133 145/144/132
f 142/141/129 143/142/130 147/146/134
f 146/145/133 142/141/129 147/146/134
f 148/147/135 147/146/134 143/142/130
f 148/147/135 149/148/136 147/146/134
f 149/148/136 150/149/137 147/146/134
f 147/146/134 150/149/137 151/150/138
f 147/146/134 151/150/138 146/145/133
f 150/149/137 149/148/136 152/151/139
f 152/151/139 153/152/139 150/149/137
f 153/152/139 152/151/139 154/153/140
f 154/153/140 155/154/141 153/152/139
f 156/155/142 155/154/141 154/153/140
f 157/156/143 158/108/144 159/157/145
f 159/157/145 160/158/146 157/156/143
f 160/158/146 161/159/147 157/156/143
f 162/160/148 157/156/143 161/159/147
f 163/161/149 157/156/143 162/160/148
f 161/159/147 160/158/146 164/162/150
f 165/163/151 158/108/144 157/156/143
f 157/156/143 163/161/149 165/163/151
f 166/164/152 161/159/147 164/162/150
f 164/162/150 167/165/153 166/164/152
f 134/133/121 166/164/152 167/165/153
f 166/164/152 134/133/121 136/135/123
f 168/166/154 166/164/152 136/135/123
f 162/160/148 161/159/147 168/166/154
f 168/166/154 161/159/147 166/164/152
f 167/165/153 133/132/120 134/133/121
f 165/163/151 169/167/155 158/108/144
f 158/108/144 169/167/155 170/168/156
f 158/108/144 170/168/156 159/157/145
f 171/169/157 170/168/156 169/167/155
f 169/167/155 172/170/158 171/169/157
f 173/171/159 171/169/157 172/170/158
f 172/170/158 174/172/160 173/171/159
f 175/173/161 173/171/159 174/172/160
f 174/172/160 176/174/162 175/173/161
f 176/174/162 177/175/163 175/173/161
f 176/174/162 178/176/164 177/175/163
f 179/177/165 180/178/166 181/179/167
f 179/177/165 182/180/168 180/178/166
f 182/180/168 183/181/169 180/178/166
f 179/177/165 184/182/170 182/180/168
f 185/183/171 182/180/168 184/182/170
f 182/180/168 185/183/171 186/184/172
f 183/181/169 182/180/168 186/184/172
f 187/185/173 186/184/172 185/183/171
f 185/183/171 188/186/174 187/185/173
f 189/187/175 187/185/173 188/186/174
f 188/186/174 190/188/176 189/187/175
f 189/187/175 190/188/176 191/189/177
f 189/187/175 191/189/177 192/190/178
f 192/190/178 193/191/179 189/187/175
f 193/191/179 192/190/178 194/192/180
f 189/187/175 193/191/179 195/193/181
f 195/193/181 187/185/173 189/187/175
f 192/190/178 191/189/177 196/194/182
f 197/195/183 192/190/178 196/194/182
f 197/195/183 194/192/180 192/190/178
f 197/195/183 196/194/182 198/196/184
f 198/196/184 199/197/185 197/195/183
f 200/198/186 199/197/185 198/196/184
f 187/185/173 195/193/181 201/199/187
f 201/199/187 186/184/172 187/185/173
f 186/184/172 201/199/187 183/181/169
f 202/200/188 203/201/189 204/202/190
f 204/202/190 205/203/191 202/200/188
f 205/203/191 206/204/192 202/200/188
f 205/203/191 207/205/193 206/204/192
f 208/206/194 206/204/192 207/205/193
f 207/205/193 209/207/195 208/206/194
f 204/202/190 203/201/189 210/208/196
f 210/208/196 211/209/196 204/202/190
f 208/206/194 209/207/195 212/210/197
f 213/211/198 212/210/197 209/207/195
f 211/209/196 210/208/196 214/212/199
f 214/212/199 215/213/200 211/209/196
f 216/214/201 215/213/200 214/212/199
f 215/213/200 216/214/201 217/215/201
f 213/211/198 218/216/202 212/210/197
f 213/211/198 219/217/203 218/216/202
f 219/217/203 220/218/204 218/216/202
f 221/219/205 217/215/201 216/214/201
f 217/215/201 221/219/205 222/220/205
f 221/219/205 223/221/206 222/220/205
f 224/222/207 225/223/208 226/224/209
f 227/225/210 224/222/207 226/224/209
f 228/226/211 227/225/210 226/224/209
f 229/227/212 227/225/210 228/226/211
f 230/228/213 229/227/212 228/226/211
f 231/229/214 229/227/212 230/228/213
f 232/230/215 231/229/214 230/228/213
f 231/229/214 232/230/215 233/231/216
f 234/232/217 233/231/216 232/230/215
f 233/231/216 234/232/217 235/233/218
f 236/234/219 237/235/220 238/236/219
f 236/234/219 238/236/219 239/237/221
f 239/237/221 240/238/222 236/234/219
f 241/239/223 240/238/222 239/237/221
f 241/239/223 242/240/224 240/238/222
f 243/241/225 242/240/224 241/239/223
f 243/241/225 244/242/226 242/240/224
f 244/242/226 243/241/225 245/243/227
f 245/243/227 246/244/228 244/242/226
f 246/244/228 245/243/227 247/245/229
f 247/245/229 248/246/230 246/244/228
f 248/246/230 247/245/229 249/247/231
f 250/248/232 251/249/233 252/250/234
f 253/251/235 251/249/233 250/248/232
f 251/249/233 253/251/235 254/252/236
f 255/253/237 254/252/236 253/251/235
f 254/252/236 255/253/237 256/254/238
f 257/255/239 256/254/238 255/253/237
f 256/254/238 257/255/239 258/256/240
f 258/256/240 257/255/239 259/257/241
f 259/257/241 260/258/242 258/256/240
f 259/257/241 261/259/243 260/258/242
f 262/222/244 263/223/245 264/224/246
f 265/225/247 262/222/244 264/224/246
f 266/226/248 265/225/247 264/224/246
f 267/227/249 265/225/247 266/226/248
f 268/228/250 267/227/249 266/226/248
f 269/229/251 267/227/249 268/228/250
f 270/230/252 269/229/251 268/228/250
f 271/231/253 269/229/251 270/230/252
f 272/232/254 271/231/253 270/230/252
f 271/231/253 272/232/254 273/233/255
f 274/260/256 275/261/257 276/262/258
f 275/261/257 277/263/259 276/262/258
f 277/263/259 275/261/257 278/264/260
f 275/261/257 279/265/261 278/264/260
f 279/265/261 275/261/257 280/266/262
f 274/260/256 280/266/262 275/261/257
f 278/264/260 281/267/263 277/263/259
f 276/262/258 282/268/264 274/260/256
f 282/268/264 283/269/265 274/260/256
f 278/264/260 279/265/261 284/270/266
f 284/270/266 285/271/267 278/264/260
f 286/272/268 281/267/263 278/264/260
f 278/264/260 285/271/267 286/272/268
f 285/271/267 284/270/266 287/273/269
f 287/273/269 288/274/270 285/271/267
f 288/274/270 289/275/271 285/271/267
f 285/271/267 289/275/271 286/272/268
f 290/276/272 289/275/271 288/274/270
f 288/274/270 291/277/273 290/276/272
f 287/273/269 291/277/273 288/274/270
f 292/278/274 290/276/272 291/277/273
f 292/278/274 291/277/273 293/279/275
f 293/279/275 291/277/273 287/273/269
f 293/279/275 294/280/276 292/278/274
f 295/281/277 292/278/274 294/280/276
f 292/278/274 296/282/278 290/276/272
f 292/278/274 295/281/277 297/283/279
f 292/278/274 297/283/279 296/282/278
f 298/284/280 297/283/279 295/281/277
f 297/283/279 298/284/280 299/285/281
f 300/286/282 299/285/281 298/284/280
f 301/287/283 302/288/284 303/289/285
f 302/288/284 304/290/286 303/289/285
f 303/289/285 304/290/286 305/291/287
f 305/291/287 306/292/288 303/289/285
f 306/292/288 305/291/287 307/293/289
f 308/294/290 306/292/288 307/293/289
f 308/294/290 307/293/289 309/295/291
f 309/295/291 310/296/292 308/294/290
f 310/296/292 309/295/291 311/297/293
f 311/297/293 312/298/294 310/296/292
f 313/299/295 311/297/293 309/295/291
f 314/300/296 313/299/295 309/295/291
f 314/300/296 309/295/291 307/293/289
f 307/293/289 315/301/297 314/300/296
f 305/291/287 315/301/297 307/293/289
f 316/302/298 312/298/294 311/297/293
f 311/297/293 317/303/299 316/302/298
f 318/304/300 316/302/298 317/303/299
f 317/303/299 319/305/301 318/304/300
f 317/303/299 320/306/302 319/305/301
f 320/306/302 317/303/299 321/307/303
f 321/307/303 311/297/293 313/299/295
f 311/297/293 321/307/303 317/303/299
f 318/304/300 319/305/301 322/308/304
f 322/308/304 323/309/305 318/304/300
f 323/309/305 322/308/304 324/310/306
f 324/310/306 325/311/307 323/309/305
f 325/311/307 324/310/306 326/312/308
f 324/310/306 327/313/309 326/312/308
f 328/314/310 324/310/306 322/308/304
f 322/308/304 329/315/311 328/314/310
f 319/305/301 320/306/302 329/315/311
f 329/315/311 322/308/304 319/305/301
f 330/316/312 324/310/306 328/314/310
f 324/310/306 330/316/312 327/313/309
f 326/312/308 327/313/309 331/317/313
f 331/317/313 332/318/314 326/312/308
f 333/319/315 327/313/309 330/316/312
f 327/313/309 333/319/315 331/317/313
f 332/318/314 331/317/313 334/320/316
f 334/320/316 331/317/313 333/319/315
f 334/320/316 335/321/317 332/318/314
f 333/319/315 336/322/318 334/320/316
f 337/323/319 334/320/316 336/322/318
f 335/321/317 334/320/316 337/323/319
f 336/322/318 338/324/320 337/323/319
f 337/323/319 339/325/321 335/321/317
f 340/326/322 337/323/319 338/324/320
f 339/325/321 337/323/319 340/326/322
f 338/324/320 341/327/323 340/326/322
f 342/328/324 340/326/322 341/327/323
f 342/328/324 343/329/325 340/326/322
f 344/330/326 343/329/325 342/328/324
f 343/329/325 345/331/327 340/326/322
f 340/326/322 345/331/327 339/325/321
f 346/332/328 347/333/329 348/334/330
f 348/334/330 349/335/331 346/332/328
f 350/336/332 348/334/330 347/333/329
f 348/334/330 350/336/332 351/337/333
f 351/337/333 350/336/332 352/338/334
f 353/339/335 352/338/334 350/336/332
f 353/339/335 354/340/336 352/338/334
f 355/341/337 354/340/336 353/339/335
f 354/340/336 356/342/338 352/338/334
f 354/340/336 357/343/339 356/342/338
f 358/344/340 357/343/339 354/340/336
f 358/344/340 354/340/336 355/341/337
f 357/343/339 358/344/340 359/345/341
f 360/346/342 359/345/341 358/344/340
f 355/341/337 360/346/342 358/344/340
f 361/347/343 359/345/341 360/346/342
f 359/345/341 362/348/344 357/343/339
f 352/338/334 356/342/338 363/349/345
f 352/338/334 363/349/345 351/337/333
f 363/349/345 364/350/346 351/337/333
f 351/337/333 364/350/346 348/334/330
f 365/351/347 348/334/330 364/350/346
f 349/335/331 348/334/330 365/351/347
f 365/351/347 366/352/348 349/335/331
f 367/353/349 362/348/344 359/345/341
f 359/345/341 368/354/350 367/353/349
f 368/354/350 359/345/341 361/347/343
f 361/347/343 369/355/351 368/354/350
f 370/356/352 368/354/350 369/355/351
f 369/355/351 371/357/353 370/356/352
f 370/356/352 372/358/354 368/354/350
f 372/358/354 367/353/349 368/354/350
f 373/359/355 370/356/352 371/357/353
f 374/360/356 373/359/355 371/357/353
f 373/359/355 374/360/356 375/361/357
f 375/361/357 376/362/358 373/359/355
f 349/335/331 366/352/348 377/363/359
f 378/364/360 377/363/359 366/352/348
f 377/363/359 379/365/361 349/335/331
f 379/365/361 377/363/359 380/366/362
f 381/367/363 380/366/362 377/363/359
f 377/363/359 378/364/360 382/368/364
f 382/368/364 381/367/363 377/363/359
f 381/367/363 382/368/364 383/369/365
f 382/368/364 384/370/366 383/369/365
f 385/371/367 383/369/365 384/370/366
f 383/369/365 385/371/367 386/372/368
f 385/371/367 387/373/369 386/372/368
f 388/374/283 373/359/355 376/362/358
f 376/362/358 389/375/284 388/374/283
f 383/369/365 386/372/368 390/376/370
f 383/369/365 390/376/370 381/367/363
f 380/366/362 381/367/363 390/376/370
f 346/332/328 349/335/331 379/365/361
f 388/374/283 372/358/354 370/356/352
f 370/356/352 373/359/355 388/374/283
f 391/377/371 392/378/372 393/379/373
f 392/378/372 391/377/371 394/380/374
f 394/380/374 395/381/375 392/378/372
f 392/378/372 395/381/375 396/382/376
f 396/382/376 397/383/377 392/378/372
f 397/383/377 393/379/373 392/378/372
f 398/384/378 397/383/377 396/382/376
f 399/385/379 397/383/377 398/384/378
f 393/379/373 397/383/377 399/385/379
f 399/385/379 398/384/378 400/386/380
f 396/382/376 401/387/381 398/384/378
f 395/381/375 394/380/374 402/388/382
f 403/389/383 394/380/374 391/377/371
f 394/380/374 403/389/383 404/390/384
f 402/388/382 394/380/374 404/390/384
f 398/384/378 401/387/381 405/391/385
f 405/391/385 406/392/386 398/384/378
f 400/386/380 398/384/378 406/392/386
f 407/393/387 406/392/386 405/391/385
f 406/392/386 407/393/387 408/394/388
f 408/394/388 407/393/387 409/395/389
f 409/395/389 410/396/390 408/394/388
f 410/396/390 411/397/391 408/394/388
f 412/398/392 411/397/391 410/396/390
f 410/396/390 413/399/393 412/398/392
f 411/397/391 414/400/394 408/394/388
f 408/394/388 414/400/394 406/392/386
f 415/401/395 413/399/393 410/396/390
f 410/396/390 409/395/389 415/401/395
f 414/400/394 416/402/396 406/392/386
f 400/386/380 406/392/386 416/402/396
f 413/399/393 415/401/395 417/403/397
f 417/403/397 418/404/398 413/399/393
f 412/398/392 413/399/393 418/404/398
f 418/404/398 419/405/399 412/398/392
f 418/404/398 417/403/397 420/406/400
f 420/406/400 421/407/401 418/404/398
f 421/407/401 419/405/399 418/404/398
f 422/408/402 421/407/401 420/406/400
f 421/407/401 422/408/402 423/409/403
f 424/410/404 421/407/401 423/409/403
f 419/405/399 421/407/401 424/410/404
f 423/409/403 425/411/405 424/410/404
f 426/412/406 423/409/403 422/408/402
f 423/409/403 426/412/406 427/413/407
f 427/413/407 425/411/405 423/409/403
f 427/413/407 428/414/408 425/411/405
f 427/413/407 426/412/406 429/415/409
f 430/416/410 427/413/407 429/415/409
f 430/416/410 428/414/408 427/413/407
f 431/417/411 430/416/410 429/415/409
f 429/415/409 432/418/284 431/417/411
f 433/419/412 434/420/413 435/421/414
f 434/420/413 404/390/384 435/421/414
f 434/420/413 436/422/415 404/390/384
f 403/389/383 435/421/414 404/390/384
f 404/390/384 436/422/415 402/388/382
f 437/423/416 438/424/417 439/425/418
f 439/425/418 438/424/417 440/426/419
f 438/424/417 441/427/420 440/426/419
f 441/427/420 438/424/417 442/428/421
f 443/429/422 442/428/421 438/424/417
f 438/424/417 437/423/416 443/429/422
f 444/430/423 442/428/421 443/429/422
f 445/431/424 444/430/423 443/429/422
f 443/429/422 446/432/425 445/431/424
f 446/432/425 443/429/422 437/423/416
f 447/433/426 445/431/424 446/432/425
f 440/426/419 441/427/420 448/434/427
f 440/426/419 448/434/427 449/435/428
f 439/425/418 440/426/419 450/436/429
f 440/426/419 449/435/428 450/436/429
f 451/437/430 450/436/429 449/435/428
f 444/430/423 445/431/424 452/438/431
f 453/439/432 452/438/431 445/431/424
f 445/431/424 447/433/426 453/439/432
f 452/438/431 453/439/432 454/440/433
f 455/441/434 454/440/433 453/439/432
f 456/442/435 454/440/433 455/441/434
f 455/441/434 457/443/436 456/442/435
f 458/444/437 457/443/436 455/441/434
f 459/445/438 457/443/436 458/444/437
f 460/446/439 457/443/436 459/445/438
f 459/445/438 461/447/440 460/446/439
f 462/448/441 460/446/439 461/447/440
f 461/447/440 463/449/442 462/448/441
f 463/449/442 464/450/443 462/448/441
f 465/451/444 464/450/443 463/449/442
f 464/450/443 466/452/445 462/448/441
f 466/452/445 467/453/446 462/448/441
f 462/448/441 467/453/446 460/446/439
f 467/453/446 468/454/447 460/446/439
f 460/446/439 468/454/447 457/443/436
f 468/454/447 456/442/435 457/443/436
f 469/455/448 464/450/443 465/451/444
f 465/451/444 470/456/449 469/455/448
f 469/455/448 470/456/449 471/457/450
f 469/455/448 472/458/451 464/450/443
f 472/458/451 466/452/445 464/450/443
f 472/458/451 469/455/448 473/459/452
f 473/459/452 469/455/448 471/457/450
f 471/457/450 474/460/453 473/459/452
f 471/457/450 475/461/283 474/460/453
f 458/444/437 455/441/434 476/462/454
f 476/462/454 455/441/434 453/439/432
f 476/462/454 453/439/432 447/433/426
f 477/463/455 478/464/456 479/465/457
f 479/465/457 480/466/458 477/463/455
f 481/467/459 480/466/458 479/465/457
f 482/468/460 481/467/459 479/465/457
f 481/467/459 482/468/460 483/469/461
f 483/469/461 484/470/462 481/467/459
f 482/468/460 485/441/463 483/469/461
f 485/441/463 482/468/460 486/471/464
f 479/465/457 486/471/464 482/468/460
f 486/471/464 479/465/457 487/472/465
f 478/464/456 487/472/465 479/465/457
f 478/464/456 488/473/466 487/472/465
f 489/474/467 488/473/466 478/464/456
f 488/473/466 489/474/467 490/475/468
f 478/464/456 477/463/455 491/85/469
f 491/85/469 489/474/467 478/464/456
f 492/476/470 489/474/467 491/85/469
f 489/474/467 492/476/470 493/477/471
f 494/478/472 493/477/471 492/476/470
f 493/477/471 494/478/472 495/479/473
f 489/474/467 493/477/471 496/480/474
f 496/480/474 490/475/468 489/474/467
f 495/479/473 496/480/474 493/477/471
f 496/480/474 495/479/473 497/481/475
f 498/482/476 495/479/473 494/478/472
f 497/481/475 495/479/473 498/482/476
f 494/478/472 499/483/477 498/482/476
f 500/484/478 498/482/476 499/483/477
f 500/484/478 501/485/479 498/482/476
f 501/485/479 502/486/480 498/482/476
f 498/482/476 502/486/480 497/481/475
f 503/487/481 501/485/479 500/484/478
f 483/469/461 504/488/482 505/489/483
f 505/489/483 504/488/482 506/490/484
f 506/490/484 507/491/485 505/489/483
f 507/491/485 506/490/484 508/492/486
f 508/492/486 509/493/487 507/491/485
f 508/492/486 510/494/488 509/493/487
f 510/494/488 511/495/489 509/493/487
f 511/495/489 510/494/488 512/496/490
f 512/496/490 513/497/491 511/495/489
f 513/497/491 512/496/490 514/498/492
f 514/498/492 515/499/493 513/497/491
f 483/469/461 485/441/463 504/488/482
f 483/469/461 505/489/483 484/470/462
f 516/500/494 515/499/493 514/498/492
f 515/499/493 516/500/494 517/501/495
f 514/498/492 518/502/411 516/500/494
f 519/503/496 520/504/497 521/505/498
f 522/506/499 520/504/497 519/503/496
f 522/506/499 523/507/500 520/504/497
f 524/188/501 523/507/500 522/506/499
f 524/188/501 525/508/502 523/507/500
f 526/509/503 525/508/502 524/188/501
f 524/188/501 527/510/504 526/509/503
f 528/511/505 527/510/504 524/188/501
f 524/188/501 529/512/506 528/511/505
f 529/512/506 524/188/501 522/506/499
f 527/510/504 528/511/505 530/513/507
f 530/513/507 531/514/508 527/510/504
f 531/514/508 530/513/507 532/515/509
f 532/515/509 533/516/510 531/514/508
f 533/516/510 532/515/509 534/517/511
f 534/517/511 535/518/512 533/516/510
f 536/519/513 533/516/510 535/518/512
f 537/520/514 536/519/513 535/518/512
f 535/518/512 538/521/515 537/520/514
f 537/520/514 538/521/515 539/522/516
f 539/522/516 540/523/517 537/520/514
f 541/524/518 540/523/517 539/522/516
f 540/523/517 541/524/518 542/525/519
f 543/526/520 542/525/519 541/524/518
f 542/525/519 543/526/520 544/527/521
f 545/528/522 544/527/521 543/526/520
f 544/527/521 545/528/522 546/529/523
f 547/530/524 533/516/510 536/519/513
f 531/514/508 533/516/510 547/530/524
f 547/530/524 548/531/525 531/514/508
f 527/510/504 531/514/508 548/531/525
f 548/531/525 526/509/503 527/510/504
f 538/521/515 549/532/526 539/522/516
f 549/532/526 538/521/515 550/533/527
f 535/518/512 550/533/527 538/521/515
f 550/533/527 535/518/512 534/517/511
f 541/524/518 551/534/528 543/526/520
f 543/526/520 551/534/528 552/535/529
f 552/535/529 545/528/522 543/526/520
f 553/536/530 545/528/522 552/535/529
f 545/528/522 553/536/530 554/537/531
f 554/537/531 553/536/530 555/538/532
f 554/537/531 555/538/532 556/539/533
f 557/540/534 556/539/533 555/538/532
f 554/537/531 556/539/533 558/541/535
f 559/542/536 554/537/531 558/541/535
f 558/541/535 556/539/533 560/543/537
f 556/539/533 561/544/538 560/543/537
f 545/528/522 554/537/531 559/542/536
f 559/542/536 546/529/523 545/528/522
f 551/534/528 541/524/518 562/545/539
f 539/522/516 562/545/539 541/524/518
f 562/545/539 539/522/516 549/532/526
f 522/506/499 563/546/540 529/512/506
f 563/546/540 522/506/499 519/503/496
f 519/503/496 564/547/541 563/546/540
f 519/503/496 565/548/542 564/547/541
f 519/503/496 521/505/498 565/548/542
f 566/549/283 565/548/542 521/505/498
f 567/550/543 568/551/544 569/552/545
f 569/552/545 570/553/546 567/550/543
f 570/553/546 569/552/545 571/554/547
f 572/555/548 570/553/546 571/554/547
f 573/556/549 570/553/546 572/555/548
f 573/556/549 572/555/548 574/557/550
f 575/558/551 567/550/543 570/553/546
f 575/558/551 570/553/546 573/556/549
f 576/559/552 574/557/550 572/555/548
f 574/557/550 576/559/552 577/560/553
f 578/561/554 577/560/553 576/559/552
f 576/559/552 579/562/555 578/561/554
f 579/562/555 576/559/552 580/563/556
f 580/563/556 576/559/552 572/555/548
f 572/555/548 571/554/547 580/563/556
f 581/564/557 579/562/555 580/563/556
f 582/565/558 579/562/555 581/564/557
f 582/565/558 578/561/554 579/562/555
f 583/566/559 582/565/558 581/564/557
f 567/550/543 575/558/551 584/567/560
f 584/567/560 585/568/561 567/550/543
f 586/569/562 585/568/561 584/567/560
f 584/567/560 587/570/563 586/569/562
f 588/571/564 585/568/561 586/569/562
f 586/569/562 589/572/565 588/571/564
f 587/570/563 590/573/566 586/569/562
f 591/574/567 586/569/562 590/573/566
f 591/574/567 590/573/566 592/575/568
f 593/576/569 591/574/567 592/575/568
f 592/575/568 594/577/570 593/576/569
f 594/577/570 595/578/571 593/576/569
f 595/578/571 596/579/572 593/576/569
f 597/580/495 596/579/572 595/578/571
f 598/581/573 593/576/569 596/579/572
f 598/581/573 591/574/567 593/576/569
f 589/572/565 586/569/562 598/581/573
f 598/581/573 586/569/562 591/574/567
f 568/551/544 585/568/561 588/571/564
f 568/551/544 567/550/543 585/568/561
f 599/582/574 600/583/575 601/584/576
f 602/585/577 601/584/576 600/583/575
f 601/584/576 602/585/577 603/586/578
f 604/587/579 603/586/578 602/585/577
f 603/586/578 604/587/579 605/588/580
f 604/587/579 606/589/581 605/588/580
f 606/589/581 604/587/579 607/590/581
f 608/80/582 609/591/583 610/592/584
f 610/592/584 611/593/585 608/80/582
f 609/591/583 608/80/582 612/594/586
f 612/594/586 613/595/587 609/591/583
f 614/596/588 613/595/587 612/594/586
f 612/594/586 615/597/589 614/596/588
f 616/598/590 614/596/588 615/597/589
f 615/597/589 617/599/591 616/598/590
f 609/591/583 618/600/592 610/592/584
f 619/601/593 610/592/584 618/600/592
f 618/600/592 609/591/583 620/602/594
f 613/595/587 620/602/594 609/591/583
f 614/596/588 621/603/595 613/595/587
f 613/595/587 621/603/595 620/602/594
f 616/598/590 622/604/596 614/596/588
f 622/604/596 621/603/595 614/596/588
f 610/592/584 619/601/593 623/605/597
f 610/592/584 624/606/598 611/593/585
f 610/592/584 623/605/597 624/606/598
f 623/605/597 625/607/599 624/606/598
f 616/598/590 626/608/600 622/604/596
f 616/598/590 627/609/601 626/608/600
f 616/598/590 617/599/591 627/609/601
f 628/610/602 629/611/603 630/612/604
f 630/612/604 631/613/605 628/610/602
f 630/612/604 629/611/603 632/614/606
f 632/614/606 633/615/606 630/612/604
f 630/612/604 634/616/607 631/613/605
f 634/616/607 630/612/604 635/617/608
f 635/617/608 636/618/608 634/616/607
f 634/616/607 637/619/609 631/613/605
f 638/620/610 637/619/609 634/616/607
f 639/621/611 638/620/610 634/616/607
f 634/616/607 640/622/611 639/621/611
f 638/620/610 641/623/612 637/619/609
f 641/623/612 638/620/610 642/624/613
f 642/624/613 643/625/614 641/623/612
f 644/626/615 642/624/613 638/620/610
f 638/620/610 645/627/615 644/626/615
f 646/628/616 647/629/616 648/630/617
f 648/630/617 649/631/618 646/628/616
f 649/631/618 648/630/617 650/632/619
f 650/632/619 651/633/620 649/631/618
f 650/632/619 652/634/620 651/633/620
f 651/633/620 652/634/620 653/635/620
f 653/635/620 652/634/620 654/636/621
f 653/635/620 654/636/621 655/637/622
f 654/636/621 656/638/623 655/637/622
f 657/639/624 658/640/625 659/641/626
f 658/640/625 657/639/624 660/642/627
f 659/641/626 661/643/628 657/639/624
f 662/644/627 663/645/629 664/646/630
f 663/645/629 665/647/631 664/646/630
f 666/648/632 667/649/633 668/650/634
f 668/650/634 669/651/627 666/648/632
f 669/651/627 668/650/634 670/652/635
f 671/653/636 672/654/626 673/655/637
f 672/654/626 671/653/636 674/656/638
f 674/656/638 675/657/639 672/654/626
f 676/658/640 677/659/641 678/660/642
f 677/659/641 679/661/643 678/660/642
f 680/662/644 681/663/645 682/664/634
f 683/665/646 682/664/634 681/663/645
f 684/666/647 685/667/648 686/668/649
f 685/667/648 684/666/647 687/669/650
f 688/670/650 687/669/650 684/666/647
f 689/671/640 690/672/651 691/673/652
f 690/672/651 689/671/640 692/674/653
f 690/672/651 693/675/654 691/673/652
f 694/676/655 695/677/656 696/678/657
f 695/677/656 697/679/658 696/678/657
f 696/678/657 697/679/658 698/680/659
f 698/680/659 699/681/660 696/678/657
f 699/681/660 698/680/659 700/682/661
f 700/682/661 701/683/661 699/681/660
f 701/683/661 700/682/661 702/684/662
f 702/684/662 703/685/663 701/683/661
f 704/686/664 703/685/663 702/684/662
f 705/687/665 706/688/666 707/689/667
f 707/689/667 708/690/668 705/687/665
f 709/691/669 705/687/665 708/690/668
f 708/690/668 710/692/670 709/691/669
f 709/691/669 710/692/670 711/693/671
f 711/693/671 712/694/672 709/691/669
f 712/694/672 711/693/671 713/695/673
f 713/695/673 714/696/674 712/694/672
f 707/689/667 715/697/675 708/690/668
f 707/689/667 716/698/676 715/697/675
f 708/690/668 717/699/677 710/692/670
f 708/690/668 715/697/675 717/699/677
f 710/692/670 718/700/678 711/693/671
f 710/692/670 717/699/677 718/700/678
f 719/701/679 713/695/673 711/693/671
f 711/693/671 718/700/678 719/701/679
f 720/702/680 716/698/676 707/689/667
f 707/689/667 706/688/666 720/702/680
f 716/698/676 720/702/680 721/703/681
f 721/703/681 720/702/680 722/704/682
f 723/705/683 713/695/673 719/701/679
f 723/705/683 724/706/684 713/695/673
f 724/706/684 714/696/674 713/695/673
f 725/707/685 726/708/686 727/709/687
f 726/708/686 728/710/688 727/709/687
f 729/711/689 725/707/685 727/709/687
f 729/711/689 727/709/687 730/712/690
f 731/713/691 729/711/689 730/712/690
f 732/714/691 731/713/691 730/712/690
f 731/713/691 732/714/691 733/715/692
f 733/715/692 734/716/693 731/713/691
f 734/716/693 733/715/692 735/717/694
f 735/717/694 736/718/695 734/716/693
f 736/718/695 735/717/694 737/719/696
f 736/718/695 737/719/696 738/720/697
f 738/720/697 737/719/696 739/721/698
f 739/721/698 740/722/699 738/720/697
f 740/722/699 739/721/698 741/723/700
f 741/723/700 742/724/701 740/722/699
f 743/725/702 742/724/701 741/723/700
f 739/721/698 744/726/703 741/723/700
f 745/727/704 741/723/700 744/726/703
f 741/723/700 745/727/704 746/728/705
f 746/728/705 743/725/702 741/723/700
f 746/728/705 745/727/704 747/729/706
f 747/729/706 748/730/707 746/728/705
f 746/728/705 748/730/707 749/731/708
f 750/732/709 749/731/708 748/730/707
f 748/730/707 751/733/710 750/732/709
f 751/733/710 748/730/707 747/729/706
f 750/732/709 751/733/710 752/734/711
f 753/735/712 752/734/711 751/733/710
f 749/731/708 754/736/713 746/728/705
f 746/728/705 754/736/713 743/725/702
f 755/737/714 751/733/710 747/729/706
f 751/733/710 755/737/714 756/738/715
f 744/726/703 739/721/698 757/739/716
f 737/719/696 757/739/716 739/721/698
f 757/739/716 737/719/696 758/740/717
f 735/717/694 758/740/717 737/719/696
f 759/741/718 760/742/719 761/743/720
f 759/741/718 761/743/720 762/744/721
f 761/743/720 763/745/722 762/744/721
f 762/744/721 763/745/722 764/746/723
f 765/747/724 764/746/723 763/745/722
f 766/748/725 764/746/723 765/747/724
f 765/747/724 767/749/726 766/748/725
f 767/749/726 768/750/727 766/748/725
f 769/751/728 770/752/729 771/753/729
f 770/752/729 769/751/728 772/754/730
f 773/755/731 772/754/730 769/751/728
f 772/754/730 773/755/731 774/756/732
f 775/757/733 774/756/732 773/755/731
f 774/756/732 775/757/733 776/758/734
f 777/759/735 776/758/734 775/757/733
f 777/759/735 778/760/736 776/758/734
f 779/761/737 778/760/736 777/759/735
f 779/761/737 780/762/738 778/760/736
f 779/761/737 781/763/739 780/762/738
f 782/764/740 783/765/741 784/766/742
f 782/764/740 784/766/742 785/767/743
f 785/767/743 786/768/744 782/764/740
f 786/768/744 785/767/743 787/769/745
f 787/769/745 788/770/746 786/768/744
f 789/771/747 788/770/746 787/769/745
f 787/769/745 790/772/747 789/771/747
f 791/773/748 792/774/749 793/775/750
f 791/773/748 793/775/750 794/776/751
f 794/776/751 795/777/752 791/773/748
f 796/778/753 795/777/752 794/776/751
f 794/776/751 797/779/754 796/778/753
f 796/778/753 797/779/754 798/780/755
f 798/780/755 799/781/756 796/778/753
f 799/781/756 798/780/755 800/782/757
f 800/782/757 801/783/757 799/781/756
f 802/784/758 803/785/759 804/786/760
f 805/787/761 802/784/758 804/786/760
f 802/784/758 805/787/761 806/788/761
f 806/788/761 805/787/761 807/789/762
f 807/789/762 808/790/762 806/788/761
f 809/791/763 808/790/762 807/789/762
f 810/792/763 809/791/763 807/789/762
f 811/793/764 812/794/765 813/795/766
f 814/796/767 813/795/766 812/794/765
f 815/797/768 812/794/765 811/793/764
f 811/793/764 816/798/769 815/797/768
f 817/799/770 815/797/768 816/798/769
f 816/798/769 818/800/771 817/799/770
f 819/801/772 817/799/770 818/800/771
f 818/800/771 820/802/773 819/801/772
f 819/801/772 820/802/773 821/803/774
f 821/803/774 822/804/775 819/801/772
f 821/803/774 823/805/776 822/804/775
f 823/805/776 824/806/777 822/804/775
f 825/807/778 824/806/777 823/805/776
f 823/805/776 826/808/779 825/807/778
f 825/807/778 826/808/779 827/809/780
f 828/810/781 827/809/780 826/808/779
f 829/811/782 827/809/780 828/810/781
f 828/810/781 830/812/783 829/811/782
f 831/813/784 829/811/782 830/812/783
f 830/812/783 832/814/785 831/813/784
f 833/815/786 831/813/784 832/814/785
f 834/816/787 833/815/786 832/814/785
f 832/814/785 835/268/788 834/816/787
f 830/812/783 835/268/788 832/814/785
f 831/813/784 833/815/786 836/817/789
f 833/815/786 837/818/790 836/817/789
f 833/815/786 834/816/787 838/819/791
f 833/815/786 838/819/791 839/820/791
f 835/268/788 830/812/783 840/821/792
f 830/812/783 841/822/793 840/821/792
f 830/812/783 828/810/781 841/822/793
f 826/808/779 842/823/794 828/810/781
f 843/824/795 828/810/781 842/823/794
f 828/810/781 843/824/795 841/822/793
f 823/805/776 844/825/796 842/823/794
f 842/823/794 826/808/779 823/805/776
f 821/803/774 844/825/796 823/805/776
f 845/826/797 846/827/798 847/828/799
f 846/827/798 848/829/800 847/828/799
f 849/830/801 846/827/798 845/826/797
f 850/831/802 849/830/801 845/826/797
f 851/832/803 849/830/801 850/831/802
f 852/833/804 851/832/803 850/831/802
f 853/834/805 851/832/803 852/833/804
f 854/835/806 853/834/805 852/833/804
f 853/834/805 854/835/806 855/836/807
f 855/836/807 856/837/808 853/834/805
f 856/837/808 855/836/807 857/838/809
f 857/838/809 858/839/810 856/837/808
f 857/838/809 859/840/811 858/839/810
f 860/841/812 859/840/811 857/838/809
f 861/842/813 860/841/812 857/838/809
f 862/843/814 860/841/812 861/842/813
f 861/842/813 857/838/809 863/844/815
f 863/844/815 857/838/809 855/836/807
f 863/844/815 855/836/807 854/835/806
f 854/835/806 864/845/816 863/844/815
f 864/845/816 854/835/806 852/833/804
f 852/833/804 865/846/817 864/845/816
f 866/847/818 859/840/811 860/841/812
f 867/848/819 866/847/818 860/841/812
f 867/848/819 860/841/812 862/843/814
f 868/849/820 867/848/819 862/843/814
f 869/850/821 867/848/819 868/849/820
f 870/851/822 869/850/821 868/849/820
f 871/852/823 869/850/821 870/851/822
f 870/851/822 872/853/824 871/852/823
f 873/854/825 871/852/823 872/853/824
f 872/853/824 874/855/826 873/854/825
f 874/855/826 875/856/827 873/854/825
f 869/850/821 876/857/828 867/848/819
f 876/857/828 866/847/818 867/848/819
f 871/852/823 877/858/829 869/850/821
f 877/858/829 876/857/828 869/850/821
f 873/854/825 878/859/830 871/852/823
f 878/859/830 877/858/829 871/852/823
f 875/856/827 879/860/831 873/854/825
f 879/860/831 878/859/830 873/854/825
f 865/846/817 852/833/804 880/861/832
f 852/833/804 850/831/802 880/861/832
f 880/861/832 850/831/802 881/862/833
f 845/826/797 881/862/833 850/831/802
f 881/862/833 845/826/797 882/863/834
f 882/863/834 845/826/797 847/828/799
f 882/863/834 847/828/799 883/864/835
f 847/828/799 884/865/836 883/864/835
f 847/828/799 848/829/800 884/865/836
f 848/829/800 885/866/837 884/865/836
f 883/864/835 884/865/836 886/867/838
f 887/868/839 886/867/838 884/865/836
f 884/865/836 885/866/837 887/868/839
f 885/866/837 888/869/840 887/868/839
f 887/868/839 888/869/840 889/870/841
f 890/871/842 887/868/839 889/870/841
f 890/871/842 886/867/838 887/868/839
f 891/872/843 890/871/842 889/870/841
f 892/873/844 893/874/845 894/875/846
f 894/875/846 895/876/847 892/873/844
f 893/874/845 892/873/844 896/877/848
f 896/877/848 897/878/849 893/874/845
f 898/879/850 897/878/849 896/877/848
f 899/880/851 898/879/850 896/877/848
f 898/879/850 899/880/851 900/881/852
f 900/881/852 901/882/853 898/879/850
f 900/881/852 902/883/854 901/882/853
f 903/884/855 902/883/854 900/881/852
f 903/884/855 904/885/856 902/883/854
f 905/886/857 904/885/856 903/884/855
f 906/887/858 894/875/846 893/874/845
f 894/875/846 906/887/858 907/888/859
f 907/888/859 908/889/860 894/875/846
f 895/876/847 894/875/846 908/889/860
f 908/889/860 907/888/859 909/890/861
f 909/890/861 910/891/862 908/889/860
f 910/891/862 909/890/861 911/892/863
f 909/890/861 912/893/864 911/892/863
f 898/879/850 913/894/865 897/878/849
f 897/878/849 913/894/865 914/895/866
f 897/878/849 914/895/866 893/874/845
f 893/874/845 915/896/867 906/887/858
f 914/895/866 915/896/867 893/874/845
f 902/883/854 904/885/856 916/897/868
f 905/886/857 917/898/869 904/885/856
f 904/885/856 917/898/869 918/899/870
f 916/897/868 918/899/870 919/900/871
f 916/897/868 904/885/856 918/899/870
f 911/892/863 912/893/864 920/901/872
f 912/893/864 921/902/873 920/901/872
f 911/892/863 920/901/872 922/903/874
f 923/904/875 911/892/863 922/903/874
f 911/892/863 923/904/875 924/905/876
f 918/899/870 917/898/869 925/906/877
f 926/907/878 918/899/870 925/906/877
f 926/907/878 919/900/871 918/899/870
f 926/907/878 925/906/877 927/908/879
f 921/902/873 928/909/880 920/901/872
f 929/910/881 920/901/872 928/909/880
f 920/901/872 929/910/881 922/903/874
f 929/910/881 928/909/880 930/911/882
f 916/897/868 931/912/883 902/883/854
f 902/883/854 931/912/883 901/882/853
f 931/912/883 932/913/884 901/882/853
f 901/882/853 932/913/884 898/879/850
f 932/913/884 913/894/865 898/879/850
f 910/891/862 924/905/876 933/914/885
f 933/914/885 908/889/860 910/891/862
f 908/889/860 933/914/885 895/876/847
f 924/905/876 910/891/862 911/892/863
f 934/915/886 935/916/887 936/917/888
f 936/917/888 937/918/889 934/915/886
f 936/917/888 935/916/887 938/919/890
f 936/917/888 939/920/891 937/918/889
f 936/917/888 940/921/892 939/920/891
f 938/919/890 940/921/892 936/917/888
f 937/918/889 939/920/891 941/922/893
f 940/921/892 938/919/890 942/923/894
f 942/923/894 943/924/894 940/921/892
f 937/918/889 941/922/893 944/925/895
f 941/922/893 945/926/896 944/925/895
f 944/925/895 945/926/896 946/927/897
f 946/927/897 947/928/898 944/925/895
f 948/929/899 947/928/898 946/927/897
f 947/928/898 948/929/899 949/930/900
f 934/915/886 937/918/889 950/931/901
f 937/918/889 944/925/895 950/931/901
f 951/932/902 949/930/900 948/929/899
f 951/932/902 952/933/903 949/930/900
f 944/925/895 953/934/904 950/931/901
f 944/925/895 954/935/904 953/934/904
f 954/935/904 955/936/905 953/934/904
f 956/937/906 957/938/907 958/939/908
f 958/939/908 959/940/908 956/937/906
f 960/941/909 957/938/907 956/937/906
f 956/937/906 961/942/910 960/941/909
f 962/943/911 960/941/909 961/942/910
f 961/942/910 963/494/912 962/943/911
f 964/944/913 959/940/908 958/939/908
f 958/939/908 965/945/914 964/944/913
f 962/943/911 963/494/912 966/946/915
f 963/494/912 967/947/916 966/946/915
f 968/948/917 964/944/913 965/945/914
f 965/945/914 969/949/917 968/948/917
f 966/946/915 967/947/916 970/950/918
f 967/947/916 971/951/919 970/950/918
f 970/950/918 971/951/919 972/952/920
f 968/948/917 969/949/917 973/953/921
f 969/949/917 974/954/784 973/953/921
f 973/953/921 974/954/784 975/955/922
f 976/956/923 975/955/922 974/954/784
f 975/955/922 976/956/923 977/957/924
f 978/958/925 979/959/926 980/960/927
f 981/961/928 979/959/926 978/958/925
f 979/959/926 981/961/928 982/962/928
f 980/960/927 983/963/929 978/958/925
f 983/963/929 980/960/927 984/964/930
f 984/964/930 980/960/927 985/965/931
f 986/966/932 984/964/930 985/965/931
f 985/965/931 987/967/933 986/966/932
f 986/966/932 987/967/933 988/968/934
f 988/968/934 989/969/934 986/966/932
f 988/968/934 990/970/935 989/969/934
f 985/965/931 980/960/927 991/971/936
f 984/964/930 992/972/937 983/963/929
f 983/963/929 993/973/938 978/958/925
f 994/974/939 978/958/925 993/973/938
f 994/974/939 995/975/939 978/958/925
f 991/971/936 980/960/927 996/976/940
f 996/976/940 997/977/941 991/971/936
f 997/977/941 996/976/940 998/978/942
f 997/977/941 998/978/942 999/979/942
f 1000/980/943 1001/981/944 1002/982/945
f 1003/983/946 1002/982/945 1001/981/944
f 1003/983/946 1004/984/947 1002/982/945
f 1005/985/948 1004/984/947 1003/983/946
f 1005/985/948 1006/986/949 1004/984/947
f 1006/986/949 1005/985/948 1007/987/950
f 1006/986/949 1007/987/950 1008/988/951
f 1007/987/950 1005/985/948 1009/989/952
f 1010/990/953 1007/987/950 1009/989/952
f 1007/987/950 1010/990/953 1011/991/954
f 1008/988/951 1007/987/950 1011/991/954
f 1011/991/954 1012/992/955 1008/988/951
f 1013/993/956 1012/992/955 1011/991/954
f 1011/991/954 1014/994/957 1013/993/956
f 1011/991/954 1010/990/953 1015/995/958
f 1015/995/958 1014/994/957 1011/991/954
f 1016/996/959 1013/993/956 1014/994/957
f 1014/994/957 1017/997/960 1016/996/959
f 1018/998/961 1016/996/959 1017/997/960
f 1017/997/960 1019/999/962 1018/998/961
f 1017/997/960 1020/1000/963 1019/999/962
f 1020/1000/963 1017/997/960 1021/1001/964
f 1014/994/957 1015/995/958 1021/1001/964
f 1021/1001/964 1017/997/960 1014/994/957
f 1019/999/962 1020/1000/963 1022/1002/965
f 1022/1002/965 1023/1003/966 1019/999/962
f 1024/1004/967 1018/998/961 1019/999/962
f 1019/999/962 1025/1005/967 1024/1004/967
f 1026/1006/968 1027/1007/969 1028/1008/970
f 1028/1008/970 1029/1009/971 1026/1006/968
f 1030/1010/972 1027/1007/969 1026/1006/968
f 1027/1007/969 1030/1010/972 1031/1011/973
f 1031/1011/973 1030/1010/972 1032/1012/974
f 1032/1012/974 1033/1013/975 1031/1011/973
f 1033/1013/975 1032/1012/974 1034/1014/976
f 1034/1014/976 1035/1015/977 1033/1013/975
f 1036/1016/978 1034/1014/976 1032/1012/974
f 1034/1014/976 1036/1016/978 1037/1017/979
f 1037/1017/979 1038/1018/980 1034/1014/976
f 1038/1018/980 1035/1015/977 1034/1014/976
f 1032/1012/974 1039/1019/981 1036/1016/978
f 1039/1019/981 1032/1012/974 1030/1010/972
f 1030/1010/972 1040/1020/982 1039/1019/981
f 1030/1010/972 1026/1006/968 1041/1021/983
f 1041/1021/983 1040/1020/982 1030/1010/972
f 1035/1015/977 1038/1018/980 1042/1022/984
f 1043/1023/985 1042/1022/984 1038/1018/980
f 1044/1024/986 1043/1023/985 1038/1018/980
f 1045/1025/987 1043/1023/985 1044/1024/986
f 1044/1024/986 1046/409/988 1045/1025/987
f 1046/409/988 1044/1024/986 1047/1026/989
f 1047/1026/989 1044/1024/986 1038/1018/980
f 1038/1018/980 1037/1017/979 1047/1026/989
f 1047/1026/989 1048/1027/990 1046/409/988
f 1046/409/988 1048/1027/990 1049/1028/991
f 1046/409/988 1049/1028/991 1050/1029/992
f 1046/409/988 1050/1029/992 1045/1025/987
f 1050/1029/992 1049/1028/991 1051/1030/993
f 1051/1030/993 1052/1031/994 1050/1029/992
f 1053/1032/995 1052/1031/994 1051/1030/993
f 1054/1033/996 1041/1021/983 1026/1006/968
f 1026/1006/968 1029/1009/971 1054/1033/996
f 1055/1034/997 1056/1035/998 1057/1036/999
f 1055/1034/997 1058/1037/1000 1056/1035/998
f 1059/1038/1001 1057/1036/999 1056/1035/998
f 1056/1035/998 1060/1039/1002 1059/1038/1001
f 1060/1039/1002 1056/1035/998 1061/1040/261
f 1061/1040/261 1062/1041/1003 1060/1039/1002
f 1056/1035/998 1058/1037/1000 1063/1042/1004
f 1063/1042/1004 1061/1040/261 1056/1035/998
f 1064/1043/1005 1055/1034/997 1057/1036/999
f 1065/1044/1006 1064/1043/1005 1057/1036/999
f 1064/1043/1005 1065/1044/1006 1066/1045/1007
f 1066/1045/1007 1065/1044/1006 1067/1046/1008
f 1067/1046/1008 1065/1044/1006 1057/1036/999
f 1057/1036/999 1059/1038/1001 1067/1046/1008
f 1068/1047/1009 1066/1045/1007 1067/1046/1008
f 1066/1045/1007 1068/1047/1009 1069/1048/1010
f 1070/1049/1011 1066/1045/1007 1069/1048/1010
f 1071/1050/1012 1070/1049/1011 1069/1048/1010
f 1070/1049/1011 1071/1050/1012 1072/1051/1013
f 1073/1052/943 1072/1051/1013 1071/1050/1012
f 1066/1045/1007 1074/1053/1014 1064/1043/1005
f 1070/1049/1011 1074/1053/1014 1066/1045/1007
f 1061/1040/261 1063/1042/1004 1075/1054/1015
f 1075/1054/1015 1076/1055/1016 1061/1040/261
f 1062/1041/1003 1061/1040/261 1076/1055/1016
f 1077/1056/1017 1076/1055/1016 1075/1054/1015
f 1075/1054/1015 1078/1057/1018 1077/1056/1017
f 1077/1056/1017 1078/1057/1018 1079/1058/1019
f 1078/1057/1018 1080/1059/1019 1079/1058/1019
f 1081/1060/1020 1076/1055/1016 1077/1056/1017
f 1077/1056/1017 1082/1061/1021 1081/1060/1020
f 1083/1062/1022 1082/1061/1021 1077/1056/1017
f 1082/1061/1021 1083/1062/1022 1084/1063/1022
f 1076/1055/1016 1081/1060/1020 1062/1041/1003
f 1085/1064/1023 1086/742/1024 1087/1065/1025
f 1088/1066/1026 1085/1064/1023 1087/1065/1025
f 1087/1065/1025 1089/1067/1027 1088/1066/1026
f 1090/1068/1028 1088/1066/1026 1089/1067/1027
f 1089/1067/1027 1091/1069/1029 1090/1068/1028
f 1090/1068/1028 1091/1069/1029 1092/1070/1030
f 1093/1071/1031 1094/1072/1032 1095/1073/1033
f 1094/1072/1032 1096/1074/1034 1095/1073/1033
f 1096/1074/1034 1094/1072/1032 1097/1075/1035
f 1097/1075/1035 1098/1076/1036 1096/1074/1034
f 1098/1076/1036 1097/1075/1035 1099/1077/1037
f 1099/1077/1037 1100/1078/1038 1098/1076/1036
f 1100/1078/1038 1099/1077/1037 1101/1079/1038
f 1102/1080/1039 1103/1081/1040 1104/1082/1041
f 1105/1083/1042 1102/1080/1039 1104/1082/1041
f 1104/1082/1041 1106/1084/1043 1105/1083/1042
f 1105/1083/1042 1106/1084/1043 1107/1085/1044
f 1107/1085/1044 1108/1086/1045 1105/1083/1042
f 1108/1086/1045 1107/1085/1044 1109/1087/1046
f 1108/1086/1045 1109/1087/1046 1110/1088/1047
f 1111/1089/1048 1112/1090/1049 1113/1091/1048
f 1114/1092/1050 1111/1089/1048 1113/1091/1048
f 1111/1089/1048 1114/1092/1050 1115/1093/1051
f 1115/1093/1051 1114/1092/1050 1116/1094/1052
f 1116/1094/1052 1117/1095/1053 1115/1093/1051
f 1118/1095/1054 1119/1088/1055 1120/1087/1056
f 1118/1095/1054 1121/1094/1057 1119/1088/1055
f 1122/1096/1058 1123/1097/1059 1124/1098/1060
f 1125/1099/1061 1122/1096/1058 1124/1098/1060
f 1125/1099/1061 1126/1100/1062 1122/1096/1058
f 1126/1100/1062 1125/1099/1061 1127/1101/1063
f 1127/1101/1063 1128/1102/1064 1126/1100/1062
f 1129/1103/1065 1128/1102/1064 1127/1101/1063
f 1129/1103/1065 1130/1104/1066 1128/1102/1064
f 1131/1105/1067 1130/1104/1066 1129/1103/1065
f 1129/1103/1065 1132/1106/1067 1131/1105/1067
f 1133/1107/1068 1131/1105/1067 1132/1106/1067
f 1132/1106/1067 1134/1108/1069 1133/1107/1068
f 1133/1107/1068 1134/1108/1069 1135/1109/1070
f 1136/1110/1071 1137/1111/1072 1138/1112/1073
f 1137/1111/1072 1136/1110/1071 1139/1113/1074
f 1139/1113/1074 1140/1114/1075 1137/1111/1072
f 1140/1114/1075 1139/1113/1074 1141/1115/1076
f 1141/1115/1076 1142/1116/1077 1140/1114/1075
f 1143/1117/1078 1144/1118/1079 1145/1119/1080
f 1145/1119/1080 1146/1120/1081 1143/1117/1078
f 1146/1120/1081 1147/1121/1082 1143/1117/1078
f 1148/1122/1083 1147/1121/1082 1146/1120/1081
f 1149/1123/1084 1148/1122/1083 1146/1120/1081
f 1150/1124/1085 1149/1123/1084 1146/1120/1081
f 1146/1120/1081 1151/1125/1086 1150/1124/1085
f 1145/1119/1080 1151/1125/1086 1146/1120/1081
f 1152/1126/1087 1149/1123/1084 1150/1124/1085
f 1149/1123/1084 1152/1126/1087 1153/1127/1088
f 1148/1122/1083 1149/1123/1084 1153/1127/1088
f 1153/1127/1088 1152/1126/1087 1154/1128/1089
f 1154/1128/1089 1155/1129/1090 1153/1127/1088
f 1155/1129/1090 1154/1128/1089 1156/1130/1091
f 1156/1130/1091 1157/1131/1092 1155/1129/1090
f 1157/1131/1092 1156/1130/1091 1158/1132/1093
f 1158/1132/1093 1159/1133/1094 1157/1131/1092
f 1159/1133/1094 1158/1132/1093 1160/1134/1095
f 1160/1134/1095 1161/1135/33 1159/1133/1094
f 1161/1135/33 1160/1134/1095 1162/1136/1096
f 1162/1136/1096 1163/1137/1097 1161/1135/33
f 1164/1138/1098 1163/1137/1097 1162/1136/1096
f 1162/1136/1096 1165/1139/1099 1164/1138/1098
f 1155/1129/1090 1166/1140/1100 1153/1127/1088
f 1166/1140/1100 1167/1141/1101 1153/1127/1088
f 1153/1127/1088 1167/1141/1101 1148/1122/1083
f 1157/1131/1092 1168/1142/1102 1155/1129/1090
f 1168/1142/1102 1166/1140/1100 1155/1129/1090
f 1159/1133/1094 1169/1143/1103 1157/1131/1092
f 1169/1143/1103 1168/1142/1102 1157/1131/1092
f 1161/1135/33 1170/1144/1104 1159/1133/1094
f 1170/1144/1104 1169/1143/1103 1159/1133/1094
f 1171/1145/1105 1161/1135/33 1163/1137/1097
f 1171/1145/1105 1170/1144/1104 1161/1135/33
f 1171/1145/1105 1163/1137/1097 1164/1138/1098
f 1164/1138/1098 1172/1146/1106 1171/1145/1105
f 1172/1146/1106 1164/1138/1098 1173/1147/1107
f 1173/1147/1107 1164/1138/1098 1165/1139/1099
f 1173/1147/1107 1174/1148/1108 1172/1146/1106
f 1165/1139/1099 1175/1149/1109 1173/1147/1107
f 1176/1150/1110 1173/1147/1107 1175/1149/1109
f 1175/1149/1109 1177/1151/1111 1176/1150/1110
f 1178/1152/1112 1176/1150/1110 1177/1151/1111
f 1179/1153/1113 1176/1150/1110 1178/1152/1112
f 1180/1154/46 1179/1153/1113 1178/1152/1112
f 1174/1148/1108 1173/1147/1107 1181/1155/1114
f 1173/1147/1107 1176/1150/1110 1181/1155/1114
f 1179/1153/1113 1181/1155/1114 1176/1150/1110
f 1182/1156/8 1183/1157/1115 1184/1158/1115
f 1184/1158/1115 1185/1159/1116 1182/1156/8
f 1184/1158/1115 1183/1157/1115 1186/1160/1117
f 1186/1160/1117 1187/1161/1118 1184/1158/1115
f 1185/1159/1116 1188/1162/1119 1182/1156/8
f 1189/1163/1120 1190/1164/1121 1191/1165/1122
f 1192/1166/1123 1189/1163/1120 1191/1165/1122
f 1189/1163/1120 1192/1166/1123 1193/1167/1124
f 1194/1168/1125 1193/1167/1124 1192/1166/1123
f 1193/1167/1124 1194/1168/1125 1195/1169/1126
f 1196/1170/1127 1195/1169/1126 1194/1168/1125
f 1195/1169/1126 1196/1170/1127 1197/1036/1128
f 1197/1036/1128 1196/1170/1127 1198/1171/1129
f 1198/1171/1129 1199/1172/1130 1197/1036/1128
f 1199/1172/1130 1198/1171/1129 1200/1173/1131
f 1201/1174/1132 1202/1175/1133 1203/1176/1134
f 1204/1177/1135 1202/1175/1133 1201/1174/1132
f 1201/1174/1132 1205/1178/1136 1204/1177/1135
f 1204/1177/1135 1205/1178/1136 1206/1179/1137
f 1206/1179/1137 1207/1180/1138 1204/1177/1135
f 1208/1181/1139 1207/1180/1138 1206/1179/1137
f 1207/1180/1138 1208/1181/1139 1209/1182/1140
f 1210/1183/1141 1211/1184/1142 1212/1185/1143
f 1210/1183/1141 1212/1185/1143 1213/1186/1028
f 1213/1186/1028 1214/1187/1144 1210/1183/1141
f 1214/1187/1144 1213/1186/1028 1215/1188/1145
f 1215/1188/1145 1216/1189/1146 1214/1187/1144
f 1216/1189/1146 1215/1188/1145 1217/1190/1147
f 1217/1190/1147 1218/1191/1147 1216/1189/1146
f 1217/1190/1147 1219/1192/1148 1218/1191/1147
f 1220/1193/1149 1221/1194/1150 1222/1195/1151
f 1223/1196/1152 1220/1193/1149 1222/1195/1151
f 1223/1196/1152 1224/1197/1153 1220/1193/1149
f 1225/1198/1154 1224/1197/1153 1223/1196/1152
f 1224/1197/1153 1225/1198/1154 1226/1199/1155
f 1226/1199/1155 1225/1198/1154 1227/1200/1156
f 1228/1201/1157 1229/1202/1158 1230/1203/1159
f 1228/1201/1157 1230/1203/1159 1231/1204/1160
f 1231/1204/1160 1232/1205/1161 1228/1201/1157
f 1232/1205/1161 1231/1204/1160 1233/1206/1162
f 1233/1206/1162 1234/1207/1163 1232/1205/1161
f 1234/1207/1163 1233/1206/1162 1235/1208/1164
f 1235/1208/1164 1236/1209/1165 1234/1207/1163
f 1237/1210/1166 1236/1209/1165 1235/1208/1164
f 1235/1208/1164 1238/1211/1167 1237/1210/1166
f 1237/1210/1166 1238/1211/1167 1239/1212/1168
f 1239/1212/1168 1240/1213/1169 1237/1210/1166
f 1240/1213/1169 1239/1212/1168 1241/1214/1170
f 1241/1214/1170 1242/1215/1170 1240/1213/1169
f 1242/1215/1170 1241/1214/1170 1243/1216/1171
f 1243/1216/1171 1244/1217/1171 1242/1215/1170
f 1243/1216/1171 1245/1218/1172 1244/1217/1171
f 1246/1219/1173 1247/742/1174 1248/1220/1175
f 1246/1219/1173 1248/1220/1175 1249/1221/1176
f 1249/1221/1176 1250/1222/1177 1246/1219/1173
f 1250/1222/1177 1249/1221/1176 1251/1223/1178
f 1252/1224/1179 1251/1223/1178 1249/1221/1176
f 1251/1223/1178 1252/1224/1179 1253/1225/1180
f 1253/1225/1180 1254/1226/1181 1251/1223/1178
f 1254/1226/1181 1253/1225/1180 1255/1227/1182
f 1256/1228/1183 1257/1229/1184 1258/1230/1185
f 1258/1230/1185 1259/1231/1186 1256/1228/1183
f 1259/1231/1186 1258/1230/1185 1260/1232/1187
f 1261/1233/1188 1262/1234/1189 1263/1235/1190
f 1262/1234/1189 1261/1233/1188 1264/1236/1191
f 1265/1237/1192 1264/1236/1191 1261/1233/1188
f 1266/1238/1193 1267/1239/1194 1268/1240/1195
f 1267/1239/1194 1269/1241/1196 1268/1240/1195
f 1266/1238/1193 1268/1240/1195 1270/1242/1197
f 1271/1243/1198 1266/1238/1193 1270/1242/1197
f 1268/1240/1195 1269/1241/1196 1272/1244/1199
f 1269/1241/1196 1273/1245/1200 1272/1244/1199
f 1272/1244/1199 1273/1245/1200 1274/1246/1201
f 1275/1247/1202 1272/1244/1199 1274/1246/1201
f 1275/1247/1202 1274/1246/1201 1276/1248/1203
f 1270/1242/1197 1268/1240/1195 1277/1249/1204
f 1277/1249/1204 1268/1240/1195 1272/1244/1199
f 1275/1247/1202 1277/1249/1204 1272/1244/1199
f 1271/1243/1198 1278/1250/1205 1266/1238/1193
f 1266/1238/1193 1278/1250/1205 1279/1251/1206
f 1279/1251/1206 1267/1239/1194 1266/1238/1193
f 1280/1080/1207 1281/1081/1208 1282/1082/1209
f 1283/1083/1210 1280/1080/1207 1282/1082/1209
f 1282/1082/1209 1284/1084/1211 1283/1083/1210
f 1285/1086/1212 1283/1083/1210 1284/1084/1211
f 1286/1085/1213 1285/1086/1212 1284/1084/1211
f 1285/1086/1212 1286/1085/1213 1287/1252/1214
f 1288/1253/1215 1289/1254/1216 1290/1255/1217
f 1291/1256/1218 1290/1255/1217 1289/1254/1216
f 1292/1257/1219 1290/1255/1217 1291/1256/1218
f 1291/1256/1218 1293/1258/1220 1292/1257/1219
f 1294/1259/1221 1293/1258/1220 1291/1256/1218
f 1295/1260/1222 1293/1258/1220 1294/1259/1221
f 1294/1259/1221 1291/1256/1218 1296/1261/1223
f 1291/1256/1218 1289/1254/1216 1296/1261/1223
f 1289/1254/1216 1288/1253/1215 1297/1262/1224
f 1298/1263/1224 1297/1262/1224 1288/1253/1215
f 1293/1258/1220 1295/1260/1222 1299/1264/1225
f 1293/1258/1220 1300/1265/1226 1292/1257/1219
f 1293/1258/1220 1299/1264/1225 1300/1265/1226
f 1300/1265/1226 1299/1264/1225 1301/1266/1227
f 1289/1254/1216 1302/1267/1228 1296/1261/1223
f 1300/1265/1226 1301/1266/1227 1303/1268/1229
f 1304/1269/1230 1300/1265/1226 1303/1268/1229
f 1303/1268/1229 1301/1266/1227 1305/1270/1231
f 1305/1270/1231 1306/1271/696 1303/1268/1229
f 1305/1270/1231 1307/1272/1232 1306/1271/696
f 1307/1272/1232 1305/1270/1231 1308/1273/188
f 1308/1273/188 1309/1274/1233 1307/1272/1232
f 1307/1272/1232 1309/1274/1233 1310/1275/1234
f 1310/1275/1234 1309/1274/1233 1311/1276/1235
f 1311/1276/1235 1312/1277/1236 1310/1275/1234
f 1312/1277/1236 1311/1276/1235 1313/1278/1237
f 1313/1278/1237 1314/1279/1238 1312/1277/1236
f 1314/1279/1238 1313/1278/1237 1315/1280/249
f 1315/1280/249 1316/1281/1239 1314/1279/1238
f 1316/1281/1239 1315/1280/249 1317/1282/1240
f 1315/1280/249 1318/1283/1241 1317/1282/1240
f 1319/1284/1242 1300/1265/1226 1304/1269/1230
f 1300/1265/1226 1319/1284/1242 1320/1285/1242
f 1320/1285/1242 1319/1284/1242 1321/1286/1243
f 1321/1286/1243 1322/1287/1243 1320/1285/1242
f 1321/1286/1243 1323/1288/1244 1322/1287/1243
f 1324/1289/1245 1325/1290/1246 1326/1291/1247
f 1325/1290/1246 1327/1292/1248 1326/1291/1247
f 1328/1293/1249 1324/1289/1245 1326/1291/1247
f 1324/1289/1245 1328/1293/1249 1329/1294/1250
f 1328/1293/1249 1326/1291/1247 1330/1295/259
f 1326/1291/1247 1331/1296/1251 1330/1295/259
f 1332/1297/1252 1330/1295/259 1331/1296/1251
f 1331/1296/1251 1333/1298/1252 1332/1297/1252
f 1329/1294/1250 1334/1299/1253 1324/1289/1245
f 1325/1290/1246 1324/1289/1245 1334/1299/1253
f 1335/1300/1254 1334/1299/1253 1329/1294/1250
f 1336/1301/1255 1334/1299/1253 1335/1300/1254
f 1335/1300/1254 1337/1302/1256 1336/1301/1255
f 1336/1301/1255 1338/1303/1257 1334/1299/1253
f 1339/1304/1258 1334/1299/1253 1338/1303/1257
f 1334/1299/1253 1339/1304/1258 1325/1290/1246
f 1340/1305/1259 1336/1301/1255 1337/1302/1256
f 1341/1306/1260 1340/1305/1259 1337/1302/1256
f 1340/1305/1259 1341/1306/1260 1342/1307/1261
f 1343/1308/1262 1342/1307/1261 1341/1306/1260
f 1342/1307/1261 1343/1308/1262 1344/1309/570
f 1344/1309/570 1345/1310/1263 1342/1307/1261
f 1340/1305/1259 1342/1307/1261 1345/1310/1263
f 1338/1303/1257 1336/1301/1255 1346/1311/1264
f 1336/1301/1255 1340/1305/1259 1346/1311/1264
f 1340/1305/1259 1345/1310/1263 1346/1311/1264
f 1347/1312/1265 1331/1296/1251 1326/1291/1247
f 1347/1312/1265 1348/1313/1266 1331/1296/1251
f 1331/1296/1251 1348/1313/1266 1349/1314/1267
f 1348/1313/1266 1350/1315/1268 1349/1314/1267
f 1326/1291/1247 1327/1292/1248 1347/1312/1265
f 1347/1312/1265 1327/1292/1248 1351/1316/1269
f 1347/1312/1265 1351/1316/1269 1352/1317/1269
f 1352/1317/1269 1351/1316/1269 1353/1318/1270
f 1351/1316/1269 1354/1319/1271 1353/1318/1270
f 1354/1319/1271 1355/1320/1272 1353/1318/1270
f 1356/1321/1273 1357/1322/1274 1358/1323/1275
f 1357/1322/1274 1356/1321/1273 1359/1324/1276
f 1360/1325/1277 1356/1321/1273 1358/1323/1275
f 1358/1323/1275 1361/1326/1278 1360/1325/1277
f 1362/1327/1279 1359/1324/1276 1356/1321/1273
f 1362/1327/1279 1363/1328/1280 1359/1324/1276
f 1364/1329/1281 1356/1321/1273 1360/1325/1277
f 1364/1329/1281 1362/1327/1279 1356/1321/1273
f 1365/1330/1282 1363/1328/1280 1362/1327/1279
f 1365/1330/1282 1362/1327/1279 1366/1331/1283
f 1366/1331/1283 1362/1327/1279 1364/1329/1281
f 1367/1332/1284 1365/1330/1282 1366/1331/1283
f 1365/1330/1282 1367/1332/1284 1368/1333/1284
f 1369/1334/1285 1358/1323/1275 1357/1322/1274
f 1369/1334/1285 1370/1335/1286 1358/1323/1275
f 1370/1335/1286 1361/1326/1278 1358/1323/1275
f 1371/1336/1287 1370/1335/1286 1369/1334/1285
f 1371/1336/1287 1369/1334/1285 1372/1337/1288
f 1372/1337/1288 1373/1338/1289 1371/1336/1287
f 1372/1337/1288 1374/1339/1290 1373/1338/1289
f 1375/1340/1291 1373/1338/1289 1374/1339/1290
f 1374/1339/1290 1376/1341/1292 1375/1340/1291
f 1377/1342/1293 1375/1340/1291 1376/1341/1292
f 1376/1341/1292 1378/1343/1294 1377/1342/1293
f 1378/1343/1294 1379/1344/570 1377/1342/1293
f 1378/1343/1294 1380/1345/1295 1379/1344/570
f 1381/1346/1296 1382/1347/1297 1383/1348/1298
f 1381/1346/1296 1384/1349/1296 1382/1347/1297
f 1385/1350/1299 1384/1349/1296 1381/1346/1296
f 1383/1348/1298 1382/1347/1297 1386/1351/1300
f 1383/1348/1298 1386/1351/1300 1387/1352/1301
f 1388/1353/1302 1387/1352/1301 1386/1351/1300
f 1388/1353/1302 1389/1354/1303 1387/1352/1301
f 1389/1354/1303 1388/1353/1302 1390/1355/1304
f 1388/1353/1302 1391/1356/1305 1390/1355/1304
f 1392/1357/1306 1391/1356/1305 1388/1353/1302
f 1388/1353/1302 1393/1358/1307 1392/1357/1306
f 1393/1358/1307 1388/1353/1302 1386/1351/1300
f 1390/1355/1304 1391/1356/1305 1394/1359/1308
f 1394/1359/1308 1391/1356/1305 1395/1360/1309
f 1396/1361/1310 1394/1359/1308 1395/1360/1309
f 1395/1360/1309 1397/1362/1311 1396/1361/1310
f 1396/1361/1310 1397/1362/1311 1398/1363/1312
f 1397/1362/1311 1399/1364/1313 1398/1363/1312
f 1399/1364/1313 1397/1362/1311 1400/1365/1314
f 1400/1365/1314 1397/1362/1311 1395/1360/1309
f 1400/1365/1314 1401/1366/1315 1399/1364/1313
f 1402/1367/1316 1398/1363/1312 1399/1364/1313
f 1399/1364/1313 1403/1368/1317 1402/1367/1316
f 1395/1360/1309 1404/1369/1318 1400/1365/1314
f 1391/1356/1305 1392/1357/1306 1404/1369/1318
f 1404/1369/1318 1395/1360/1309 1391/1356/1305
f 1405/1370/1319 1402/1367/1316 1403/1368/1317
f 1402/1367/1316 1405/1370/1319 1406/1371/1320
f 1407/1372/1321 1399/1364/1313 1401/1366/1315
f 1399/1364/1313 1407/1372/1321 1403/1368/1317
f 1408/1373/1322 1403/1368/1317 1407/1372/1321
f 1403/1368/1317 1408/1373/1322 1409/1374/1323
f 1410/1375/1324 1411/1376/1325 1412/1377/1326
f 1412/1377/1326 1413/1378/1327 1410/1375/1324
f 1410/1375/1324 1413/1378/1327 1414/1379/1328
f 1414/1379/1328 1415/1380/1329 1410/1375/1324
f 1410/1375/1324 1415/1380/1329 1416/1381/1330
f 1416/1381/1330 1417/1382/1331 1410/1375/1324
f 1410/1375/1324 1417/1382/1331 1411/1376/1325
f 1417/1382/1331 1418/1383/1332 1411/1376/1325
f 1412/1377/1326 1411/1376/1325 1419/1384/1333
f 1419/1384/1333 1411/1376/1325 1418/1383/1332
f 1419/1384/1333 1420/1385/1334 1412/1377/1326
f 1421/1386/1335 1420/1385/1334 1419/1384/1333
f 1420/1385/1334 1421/1386/1335 1422/1387/1336
f 1423/1388/1337 1421/1386/1335 1419/1384/1333
f 1419/1384/1333 1424/1389/1338 1423/1388/1337
f 1418/1383/1332 1424/1389/1338 1419/1384/1333
f 1415/1380/1329 1414/1379/1328 1425/1390/1339
f 1426/1391/1340 1415/1380/1329 1425/1390/1339
f 1416/1381/1330 1415/1380/1329 1426/1391/1340
f 1426/1391/1340 1425/1390/1339 1427/1392/1341
f 1427/1392/1341 1428/1393/1342 1426/1391/1340
f 1429/1394/1343 1426/1391/1340 1428/1393/1342
f 1416/1381/1330 1426/1391/1340 1429/1394/1343
f 1428/1393/1342 1430/1395/1344 1429/1394/1343
f 1430/1395/1344 1428/1393/1342 1431/1396/1345
f 1431/1396/1345 1432/1397/1346 1430/1395/1344
f 1433/1398/1347 1432/1397/1346 1431/1396/1345
f 1431/1396/1345 1434/1399/1348 1433/1398/1347
f 1435/1400/1349 1434/1399/1348 1431/1396/1345
f 1436/1401/1350 1435/1400/1349 1431/1396/1345
f 1436/1401/1350 1431/1396/1345 1428/1393/1342
f 1428/1393/1342 1427/1392/1341 1436/1401/1350
f 1433/1398/1347 1434/1399/1348 1437/1402/1351
f 1438/1403/1352 1437/1402/1351 1434/1399/1348
f 1435/1400/1349 1439/1404/1353 1434/1399/1348
f 1439/1404/1353 1438/1403/1352 1434/1399/1348
f 1440/1405/1354 1438/1403/1352 1439/1404/1353
f 1438/1403/1352 1440/1405/1354 1437/1402/1351
f 1439/1404/1353 1441/1406/1355 1440/1405/1354
f 1442/1407/1356 1440/1405/1354 1441/1406/1355
f 1440/1405/1354 1443/1408/1357 1437/1402/1351
f 1440/1405/1354 1442/1407/1356 1444/1409/1295
f 1443/1408/1357 1440/1405/1354 1444/1409/1295
f 1445/1410/1358 1446/1411/1359 1447/1412/1360
f 1447/1412/1360 1448/1413/1361 1445/1410/1358
f 1448/1413/1361 1447/1412/1360 1449/1414/1362
f 1450/1415/1363 1447/1412/1360 1446/1411/1359
f 1447/1412/1360 1450/1415/1363 1451/1416/1364
f 1447/1412/1360 1451/1416/1364 1449/1414/1362
f 1449/1414/1362 1451/1416/1364 1452/1417/1365
f 1451/1416/1364 1453/1418/1366 1452/1417/1365
f 1454/1419/1367 1452/1417/1365 1453/1418/1366
f 1446/1411/1359 1455/1420/1368 1450/1415/1363
f 1422/1387/1336 1446/1411/1359 1445/1410/1358
f 1446/1411/1359 1422/1387/1336 1421/1386/1335
f 1456/1421/1369 1446/1411/1359 1421/1386/1335
f 1456/1421/1369 1455/1420/1368 1446/1411/1359
f 1423/1388/1337 1456/1421/1369 1421/1386/1335
f 1457/1422/1370 1458/1423/1371 1459/1424/1372
f 1457/1422/1370 1459/1424/1372 1460/1425/1373
f 1460/1425/1373 1461/1426/1374 1457/1422/1370
f 1461/1426/1374 1460/1425/1373 1462/1427/1375
f 1462/1427/1375 1463/1428/1376 1461/1426/1374
f 1463/1428/1376 1462/1427/1375 1464/1429/1377
f 1464/1429/1377 1465/1430/1378 1463/1428/1376
f 1466/1431/1379 1465/1430/1378 1464/1429/1377
f 1464/1429/1377 1467/1432/1379 1466/1431/1379
f 1468/1433/1380 1466/1431/1379 1467/1432/1379
f 1467/1432/1379 1469/1434/1380 1468/1433/1380
f 1468/1433/1380 1469/1434/1380 1470/1435/1381
f 1469/1434/1380 1471/1436/1382 1470/1435/1381
f 1470/1435/1381 1471/1436/1382 1472/1437/1383
f 1471/1436/1382 1473/1438/1383 1472/1437/1383
f 1472/1437/1383 1473/1438/1383 1474/1439/1384
f 1474/1439/1384 1475/1440/1384 1472/1437/1383
f 1474/1439/1384 1476/1441/1385 1475/1440/1384
o accs
v 0.469074 7.469281 -0.132822
v 0.460526 7.491532 -0.188000
v 0.457509 7.539382 -0.152057
v 0.467566 7.493206 -0.115102
v 0.459772 7.432554 -0.196104
v 0.468571 7.439545 -0.136876
v 0.454995 7.377605 -0.173095
v 0.466309 7.412066 -0.125366
v 0.448207 7.341139 -0.126238
v 0.462789 7.393836 -0.101940
v 0.440665 7.333528 -0.067775
v 0.459018 7.390282 -0.072710
v 0.434374 7.356538 -0.012822
v 0.456001 7.401786 -0.045236
v 0.431608 7.404392 0.023121
v 0.454492 7.425706 -0.027510
v 0.454995 7.454944 -0.023454
v 0.432363 7.463366 0.031226
v 0.457258 7.482921 -0.034972
v 0.436888 7.518320 0.008216
v 0.441419 7.544511 -0.020869
v 0.462789 7.507475 -0.072077
v 0.461783 7.447496 -0.080172
v 0.453487 7.557046 -0.117133
v 0.457509 7.539382 -0.152057
v 0.379058 7.492929 -0.195062
v 0.376544 7.538741 -0.160596
v 0.460526 7.491532 -0.188000
v 0.378304 7.436476 -0.202705
v 0.459772 7.432554 -0.196104
v 0.454995 7.377605 -0.173095
v 0.373778 7.383509 -0.181236
v 0.448207 7.341139 -0.126238
v 0.366990 7.349030 -0.135925
v 0.359951 7.341379 -0.079976
v 0.440665 7.333528 -0.067775
v 0.354420 7.363859 -0.027026
v 0.434374 7.356538 -0.012822
v 0.431608 7.404392 0.023121
v 0.351654 7.409170 0.007454
v 0.432363 7.463366 0.031226
v 0.352660 7.466124 0.015089
v 0.357185 7.519083 -0.006883
v 0.436888 7.518320 0.008216
v 0.410239 7.543922 -0.025889
v 0.363722 7.553566 -0.051696
v 0.441419 7.544511 -0.020869
v 0.414010 7.557756 -0.072885
v 0.370761 7.560710 -0.108140
v 0.421049 7.555952 -0.122647
v 0.376544 7.538741 -0.160596
v 0.457509 7.539382 -0.152057
v 0.453487 7.557046 -0.117133
v 0.379058 7.492929 -0.195062
v 0.352408 7.451268 -0.095822
v 0.376544 7.538741 -0.160596
v 0.378304 7.436476 -0.202705
v 0.373778 7.383509 -0.181236
v 0.366990 7.349030 -0.135925
v 0.359951 7.341379 -0.079976
v 0.354420 7.363859 -0.027026
v 0.351654 7.409170 0.007454
v 0.352660 7.466124 0.015089
v 0.357185 7.519083 -0.006883
v 0.363722 7.553566 -0.051696
v 0.370761 7.560710 -0.108140
v 0.397919 7.755912 -0.010183
v 0.406970 7.766679 -0.091327
v 0.420546 7.654286 -0.106123
v 0.409987 7.644071 -0.021965
v 0.363973 7.866764 0.002620
v 0.373024 7.877028 -0.078515
v 0.280248 8.002681 0.010495
v 0.283265 8.007552 -0.062004
v 0.146732 8.084104 -0.055690
v 0.145726 8.080639 0.010752
v 0.000399 8.105268 -0.053013
v 0.000399 8.096772 0.013013
v 0.414010 7.557756 -0.072885
v 0.410239 7.543922 -0.025889
v 0.421049 7.555952 -0.122647
v 0.155782 8.106224 -0.056045
v 0.151006 8.096812 0.015527
v 0.289801 8.015331 0.015327
v 0.297846 8.026662 -0.062311
v 0.389366 7.886596 -0.077663
v 0.379812 7.875911 0.008508
v 0.426580 7.775233 -0.090961
v 0.419792 7.764094 -0.001766
v 0.446442 7.660357 -0.104208
v 0.439905 7.650241 -0.013515
v 0.145726 8.080639 0.010752
v 0.280248 8.002681 0.010495
v 0.363973 7.866764 0.002620
v 0.397919 7.755912 -0.010183
v 0.409987 7.644071 -0.021965
v 0.406970 7.766679 -0.091327
v 0.420546 7.654286 -0.106123
v 0.373024 7.877028 -0.078515
v 0.283265 8.007552 -0.062004
v 0.146732 8.084104 -0.055690
v 0.453487 7.557046 -0.117133
v 0.441419 7.544511 -0.020869
v 0.410239 7.543922 -0.025889
v 0.000399 8.123886 -0.052306
v 0.000399 8.105268 -0.053013
v 0.000399 8.114458 0.018261
v 0.000399 8.096772 0.013013
v 0.421049 7.555952 -0.122647
v 0.045910 8.104377 -0.077137
v 0.045910 8.140317 -0.125494
v 0.148994 8.093139 -0.088020
v 0.234737 8.107347 -0.111381
v 0.284270 8.167216 -0.141516
v 0.345117 8.328329 -0.193392
v 0.174895 8.314758 -0.130307
v 0.100969 8.286613 -0.097665
v 0.063760 8.237993 -0.087329
v 0.040876 8.180299 -0.078356
v 0.045910 8.104377 -0.077137
v 0.148994 8.093139 -0.088020
v 0.045910 8.141698 -0.039511
v 0.113294 8.167744 -0.045964
v 0.063760 8.237993 -0.087329
v 0.100969 8.286613 -0.097665
v 0.211601 8.222203 -0.068469
v 0.234737 8.107347 -0.111381
v 0.284270 8.167216 -0.141516
v 0.345117 8.328329 -0.193392
v 0.174895 8.314758 -0.130307
v 0.040876 8.180299 -0.078356
v 0.040876 8.180299 -0.078356
v -0.038827 8.180299 -0.078356
v -0.043604 8.141698 -0.039511
v 0.045910 8.141698 -0.039511
v -0.043604 8.140317 -0.125494
v 0.045910 8.140317 -0.125494
v -0.043604 8.104377 -0.077137
v 0.045910 8.104377 -0.077137
v 0.045910 8.104377 -0.077137
v -0.043604 8.104377 -0.077137
v -0.043604 8.140317 -0.125494
v -0.061705 8.278235 -0.086970
v -0.038827 8.180299 -0.078356
v -0.101182 8.334908 -0.096932
v -0.189439 8.365065 -0.129606
v -0.392345 8.373586 -0.193615
v -0.310127 8.200901 -0.142057
v -0.235699 8.126444 -0.112191
v -0.149710 8.097615 -0.091109
v -0.043604 8.104377 -0.077137
v -0.043604 8.104377 -0.077137
v -0.043604 8.141698 -0.039511
v -0.149710 8.097615 -0.091109
v -0.156247 8.211067 -0.041631
v -0.061705 8.278235 -0.086970
v -0.101182 8.334908 -0.096932
v -0.235699 8.126444 -0.112191
v -0.310127 8.200901 -0.142057
v -0.267885 8.284771 -0.087075
v -0.189439 8.365065 -0.129606
v -0.392345 8.373586 -0.193615
v -0.038827 8.180299 -0.078356
v 0.515088 7.905206 0.016089
v 0.475108 7.455597 -0.076776
v 0.463292 7.459855 -0.093445
v 0.506032 7.908539 0.004464
v 0.503015 7.904856 0.025650
v 0.458264 7.454777 -0.065197
v 0.446699 7.459547 -0.081371
v 0.493713 7.908181 0.013522
v 0.493713 7.908181 0.013522
v 0.446699 7.459547 -0.081371
v 0.458515 7.434395 -0.081470
v 0.458515 7.434395 -0.081470
v 0.517854 8.030457 0.048777
v 0.527156 8.030839 0.041228
v 0.519865 8.033208 0.032138
v 0.510306 8.033329 0.039679
v 0.510306 8.033329 0.039679
v 0.519865 8.033208 0.032138
v 0.512066 7.966044 0.015112
v 0.499998 7.965695 0.024673
v 0.527156 8.030839 0.041228
v 0.521373 7.962711 0.026732
v 0.517854 8.030457 0.048777
v 0.509300 7.962362 0.036293
v 0.499998 7.965695 0.024673
v 0.510306 8.033329 0.039679
v 0.533693 7.949123 0.026448
v 0.528916 7.906238 0.018084
v 0.508043 7.913357 -0.008689
v 0.512569 7.956731 -0.000836
v 0.485165 7.955570 0.020812
v 0.480639 7.912187 0.012452
v 0.506283 7.948457 0.047580
v 0.501506 7.905074 0.039224
v 0.480639 7.912187 0.012452
v 0.485165 7.955570 0.020812
v 0.512066 7.966044 0.015112
v 0.499998 7.965695 0.024673
v 0.521373 7.962711 0.026732
v 0.509300 7.962362 0.036293
v 0.499998 7.965695 0.024673
v 0.493713 7.908181 0.013522
v 0.506032 7.908539 0.004464
v 0.515088 7.905206 0.016089
v 0.503015 7.904856 0.025650
v 0.493713 7.908181 0.013522
v -0.418743 7.774292 -0.086923
v -0.402904 7.764475 -0.009315
v -0.416486 7.646495 -0.020452
v -0.427548 7.656237 -0.104088
v -0.361164 7.873268 0.000504
v -0.370220 7.885590 -0.077647
v -0.274421 7.993584 0.007624
v -0.282467 8.004001 -0.063959
v -0.144933 8.079086 -0.054604
v -0.140659 8.070576 0.010411
v 0.000399 8.105268 -0.053013
v 0.000399 8.096772 0.013013
v -0.411703 7.557751 -0.072885
v -0.407932 7.543922 -0.025889
v -0.418743 7.555946 -0.122647
v -0.150716 8.096202 -0.053873
v -0.293780 8.017591 -0.063171
v -0.283975 8.006226 0.011947
v -0.145939 8.086750 0.015185
v -0.386562 7.895159 -0.076795
v -0.376757 7.881904 0.005897
v -0.438358 7.782847 -0.086557
v -0.424777 7.772153 -0.000889
v -0.453694 7.662811 -0.102182
v -0.446404 7.652216 -0.012011
v -0.140659 8.070576 0.010411
v -0.274421 7.993584 0.007624
v -0.361164 7.873268 0.000504
v -0.402904 7.764475 -0.009315
v -0.416486 7.646495 -0.020452
v -0.418743 7.774292 -0.086923
v -0.427548 7.656237 -0.104088
v -0.370220 7.885590 -0.077647
v -0.282467 8.004001 -0.063959
v -0.144933 8.079086 -0.054604
v -0.451432 7.557041 -0.117133
v -0.439113 7.544506 -0.020869
v -0.407932 7.543922 -0.025889
v 0.000399 8.105268 -0.053013
v 0.000399 8.123886 -0.052306
v 0.000399 8.114458 0.018261
v 0.000399 8.096772 0.013013
v -0.418743 7.555946 -0.122647
v -0.466768 7.469281 -0.132822
v -0.465259 7.493201 -0.115102
v -0.455454 7.539382 -0.152057
v -0.458220 7.491528 -0.188000
v -0.457466 7.432554 -0.196104
v -0.466265 7.439545 -0.136876
v -0.452940 7.377600 -0.173095
v -0.464002 7.412066 -0.125366
v -0.445901 7.341139 -0.126238
v -0.460483 7.393836 -0.101940
v -0.438358 7.333523 -0.067775
v -0.456963 7.390282 -0.072710
v -0.432319 7.356538 -0.012822
v -0.453694 7.401786 -0.045236
v -0.429302 7.404392 0.023121
v -0.452186 7.425706 -0.027510
v -0.452689 7.454944 -0.023454
v -0.430308 7.463366 0.031226
v -0.454952 7.482921 -0.034972
v -0.434833 7.518320 0.008216
v -0.439113 7.544506 -0.020869
v -0.460483 7.507470 -0.072077
v -0.459477 7.447496 -0.080172
v -0.451432 7.557041 -0.117133
v -0.458220 7.491528 -0.188000
v -0.455454 7.539382 -0.152057
v -0.377008 7.492922 -0.195062
v -0.374243 7.538741 -0.160596
v -0.376003 7.436476 -0.202705
v -0.457466 7.432554 -0.196104
v -0.452940 7.377600 -0.173095
v -0.371472 7.383504 -0.181236
v -0.445901 7.341139 -0.126238
v -0.364935 7.349030 -0.135925
v -0.357644 7.341379 -0.079976
v -0.438358 7.333523 -0.067775
v -0.352113 7.363854 -0.027026
v -0.432319 7.356538 -0.012822
v -0.429302 7.404392 0.023121
v -0.349348 7.409170 0.007454
v -0.430308 7.463366 0.031226
v -0.350353 7.466124 0.015089
v -0.354879 7.519083 -0.006883
v -0.434833 7.518320 0.008216
v -0.407932 7.543922 -0.025889
v -0.361667 7.553566 -0.051696
v -0.439113 7.544506 -0.020869
v -0.411703 7.557751 -0.072885
v -0.368706 7.560710 -0.108140
v -0.418743 7.555946 -0.122647
v -0.374243 7.538741 -0.160596
v -0.455454 7.539382 -0.152057
v -0.451432 7.557041 -0.117133
v -0.377008 7.492922 -0.195062
v -0.374243 7.538741 -0.160596
v -0.350353 7.451268 -0.095822
v -0.376003 7.436476 -0.202705
v -0.371472 7.383504 -0.181236
v -0.364935 7.349030 -0.135925
v -0.357644 7.341379 -0.079976
v -0.352113 7.363854 -0.027026
v -0.349348 7.409170 0.007454
v -0.350353 7.466124 0.015089
v -0.354879 7.519083 -0.006883
v -0.361667 7.553566 -0.051696
v -0.368706 7.560710 -0.108140
vn 0.9999 -0.0041 -0.0118
vn 0.9930 0.0258 -0.1152
vn 0.9850 0.1696 -0.0304
vn 0.9921 0.1230 0.0257
vn 0.9846 -0.1090 -0.1367
vn 0.9996 -0.0044 -0.0276
vn 0.9760 -0.2028 -0.0797
vn 0.9915 -0.1303 0.0060
vn 0.9598 -0.2802 0.0164
vn 0.9837 -0.1689 0.0620
vn 0.9439 -0.2938 0.1509
vn 0.9680 -0.2072 0.1416
vn 0.9272 -0.2440 0.2841
vn 0.9598 -0.1742 0.2201
vn 0.9198 -0.1323 0.3693
vn 0.9600 -0.0866 0.2661
vn 0.9599 0.0005 0.2805
vn 0.9200 -0.0767 0.3843
vn 0.9681 0.0317 0.2485
vn 0.9367 0.1278 0.3260
vn 0.8332 0.0759 0.5477
vn 0.9771 0.1566 0.1439
vn 0.9918 -0.0335 0.1231
vn 0.9466 0.1899 -0.2605
vn 0.0515 0.7779 -0.6263
vn 0.0830 0.3845 -0.9194
vn 0.0436 0.7782 -0.6265
vn 0.0672 -0.1226 -0.9902
vn 0.0197 -0.6145 -0.7887
vn -0.0431 -0.9268 -0.3730
vn -0.0430 -0.9241 -0.3797
vn -0.1133 -0.9870 0.1136
vn -0.1133 -0.9861 0.1213
vn -0.1756 -0.7907 0.5864
vn -0.1760 -0.7841 0.5951
vn -0.1997 -0.3810 0.9028
vn -0.1922 0.1137 0.9748
vn -0.1614 0.5916 0.7899
vn -0.1535 0.5835 0.7975
vn -0.0984 0.8241 0.5578
vn -0.0511 0.9291 0.3662
vn -0.1143 0.7476 0.6542
vn 0.0197 0.9913 0.1299
vn 0.0118 0.9925 -0.1221
vn 0.0277 0.9414 -0.3360
vn 0.0435 0.7782 -0.6265
vn 0.0515 0.7780 -0.6262
vn 0.0433 0.8951 -0.4438
vn -0.9706 0.1026 -0.2178
vn -0.9931 0.0257 -0.1143
vn -0.9779 0.0952 -0.1861
vn -0.9705 0.0631 -0.2329
vn -0.9779 -0.0230 -0.2078
vn -0.9852 -0.0615 -0.1600
vn -0.9924 -0.0761 -0.0968
vn -0.9991 -0.0046 -0.0430
vn -0.9998 -0.0197 -0.0036
vn -0.9999 0.0119 0.0037
vn -0.9924 0.1213 -0.0216
vn -0.9859 0.1521 -0.0692
vn -0.9781 0.1669 -0.1245
vn -0.9771 -0.1708 -0.1268
vn -0.9926 -0.0059 -0.1215
vn -0.9929 -0.0371 -0.1132
vn -0.9056 -0.4058 -0.1229
vn -0.6839 -0.7245 -0.0861
vn -0.6919 -0.7168 -0.0862
vn -0.3173 -0.9454 -0.0749
vn 0.0196 -0.9942 -0.1057
vn -0.9931 0.0493 -0.1068
vn -0.9978 -0.0050 -0.0664
vn -0.9906 -0.0061 -0.1370
vn 0.2262 0.7644 -0.6038
vn 0.1848 0.5751 0.7969
vn 0.4213 0.4107 0.8086
vn 0.5284 0.6144 -0.5860
vn 0.6776 0.4063 -0.6129
vn 0.5240 0.1985 0.8283
vn 0.7260 0.2636 -0.6351
vn 0.5634 0.0802 0.8223
vn 0.7654 0.1526 -0.6252
vn 0.5948 -0.0699 0.8008
vn -0.0744 -0.2549 0.9641
vn -0.1841 -0.2314 0.9553
vn -0.2547 -0.1925 0.9477
vn -0.2782 -0.1611 0.9469
vn -0.2391 -0.0589 0.9692
vn -0.0040 0.1066 -0.9943
vn 0.0673 0.1385 -0.9881
vn -0.0435 0.0987 -0.9942
vn -0.0513 -0.0200 -0.9985
vn -0.0277 -0.0200 -0.9994
vn 0.8332 0.0759 0.5478
vn -0.2077 -0.0509 0.9769
vn -0.0276 0.7991 -0.6006
vn -0.0119 -0.0042 -0.9999
vn -0.0196 0.5830 0.8122
vn 0.0039 -0.2629 0.9648
vn 0.1069 0.1625 -0.9809
vn -0.1533 -0.7995 -0.5808
vn -0.3981 -0.3017 -0.8663
vn -0.0905 -0.7307 -0.6767
vn -0.0197 -0.5061 -0.8622
vn -0.0276 -0.3500 -0.9363
vn -0.1855 -0.0197 -0.9825
vn -0.3913 0.2506 -0.8855
vn -0.5257 0.3473 -0.7765
vn -0.7134 0.3729 -0.5933
vn -0.8925 0.2974 -0.3390
vn -0.0039 -0.7191 0.6949
vn 0.2631 -0.3904 0.8822
vn -0.0823 -0.1448 0.9860
vn 0.1138 0.0434 0.9926
vn -0.1688 0.4187 0.8923
vn -0.0039 0.4662 0.8847
vn 0.3500 0.1682 0.9215
vn 0.4682 -0.2421 0.8498
vn 0.6661 -0.1025 0.7388
vn 0.5008 0.3010 0.8115
vn 0.1767 0.5900 0.7878
vn -0.7820 0.3813 0.4930
vn -0.0040 0.9987 0.0510
vn -0.0039 0.9987 0.0510
vn -0.0039 -0.0035 1.0000
vn -0.0037 -0.0035 1.0000
vn -0.0039 -0.0358 -0.9994
vn -0.0040 -0.0358 -0.9994
vn -0.0039 -0.9977 0.0670
vn -0.0040 -0.9977 0.0670
vn -0.0039 -0.9978 0.0669
vn 0.3597 -0.3420 -0.8681
vn 0.6549 0.2865 -0.6993
vn 0.4402 0.2678 -0.8570
vn 0.3292 0.1795 -0.9271
vn 0.1542 -0.0988 -0.9831
vn -0.0118 -0.3267 -0.9451
vn -0.0276 -0.4440 -0.8956
vn 0.0039 -0.6536 -0.7569
vn 0.1216 -0.8058 -0.5795
vn -0.0429 -0.7184 0.6943
vn 0.1137 -0.2393 0.9643
vn -0.2703 -0.4526 0.8498
vn -0.1765 0.0276 0.9839
vn 0.2713 0.3330 0.9030
vn 0.0196 0.4189 0.9078
vn -0.4505 -0.3039 0.8394
vn -0.5913 -0.1950 0.7825
vn -0.4197 0.1908 0.8874
vn -0.1377 0.5289 0.8374
vn -0.4987 0.2920 0.8161
vn 0.8980 0.2472 0.3640
vn 0.9835 -0.1043 0.1478
vn 0.9272 -0.3657 0.0809
vn 0.1226 -0.0199 -0.9923
vn 0.1465 0.1784 -0.9730
vn -0.1607 -0.1765 0.9711
vn -0.1840 -0.3888 0.9028
vn -0.9693 -0.1561 -0.1898
vn -0.9860 0.1199 -0.1159
vn -0.9860 0.1199 -0.1158
vn -0.0975 -0.9888 -0.1129
vn -0.0975 -0.9888 -0.1128
vn 0.0987 0.9777 0.1856
vn 0.0986 0.9777 0.1855
vn 0.0987 0.9777 0.1855
vn -0.9859 0.1440 -0.0848
vn 0.1386 0.2182 -0.9660
vn 0.1228 0.2261 -0.9663
vn -0.9779 0.1830 -0.1011
vn 0.9839 -0.1284 0.1246
vn 0.9916 -0.0814 0.1001
vn -0.1214 -0.1684 0.9782
vn -0.1372 -0.1529 0.9787
vn -0.9779 0.1830 -0.1012
vn -0.9859 0.1441 -0.0849
vn 0.9611 0.2202 0.1665
vn 0.7743 -0.6328 0.0062
vn 0.0513 -0.3660 -0.9292
vn 0.1547 0.4981 -0.8532
vn -0.8838 0.4670 -0.0271
vn -0.8907 -0.4151 -0.1856
vn -0.0824 0.1688 0.9822
vn -0.1683 -0.6574 0.7345
vn -0.8907 -0.4150 -0.1857
vn -0.8838 0.4671 -0.0272
vn 0.1627 0.8449 -0.5095
vn -0.5774 0.8141 0.0616
vn 0.7310 0.6476 0.2148
vn -0.0118 0.6146 0.7888
vn -0.5774 0.8141 0.0615
vn -0.2858 -0.9388 -0.1924
vn -0.0822 -0.9335 -0.3491
vn 0.0666 -0.9860 -0.1527
vn -0.1293 -0.9916 0.0042
vn -0.2857 -0.9388 -0.1924
vn 0.9600 -0.2123 -0.1823
vn 0.9915 -0.0060 -0.1303
vn 0.9893 -0.0062 -0.1457
vn 0.8653 -0.4654 -0.1862
vn 0.8653 -0.4654 -0.1861
vn 0.6502 -0.7397 -0.1734
vn 0.6667 -0.7248 -0.1738
vn 0.3332 -0.9315 -0.1458
vn 0.3262 -0.9339 -0.1462
vn 0.0196 -0.9942 -0.1056
vn 0.9930 0.0737 -0.0922
vn 0.9925 0.1139 -0.0453
vn 0.9854 0.0967 -0.1401
vn -0.2642 0.7675 -0.5841
vn -0.5167 0.6419 -0.5666
vn -0.4043 0.4174 0.8138
vn -0.2158 0.5429 0.8116
vn -0.6588 0.4600 -0.5953
vn -0.4908 0.2294 0.8405
vn -0.7618 0.2788 -0.5848
vn -0.5529 0.1113 0.8258
vn -0.7844 0.0968 -0.6126
vn -0.6069 0.0087 0.7948
vn 0.0745 -0.2549 0.9641
vn 0.1609 -0.2397 0.9574
vn 0.2396 -0.2008 0.9499
vn 0.2709 -0.1615 0.9490
vn 0.2317 -0.0593 0.9710
vn -0.0039 0.1066 -0.9943
vn -0.0752 0.1388 -0.9875
vn 0.0119 0.1066 -0.9942
vn 0.0277 0.0988 -0.9947
vn 0.0119 -0.0200 -0.9997
vn -0.9406 0.1883 -0.2825
vn -0.8275 0.0364 0.5603
vn 0.2002 -0.0510 0.9784
vn -0.0118 -0.0042 -0.9999
vn -0.0277 0.7991 -0.6006
vn -0.0197 0.5830 0.8122
vn -0.1148 0.1623 -0.9800
vn -0.9999 -0.0041 -0.0117
vn -0.9922 0.1220 0.0255
vn -0.9853 0.1683 -0.0302
vn -0.9931 0.0256 -0.1143
vn -0.9848 -0.1081 -0.1356
vn -0.9996 -0.0044 -0.0274
vn -0.9763 -0.2013 -0.0791
vn -0.9916 -0.1292 0.0060
vn -0.9604 -0.2781 0.0162
vn -0.9839 -0.1676 0.0615
vn -0.9447 -0.2917 0.1498
vn -0.9685 -0.2056 0.1406
vn -0.9283 -0.2422 0.2820
vn -0.9604 -0.1729 0.2184
vn -0.9211 -0.1313 0.3666
vn -0.9606 -0.0860 0.2641
vn -0.9605 0.0006 0.2784
vn -0.9212 -0.0762 0.3815
vn -0.9686 0.0314 0.2466
vn -0.9376 0.1268 0.3236
vn -0.8275 0.0365 0.5603
vn -0.9775 0.1554 0.1428
vn -0.9920 -0.0333 0.1221
vn -0.0908 0.3842 -0.9188
vn -0.0594 0.7776 -0.6260
vn -0.0515 0.7779 -0.6263
vn -0.0750 -0.1225 -0.9896
vn -0.0750 -0.1226 -0.9896
vn -0.0275 -0.6144 -0.7885
vn 0.0353 -0.9271 -0.3732
vn 0.0352 -0.9244 -0.3798
vn 0.1056 -0.9879 0.1137
vn 0.1056 -0.9870 0.1214
vn 0.1680 -0.7918 0.5872
vn 0.1684 -0.7852 0.5959
vn 0.1921 -0.3816 0.9042
vn 0.1922 -0.3815 0.9042
vn 0.1846 0.1139 0.9762
vn 0.1538 0.5923 0.7909
vn 0.1458 0.5842 0.7984
vn 0.0906 0.8247 0.5582
vn 0.0432 0.9295 0.3663
vn 0.1065 0.7483 0.6548
vn -0.0276 0.9911 0.1299
vn -0.0196 0.9923 -0.1220
vn -0.0357 0.9412 -0.3360
vn -0.0515 0.7780 -0.6262
vn -0.0594 0.7776 -0.6259
vn -0.0512 0.8947 -0.4436
vn 0.9701 0.1034 -0.2195
vn 0.9775 0.0960 -0.1876
vn 0.9930 0.0259 -0.1152
vn 0.9700 0.0635 -0.2346
vn 0.9776 -0.0231 -0.2094
vn 0.9850 -0.0619 -0.1612
vn 0.9923 -0.0767 -0.0976
vn 0.9990 -0.0047 -0.0434
vn 0.9998 -0.0198 -0.0037
vn 0.9999 0.0119 0.0038
vn 0.9923 0.1222 -0.0217
vn 0.9857 0.1533 -0.0698
vn 0.9777 0.1682 -0.1254
vt 0.714153 0.417305
vt 0.793667 0.381588
vt 0.737423 0.309167
vt 0.686030 0.381588
vt 0.807248 0.473303
vt 0.719966 0.463655
vt 0.772335 0.559244
vt 0.703487 0.506132
vt 0.699596 0.616199
vt 0.666621 0.535103
vt 0.607477 0.629719
vt 0.620081 0.541864
vt 0.521157 0.594960
vt 0.577401 0.524484
vt 0.463951 0.522555
vt 0.549279 0.487796
vt 0.542489 0.442417
vt 0.451331 0.430825
vt 0.559945 0.399924
vt 0.486244 0.344899
vt 0.531823 0.304336
vt 0.618143 0.360333
vt 0.630747 0.453036
vt 0.675349 0.280196
vt 0.006210 0.992763
vt 0.089616 0.871106
vt 0.006210 0.871106
vt 0.087663 0.992763
vt 0.172045 0.871106
vt 0.171069 0.992763
vt 0.253498 0.992763
vt 0.254475 0.871106
vt 0.336904 0.992763
vt 0.336904 0.871106
vt 0.419333 0.871106
vt 0.419333 0.992763
vt 0.501762 0.871106
vt 0.501762 0.992763
vt 0.584192 0.992763
vt 0.584192 0.871106
vt 0.667597 0.992763
vt 0.666621 0.871106
vt 0.749065 0.871106
vt 0.751003 0.992763
vt 0.804334 0.943511
vt 0.831495 0.871106
vt 0.804334 0.992763
vt 0.871244 0.943511
vt 0.911009 0.871106
vt 0.941070 0.943511
vt 0.991501 0.871106
vt 0.991501 0.992763
vt 0.940108 0.992763
vt 0.150698 0.209721
vt 0.308782 0.277310
vt 0.205982 0.139230
vt 0.138094 0.297576
vt 0.171069 0.379659
vt 0.241871 0.434684
vt 0.330114 0.447233
vt 0.412543 0.414403
vt 0.467826 0.343927
vt 0.480430 0.256072
vt 0.447456 0.173989
vt 0.376669 0.118963
vt 0.288411 0.106414
vt 0.876097 0.552483
vt 0.819852 0.552483
vt 0.819852 0.638410
vt 0.876097 0.638410
vt 0.876097 0.466541
vt 0.819852 0.466541
vt 0.876097 0.358405
vt 0.819852 0.358405
vt 0.819852 0.246409
vt 0.876097 0.246409
vt 0.819852 0.146962
vt 0.876097 0.146962
vt 0.847974 0.720477
vt 0.876097 0.725308
vt 0.819852 0.725308
vt 0.974044 0.222269
vt 0.910048 0.222269
vt 0.910048 0.338139
vt 0.974044 0.338139
vt 0.974044 0.450135
vt 0.910048 0.450135
vt 0.974044 0.540892
vt 0.910048 0.540892
vt 0.974044 0.633578
vt 0.910048 0.633578
vt 0.890654 0.222269
vt 0.890654 0.338139
vt 0.890654 0.450135
vt 0.890654 0.540892
vt 0.890654 0.633578
vt 0.991501 0.540892
vt 0.991501 0.633578
vt 0.991501 0.450135
vt 0.991501 0.338139
vt 0.991501 0.222269
vt 0.974044 0.724336
vt 0.910048 0.724336
vt 0.890654 0.724336
vt 0.974044 0.116061
vt 0.991501 0.116061
vt 0.910048 0.116061
vt 0.890654 0.116061
vt 0.991501 0.724336
vt 0.808209 0.076471
vt 0.785916 0.134413
vt 0.718990 0.039782
vt 0.637537 0.017587
vt 0.559945 0.033993
vt 0.428061 0.137300
vt 0.572564 0.248339
vt 0.663722 0.263789
vt 0.726757 0.239649
vt 0.782025 0.204889
vt 0.472679 0.648071
vt 0.378607 0.668338
vt 0.473640 0.616199
vt 0.412543 0.588199
vt 0.445518 0.520610
vt 0.403815 0.478133
vt 0.315572 0.544750
vt 0.295201 0.661577
vt 0.236042 0.614269
vt 0.144884 0.468486
vt 0.322362 0.455923
vt 0.480430 0.581439
vt 0.834394 0.743660
vt 0.834394 0.854683
vt 0.759731 0.854683
vt 0.759731 0.743660
vt 0.930404 0.854683
vt 0.930404 0.743660
vt 0.989563 0.854683
vt 0.989563 0.743660
vt 0.683116 0.743660
vt 0.683116 0.854683
vt 0.654994 0.796755
vt 0.614252 0.695380
vt 0.659846 0.753307
vt 0.569650 0.665452
vt 0.495949 0.657719
vt 0.353384 0.713717
vt 0.440665 0.824755
vt 0.515343 0.858557
vt 0.585168 0.863373
vt 0.662745 0.848895
vt 0.325261 0.854683
vt 0.299077 0.855656
vt 0.335927 0.776475
vt 0.251560 0.775517
vt 0.196292 0.839234
vt 0.157488 0.807375
vt 0.315572 0.711787
vt 0.262226 0.652887
vt 0.200168 0.690549
vt 0.134218 0.739786
vt 0.135195 0.582412
vt 0.272892 0.864346
vt 0.070207 0.136342
vt 0.069245 0.826684
vt 0.043061 0.826684
vt 0.043061 0.136342
vt 0.096391 0.136342
vt 0.096391 0.826684
vt 0.123552 0.826684
vt 0.123552 0.136342
vt 0.015900 0.136342
vt 0.015900 0.826684
vt 0.043061 0.864346
vt 0.096391 0.863373
vt 0.245747 0.109301
vt 0.151675 0.109301
vt 0.151675 0.015642
vt 0.245747 0.015642
vt 0.020752 0.009854
vt 0.048875 0.009854
vt 0.043061 0.128611
vt 0.020752 0.128611
vt 0.071183 0.009854
vt 0.071183 0.128611
vt 0.093492 0.009854
vt 0.099306 0.128611
vt 0.121614 0.128611
vt 0.121614 0.009854
vt 0.906157 0.031092
vt 0.904219 0.092894
vt 0.865431 0.092894
vt 0.866407 0.031092
vt 0.822766 0.031092
vt 0.822766 0.092894
vt 0.945922 0.031092
vt 0.943984 0.092894
vt 0.988602 0.092894
vt 0.988602 0.031092
vt 0.870283 0.009854
vt 0.842161 0.009854
vt 0.906157 0.009854
vt 0.942046 0.009854
vt 0.969192 0.009854
vt 0.840223 0.107371
vt 0.868345 0.107371
vt 0.905196 0.107371
vt 0.942046 0.107371
vt 0.970169 0.107371
s 1
usemtl Tex_1144_0.dds
f 1477/1442/1386 1478/1443/1387 1479/1444/1388
f 1479/1444/1388 1480/1445/1389 1477/1442/1386
f 1478/1443/1387 1477/1442/1386 1481/1446/1390
f 1477/1442/1386 1482/1447/1391 1481/1446/1390
f 1483/1448/1392 1481/1446/1390 1482/1447/1391
f 1482/1447/1391 1484/1449/1393 1483/1448/1392
f 1485/1450/1394 1483/1448/1392 1484/1449/1393
f 1485/1450/1394 1484/1449/1393 1486/1451/1395
f 1486/1451/1395 1487/1452/1396 1485/1450/1394
f 1487/1452/1396 1486/1451/1395 1488/1453/1397
f 1487/1452/1396 1488/1453/1397 1489/1454/1398
f 1488/1453/1397 1490/1455/1399 1489/1454/1398
f 1491/1456/1400 1489/1454/1398 1490/1455/1399
f 1490/1455/1399 1492/1457/1401 1491/1456/1400
f 1491/1456/1400 1492/1457/1401 1493/1458/1402
f 1493/1458/1402 1494/1459/1403 1491/1456/1400
f 1494/1459/1403 1493/1458/1402 1495/1460/1404
f 1495/1460/1404 1496/1461/1405 1494/1459/1403
f 1495/1460/1404 1497/1462/1406 1496/1461/1405
f 1498/1463/1407 1497/1462/1406 1495/1460/1404
f 1486/1451/1395 1484/1449/1393 1499/1464/1408
f 1488/1453/1397 1486/1451/1395 1499/1464/1408
f 1490/1455/1399 1488/1453/1397 1499/1464/1408
f 1492/1457/1401 1490/1455/1399 1499/1464/1408
f 1493/1458/1402 1492/1457/1401 1499/1464/1408
f 1495/1460/1404 1493/1458/1402 1499/1464/1408
f 1498/1463/1407 1495/1460/1404 1499/1464/1408
f 1484/1449/1393 1482/1447/1391 1499/1464/1408
f 1482/1447/1391 1477/1442/1386 1499/1464/1408
f 1477/1442/1386 1480/1445/1389 1499/1464/1408
f 1480/1445/1389 1498/1463/1407 1499/1464/1408
f 1500/1465/1409 1498/1463/1407 1480/1445/1389
f 1500/1465/1409 1497/1462/1406 1498/1463/1407
f 1480/1445/1389 1479/1444/1388 1500/1465/1409
f 1501/1466/1410 1502/1467/1411 1503/1468/1412
f 1501/1466/1410 1504/1469/1411 1502/1467/1411
f 1502/1467/1411 1504/1469/1411 1505/1470/1413
f 1504/1469/1411 1506/1471/1413 1505/1470/1413
f 1505/1470/1413 1506/1471/1413 1507/1472/1414
f 1507/1472/1414 1508/1473/1414 1505/1470/1413
f 1508/1473/1414 1507/1472/1414 1509/1474/1415
f 1509/1474/1415 1510/1475/1416 1508/1473/1414
f 1511/1476/1417 1510/1475/1416 1509/1474/1415
f 1511/1476/1417 1509/1474/1415 1512/1477/1418
f 1513/1478/1419 1511/1476/1417 1512/1477/1418
f 1513/1478/1419 1512/1477/1418 1514/1479/1420
f 1513/1478/1419 1514/1479/1420 1515/1480/1421
f 1515/1480/1421 1516/1481/1421 1513/1478/1419
f 1516/1481/1421 1515/1480/1421 1517/1482/1422
f 1517/1482/1422 1518/1483/1422 1516/1481/1421
f 1519/1484/1423 1518/1483/1422 1517/1482/1422
f 1519/1484/1423 1517/1482/1422 1520/1485/1424
f 1519/1484/1423 1520/1485/1424 1521/1486/1425
f 1521/1486/1425 1522/1487/1426 1519/1484/1423
f 1520/1485/1424 1523/1488/1427 1521/1486/1425
f 1521/1486/1425 1524/1489/1428 1522/1487/1426
f 1524/1489/1428 1525/1490/1429 1522/1487/1426
f 1524/1489/1428 1526/1491/1430 1525/1490/1429
f 1527/1492/1431 1525/1490/1429 1526/1491/1430
f 1526/1491/1430 1528/1493/1432 1527/1492/1431
f 1526/1491/1430 1529/1494/1433 1528/1493/1432
f 1530/1495/1434 1531/1496/1435 1532/1497/1436
f 1533/1498/1437 1531/1496/1435 1530/1495/1434
f 1534/1499/1438 1531/1496/1435 1533/1498/1437
f 1535/1500/1439 1531/1496/1435 1534/1499/1438
f 1536/1501/1440 1531/1496/1435 1535/1500/1439
f 1537/1502/1441 1531/1496/1435 1536/1501/1440
f 1538/1503/1442 1531/1496/1435 1537/1502/1441
f 1539/1504/1443 1531/1496/1435 1538/1503/1442
f 1540/1505/1444 1531/1496/1435 1539/1504/1443
f 1541/1506/1445 1531/1496/1435 1540/1505/1444
f 1542/1507/1446 1531/1496/1435 1541/1506/1445
f 1532/1497/1436 1531/1496/1435 1542/1507/1446
f 1543/1508/1447 1544/1509/1447 1545/1510/1448
f 1545/1510/1448 1546/1511/1449 1543/1508/1447
f 1544/1509/1447 1543/1508/1447 1547/1512/1450
f 1547/1512/1450 1548/1513/1450 1544/1509/1447
f 1548/1513/1450 1547/1512/1450 1549/1514/1451
f 1549/1514/1451 1550/1515/1452 1548/1513/1450
f 1551/1516/1453 1550/1515/1452 1549/1514/1451
f 1549/1514/1451 1552/1517/1453 1551/1516/1453
f 1553/1518/1454 1551/1516/1453 1552/1517/1453
f 1552/1517/1453 1554/1519/1454 1553/1518/1454
f 1545/1510/1448 1555/1520/1455 1546/1511/1449
f 1546/1511/1449 1555/1520/1455 1556/1521/1456
f 1557/1522/1457 1555/1520/1455 1545/1510/1448
f 1558/1523/1458 1559/1524/1459 1560/1525/1460
f 1560/1525/1460 1561/1526/1461 1558/1523/1458
f 1562/1527/1462 1561/1526/1461 1560/1525/1460
f 1560/1525/1460 1563/1528/1463 1562/1527/1462
f 1564/1529/1464 1562/1527/1462 1563/1528/1463
f 1563/1528/1463 1565/1530/1465 1564/1529/1464
f 1566/1531/1466 1564/1529/1464 1565/1530/1465
f 1565/1530/1465 1567/1532/1467 1566/1531/1466
f 1560/1525/1460 1559/1524/1459 1568/1533/1468
f 1568/1533/1468 1569/1534/1469 1560/1525/1460
f 1563/1528/1463 1560/1525/1460 1569/1534/1469
f 1569/1534/1469 1570/1535/1470 1563/1528/1463
f 1565/1530/1465 1563/1528/1463 1570/1535/1470
f 1570/1535/1470 1571/1536/1471 1565/1530/1465
f 1567/1532/1467 1565/1530/1465 1571/1536/1471
f 1571/1536/1471 1572/1537/1472 1567/1532/1467
f 1573/1538/1473 1564/1529/1464 1566/1531/1466
f 1566/1531/1466 1574/1539/1474 1573/1538/1473
f 1575/1540/1475 1564/1529/1464 1573/1538/1473
f 1575/1540/1475 1562/1527/1462 1564/1529/1464
f 1576/1541/1476 1562/1527/1462 1575/1540/1475
f 1562/1527/1462 1576/1541/1476 1561/1526/1461
f 1558/1523/1458 1561/1526/1461 1576/1541/1476
f 1576/1541/1476 1577/1542/1477 1558/1523/1458
f 1578/1543/1409 1566/1531/1466 1567/1532/1467
f 1574/1539/1474 1566/1531/1466 1578/1543/1409
f 1567/1532/1467 1579/1544/1478 1578/1543/1409
f 1567/1532/1467 1572/1537/1472 1579/1544/1478
f 1572/1537/1472 1580/1545/1479 1579/1544/1478
f 1581/1546/1480 1558/1523/1458 1577/1542/1477
f 1577/1542/1477 1582/1547/1481 1581/1546/1480
f 1581/1546/1480 1559/1524/1459 1558/1523/1458
f 1581/1546/1480 1583/1548/1482 1559/1524/1459
f 1568/1533/1468 1559/1524/1459 1583/1548/1482
f 1583/1548/1482 1584/1549/1483 1568/1533/1468
f 1578/1543/1409 1585/1550/1484 1574/1539/1474
f 1586/1551/1485 1587/1552/1486 1588/1553/1487
f 1588/1553/1487 1587/1552/1486 1589/1554/1488
f 1587/1552/1486 1590/1555/1489 1589/1554/1488
f 1591/1556/1490 1590/1555/1489 1587/1552/1486
f 1587/1552/1486 1592/1557/1491 1591/1556/1490
f 1593/1558/1492 1592/1557/1491 1587/1552/1486
f 1587/1552/1486 1594/1559/1493 1593/1558/1492
f 1587/1552/1486 1595/1560/1494 1594/1559/1493
f 1596/1561/1495 1597/1562/1496 1598/1563/1497
f 1598/1563/1497 1597/1562/1496 1599/1564/1498
f 1598/1563/1497 1599/1564/1498 1600/1565/1499
f 1599/1564/1498 1601/1566/1500 1600/1565/1499
f 1602/1567/1501 1601/1566/1500 1599/1564/1498
f 1599/1564/1498 1597/1562/1496 1603/1568/1502
f 1603/1568/1502 1602/1567/1501 1599/1564/1498
f 1602/1567/1501 1603/1568/1502 1604/1569/1503
f 1602/1567/1501 1604/1569/1503 1605/1570/1504
f 1606/1571/1505 1602/1567/1501 1605/1570/1504
f 1601/1566/1500 1602/1567/1501 1606/1571/1505
f 1598/1563/1497 1600/1565/1499 1607/1572/1506
f 1608/1573/1507 1609/1574/1508 1610/1575/1509
f 1610/1575/1509 1611/1576/1510 1608/1573/1507
f 1612/1577/1511 1609/1574/1508 1608/1573/1507
f 1612/1577/1511 1608/1573/1507 1613/1578/1512
f 1614/1579/1513 1612/1577/1511 1613/1578/1512
f 1614/1579/1513 1613/1578/1512 1615/1580/1514
f 1610/1575/1509 1616/1581/1515 1611/1576/1510
f 1610/1575/1509 1617/1582/1515 1616/1581/1515
f 1618/1583/1516 1619/1584/1517 1620/1585/1409
f 1618/1583/1516 1621/1586/1518 1619/1584/1517
f 1621/1586/1518 1618/1583/1516 1622/1587/1519
f 1618/1583/1516 1623/1588/1520 1622/1587/1519
f 1624/1589/1521 1623/1588/1520 1618/1583/1516
f 1618/1583/1516 1625/1590/1522 1624/1589/1521
f 1626/1591/1523 1625/1590/1522 1618/1583/1516
f 1627/1592/1524 1626/1591/1523 1618/1583/1516
f 1628/1593/1525 1629/1594/1526 1630/1595/1527
f 1630/1595/1527 1629/1594/1526 1631/1596/1528
f 1631/1596/1528 1629/1594/1526 1632/1597/1529
f 1631/1596/1528 1632/1597/1529 1633/1598/1530
f 1630/1595/1527 1631/1596/1528 1634/1599/1531
f 1631/1596/1528 1635/1600/1532 1634/1599/1531
f 1631/1596/1528 1636/1601/1533 1635/1600/1532
f 1633/1598/1530 1637/1602/1534 1631/1596/1528
f 1631/1596/1528 1637/1602/1534 1636/1601/1533
f 1636/1601/1533 1637/1602/1534 1638/1603/1535
f 1635/1600/1532 1636/1601/1533 1638/1603/1535
f 1632/1597/1529 1629/1594/1526 1639/1604/1536
f 1640/1605/1537 1641/1606/1538 1642/1607/1539
f 1642/1607/1539 1643/1608/1540 1640/1605/1537
f 1641/1606/1538 1640/1605/1537 1644/1609/1541
f 1644/1609/1541 1645/1610/1542 1641/1606/1538
f 1644/1609/1541 1646/1611/1543 1645/1610/1542
f 1644/1609/1541 1647/1612/1544 1646/1611/1543
f 1642/1607/1539 1648/1613/1545 1643/1608/1540
f 1648/1613/1545 1642/1607/1539 1649/1614/1543
f 1641/1606/1538 1650/1615/1546 1642/1607/1539
f 1650/1615/1546 1649/1614/1543 1642/1607/1539
f 1645/1610/1542 1651/1616/1547 1641/1606/1538
f 1645/1610/1542 1646/1611/1543 1651/1616/1547
f 1652/1617/1548 1653/1618/1549 1654/1619/1550
f 1654/1619/1550 1655/1620/1548 1652/1617/1548
f 1656/1621/1551 1657/1622/1552 1658/1623/1553
f 1658/1623/1553 1659/1624/1554 1656/1621/1551
f 1657/1622/1552 1660/1625/1555 1658/1623/1553
f 1660/1625/1555 1661/1626/1556 1658/1623/1553
f 1661/1626/1556 1660/1625/1555 1662/1627/1557
f 1662/1627/1557 1663/1628/1558 1661/1626/1556
f 1664/1629/1559 1663/1628/1558 1662/1627/1557
f 1662/1627/1557 1665/1630/1560 1664/1629/1559
f 1666/1631/1561 1667/1632/1562 1668/1633/1563
f 1668/1633/1563 1669/1634/1564 1666/1631/1561
f 1670/1635/1565 1669/1634/1564 1668/1633/1563
f 1668/1633/1563 1671/1636/1566 1670/1635/1565
f 1667/1632/1562 1666/1631/1561 1672/1637/1567
f 1672/1637/1567 1673/1638/1568 1667/1632/1562
f 1674/1639/1569 1673/1638/1568 1672/1637/1567
f 1672/1637/1567 1675/1640/1570 1674/1639/1569
f 1670/1635/1565 1676/1641/1571 1669/1634/1564
f 1676/1641/1571 1666/1631/1561 1669/1634/1564
f 1670/1635/1565 1677/1642/1572 1676/1641/1571
f 1666/1631/1561 1676/1641/1571 1678/1643/1573
f 1672/1637/1567 1666/1631/1561 1678/1643/1573
f 1678/1643/1573 1679/1644/1574 1672/1637/1567
f 1679/1644/1574 1680/1645/1575 1672/1637/1567
f 1672/1637/1567 1680/1645/1575 1675/1640/1570
f 1668/1633/1563 1681/1646/1576 1671/1636/1566
f 1668/1633/1563 1682/1647/1577 1681/1646/1576
f 1668/1633/1563 1667/1632/1562 1683/1648/1578
f 1683/1648/1578 1682/1647/1577 1668/1633/1563
f 1674/1639/1569 1684/1649/1579 1673/1638/1568
f 1667/1632/1562 1673/1638/1568 1684/1649/1579
f 1684/1649/1579 1683/1648/1578 1667/1632/1562
f 1674/1639/1569 1685/1650/1580 1684/1649/1579
f 1686/1509/1581 1687/1508/1581 1688/1511/1582
f 1688/1511/1582 1689/1510/1583 1686/1509/1581
f 1690/1512/1584 1687/1508/1581 1686/1509/1581
f 1690/1512/1584 1686/1509/1581 1691/1513/1585
f 1692/1514/1586 1690/1512/1584 1691/1513/1585
f 1691/1513/1585 1693/1515/1587 1692/1514/1586
f 1692/1514/1586 1693/1515/1587 1694/1516/1588
f 1694/1516/1588 1695/1517/1589 1692/1514/1586
f 1695/1517/1589 1694/1516/1588 1696/1518/1454
f 1696/1518/1454 1697/1519/1590 1695/1517/1589
f 1689/1510/1583 1688/1511/1582 1698/1520/1591
f 1688/1511/1582 1699/1521/1592 1698/1520/1591
f 1700/1522/1593 1689/1510/1583 1698/1520/1591
f 1701/1523/1594 1702/1526/1595 1703/1525/1596
f 1703/1525/1596 1704/1524/1597 1701/1523/1594
f 1703/1525/1596 1702/1526/1595 1705/1527/1598
f 1705/1527/1598 1706/1528/1599 1703/1525/1596
f 1706/1528/1599 1705/1527/1598 1707/1529/1600
f 1707/1529/1600 1708/1530/1601 1706/1528/1599
f 1708/1530/1601 1707/1529/1600 1709/1531/1602
f 1709/1531/1602 1710/1532/1603 1708/1530/1601
f 1711/1533/1604 1704/1524/1597 1703/1525/1596
f 1703/1525/1596 1712/1534/1605 1711/1533/1604
f 1712/1534/1605 1703/1525/1596 1706/1528/1599
f 1706/1528/1599 1713/1535/1606 1712/1534/1605
f 1713/1535/1606 1706/1528/1599 1708/1530/1601
f 1708/1530/1601 1714/1536/1607 1713/1535/1606
f 1714/1536/1607 1708/1530/1601 1710/1532/1603
f 1710/1532/1603 1715/1537/1608 1714/1536/1607
f 1709/1531/1602 1707/1529/1600 1716/1538/1609
f 1716/1538/1609 1717/1539/1610 1709/1531/1602
f 1718/1540/1611 1716/1538/1609 1707/1529/1600
f 1707/1529/1600 1705/1527/1598 1718/1540/1611
f 1719/1541/1612 1718/1540/1611 1705/1527/1598
f 1705/1527/1598 1702/1526/1595 1719/1541/1612
f 1719/1541/1612 1702/1526/1595 1701/1523/1594
f 1701/1523/1594 1720/1542/1613 1719/1541/1612
f 1710/1532/1603 1709/1531/1602 1721/1543/1614
f 1721/1543/1614 1709/1531/1602 1717/1539/1610
f 1721/1543/1614 1722/1544/1615 1710/1532/1603
f 1722/1544/1615 1715/1537/1608 1710/1532/1603
f 1715/1537/1608 1722/1544/1615 1723/1545/1616
f 1720/1542/1613 1701/1523/1594 1724/1547/1617
f 1701/1523/1594 1725/1546/1618 1724/1547/1617
f 1725/1546/1618 1701/1523/1594 1704/1524/1597
f 1704/1524/1597 1726/1548/1619 1725/1546/1618
f 1727/1549/1483 1726/1548/1619 1704/1524/1597
f 1704/1524/1597 1711/1533/1604 1727/1549/1483
f 1717/1539/1610 1728/1550/1620 1721/1543/1614
f 1729/1442/1621 1730/1445/1622 1731/1444/1623
f 1731/1444/1623 1732/1443/1624 1729/1442/1621
f 1732/1443/1624 1733/1446/1625 1729/1442/1621
f 1729/1442/1621 1733/1446/1625 1734/1447/1626
f 1733/1446/1625 1735/1448/1627 1734/1447/1626
f 1735/1448/1627 1736/1449/1628 1734/1447/1626
f 1737/1450/1629 1736/1449/1628 1735/1448/1627
f 1737/1450/1629 1738/1451/1630 1736/1449/1628
f 1738/1451/1630 1737/1450/1629 1739/1452/1631
f 1739/1452/1631 1740/1453/1632 1738/1451/1630
f 1740/1453/1632 1739/1452/1631 1741/1454/1633
f 1740/1453/1632 1741/1454/1633 1742/1455/1634
f 1743/1456/1635 1742/1455/1634 1741/1454/1633
f 1743/1456/1635 1744/1457/1636 1742/1455/1634
f 1745/1458/1637 1744/1457/1636 1743/1456/1635
f 1743/1456/1635 1746/1459/1638 1745/1458/1637
f 1747/1460/1639 1745/1458/1637 1746/1459/1638
f 1746/1459/1638 1748/1461/1640 1747/1460/1639
f 1747/1460/1639 1748/1461/1640 1749/1462/1641
f 1750/1463/1642 1747/1460/1639 1749/1462/1641
f 1738/1451/1630 1751/1464/1643 1736/1449/1628
f 1740/1453/1632 1751/1464/1643 1738/1451/1630
f 1742/1455/1634 1751/1464/1643 1740/1453/1632
f 1744/1457/1636 1751/1464/1643 1742/1455/1634
f 1745/1458/1637 1751/1464/1643 1744/1457/1636
f 1747/1460/1639 1751/1464/1643 1745/1458/1637
f 1750/1463/1642 1751/1464/1643 1747/1460/1639
f 1736/1449/1628 1751/1464/1643 1734/1447/1626
f 1734/1447/1626 1751/1464/1643 1729/1442/1621
f 1729/1442/1621 1751/1464/1643 1730/1445/1622
f 1730/1445/1622 1751/1464/1643 1750/1463/1642
f 1730/1445/1622 1750/1463/1642 1752/1465/1614
f 1752/1465/1614 1750/1463/1642 1749/1462/1641
f 1752/1465/1614 1731/1444/1623 1730/1445/1622
f 1753/1469/1644 1754/1466/1645 1755/1467/1644
f 1756/1468/1646 1755/1467/1644 1754/1466/1645
f 1755/1467/1644 1757/1470/1647 1753/1469/1644
f 1753/1469/1644 1757/1470/1647 1758/1471/1648
f 1759/1472/1649 1758/1471/1648 1757/1470/1647
f 1757/1470/1647 1760/1473/1649 1759/1472/1649
f 1761/1474/1650 1759/1472/1649 1760/1473/1649
f 1760/1473/1649 1762/1475/1651 1761/1474/1650
f 1761/1474/1650 1762/1475/1651 1763/1476/1652
f 1763/1476/1652 1764/1477/1653 1761/1474/1650
f 1764/1477/1653 1763/1476/1652 1765/1478/1654
f 1765/1478/1654 1766/1479/1655 1764/1477/1653
f 1767/1480/1656 1766/1479/1655 1765/1478/1654
f 1765/1478/1654 1768/1481/1657 1767/1480/1656
f 1769/1482/1658 1767/1480/1656 1768/1481/1657
f 1768/1481/1657 1770/1483/1658 1769/1482/1658
f 1769/1482/1658 1770/1483/1658 1771/1484/1659
f 1771/1484/1659 1772/1485/1660 1769/1482/1658
f 1771/1484/1659 1773/1486/1661 1772/1485/1660
f 1773/1486/1661 1771/1484/1659 1774/1487/1662
f 1772/1485/1660 1773/1486/1661 1775/1488/1663
f 1773/1486/1661 1774/1487/1662 1776/1489/1664
f 1776/1489/1664 1774/1487/1662 1777/1490/1665
f 1776/1489/1664 1777/1490/1665 1778/1491/1666
f 1778/1491/1666 1777/1490/1665 1779/1492/1667
f 1780/1493/1668 1778/1491/1666 1779/1492/1667
f 1778/1491/1666 1780/1493/1668 1781/1494/1669
f 1782/1495/1670 1783/1497/1671 1784/1496/1672
f 1785/1498/1673 1782/1495/1670 1784/1496/1672
f 1786/1499/1674 1785/1498/1673 1784/1496/1672
f 1787/1500/1675 1786/1499/1674 1784/1496/1672
f 1788/1501/1676 1787/1500/1675 1784/1496/1672
f 1789/1502/1677 1788/1501/1676 1784/1496/1672
f 1790/1503/1678 1789/1502/1677 1784/1496/1672
f 1791/1504/1679 1790/1503/1678 1784/1496/1672
f 1792/1505/1680 1791/1504/1679 1784/1496/1672
f 1793/1506/1681 1792/1505/1680 1784/1496/1672
f 1794/1507/1682 1793/1506/1681 1784/1496/1672
f 1783/1497/1671 1794/1507/1682 1784/1496/1672
o top
v 0.545154 5.284859 0.047576
v 0.504933 5.249246 0.209559
v 0.551581 5.113941 0.208157
v 0.605739 5.156075 0.044112
v 0.432532 5.059622 0.362951
v 0.410911 5.220351 0.351821
v 0.307345 5.035343 0.447821
v 0.288238 5.199081 0.436139
v 0.154990 5.191988 0.496534
v 0.165812 5.015334 0.517027
v 0.416693 5.346468 0.345772
v 0.275668 5.341572 0.447926
v 0.148972 5.336598 0.482706
v 0.266589 5.469572 0.467943
v 0.143676 5.468524 0.496619
v 0.349539 5.475424 0.425612
v 0.346741 5.636386 0.464707
v 0.260785 5.633539 0.506979
v 0.137380 5.632233 0.519572
v 0.481503 4.926165 0.380635
v 0.322895 4.871637 0.460453
v 0.350260 4.695158 0.458203
v 0.535545 4.760702 0.377765
v 0.556604 4.643624 0.379596
v 0.369073 4.585114 0.458910
v 0.589588 4.485793 0.384695
v 0.398307 4.428931 0.444429
v 0.172080 4.848293 0.509597
v 0.194937 4.666537 0.491843
v 0.010958 4.840215 0.538889
v 0.019506 4.646948 0.524331
v 0.207021 4.551712 0.482180
v 0.023272 4.522969 0.505206
v 0.221871 4.402573 0.466526
v 0.026043 4.387238 0.482362
v 0.627109 4.318466 0.395472
v 0.420470 4.271479 0.444498
v 0.238191 4.249617 0.455858
v 0.037854 4.240174 0.462547
v 0.653184 4.174831 0.401249
v 0.441080 4.125711 0.447845
v 0.052179 4.084882 0.460963
v 0.255309 4.096200 0.457365
v 0.062224 3.924125 0.461484
v -0.161991 4.102184 0.454257
v -0.154197 3.949816 0.453687
v -0.325611 3.980558 0.451630
v -0.333689 4.124835 0.455900
v -0.347227 4.278121 0.477522
v -0.173501 4.254037 0.470764
v -0.532228 4.317123 0.464329
v -0.520718 4.167061 0.455221
v -0.153695 3.895492 0.452548
v -0.322343 3.876979 0.451282
v -0.351534 4.407405 0.485558
v -0.177060 4.382843 0.486401
v -0.171261 4.536113 0.509521
v -0.345719 4.567997 0.494486
v -0.164473 4.655423 0.519669
v -0.334126 4.681028 0.486078
v -0.522122 4.625842 0.430663
v -0.519608 4.735819 0.423365
v -0.701756 4.685048 0.327615
v -0.710189 4.488952 0.362517
v -0.538513 4.443181 0.455264
v -0.785350 4.630964 0.219963
v -0.792057 4.738021 0.153360
v -0.720065 4.350946 0.382881
v -0.711446 4.224244 0.410011
v -0.734899 4.355269 0.370239
v -0.690519 4.824366 0.301791
v -0.488193 4.908916 0.401481
v -0.762226 4.859446 0.077021
v -0.693782 4.996198 0.076317
v -0.638302 4.968071 0.266336
v -0.448573 5.058657 0.365481
v -0.321337 4.863349 0.476673
v -0.308548 5.025887 0.454002
v -0.292430 5.200774 0.448630
v -0.418404 5.214652 0.341352
v -0.554407 5.099196 0.228061
v -0.491559 5.240189 0.209201
v -0.533288 5.260993 0.064555
v -0.600661 5.124315 0.070270
v -0.487083 5.388675 0.060006
v -0.465664 5.362740 0.200696
v -0.410654 5.349765 0.330174
v -0.281428 5.341793 0.428365
v -0.458674 5.482747 0.187229
v -0.422640 5.472934 0.333143
v -0.363569 5.471727 0.414613
v -0.272826 5.465948 0.461464
v -0.473004 5.495675 0.052756
v -0.492565 5.631181 0.039500
v -0.486028 5.630952 0.181810
v -0.428417 5.643033 0.374151
v -0.359759 5.639779 0.457109
v -0.475879 5.754064 0.310989
v -0.407599 5.768517 0.418949
v -0.510360 5.854290 0.410984
v -0.462559 5.844767 0.511633
v -0.505737 5.861477 0.274034
v -0.512323 5.749121 0.159748
v -0.527402 5.863289 0.131267
v -0.523937 5.754196 0.001311
v -0.543596 5.866135 -0.046233
v -0.548122 5.915968 0.019343
v -0.546252 5.977118 0.081681
v -0.540667 5.958003 0.243333
v -0.550832 6.034881 0.291436
v -0.549630 6.047227 0.145958
v -0.556866 6.097242 0.323620
v -0.551641 6.117547 0.203661
v -0.537311 6.183598 0.340375
v -0.542339 6.199304 0.253637
v -0.532534 6.149936 0.435951
v -0.516952 6.192797 0.412135
v -0.466675 6.169312 0.515091
v -0.440528 6.208571 0.486298
v -0.566726 6.032468 0.385542
v -0.549881 6.095942 0.455425
v -0.548012 5.951868 0.356581
v -0.556921 6.027215 0.465580
v -0.543290 5.938540 0.459909
v -0.437763 6.292124 0.366291
v -0.488542 6.273027 0.335419
v -0.524494 6.261517 0.276274
v -0.478234 6.325972 0.282274
v -0.513935 6.312615 0.264390
v -0.381703 6.145537 0.600449
v -0.351036 6.221171 0.519287
v -0.387447 6.276762 0.419281
v -0.332148 6.268733 0.451589
v -0.231354 6.215355 0.540436
v -0.220816 6.272443 0.455608
v -0.110966 6.274317 0.447028
v -0.112977 6.212468 0.541045
v -0.242416 6.139045 0.610038
v -0.115715 6.133718 0.597988
v -0.258249 6.046062 0.643207
v -0.118481 6.045187 0.626555
v -0.121497 5.953551 0.617974
v -0.259003 5.947401 0.636243
v -0.124274 5.868590 0.581196
v -0.256210 5.857186 0.596394
v -0.126509 5.765775 0.512339
v -0.247941 5.760527 0.521092
v -0.352507 5.754079 0.495051
v -0.380621 5.845340 0.578989
v -0.260987 5.631942 0.501478
v -0.132068 5.632221 0.515106
v -0.395531 5.939240 0.623375
v -0.490253 5.939635 0.559442
v -0.497342 6.031895 0.569089
v -0.396788 6.039464 0.633332
v -0.487034 6.110085 0.553250
v 0.527506 5.357739 0.047903
v 0.491608 5.392965 0.047349
v 0.474212 5.367321 0.206127
v 0.496588 5.347224 0.206952
v 0.420678 5.478187 0.347134
v 0.474010 5.489675 0.214247
v 0.496637 5.503091 0.047592
v 0.484219 5.641489 0.250460
v 0.512219 5.639599 0.031319
v 0.424443 5.640696 0.385252
v 0.515389 5.749126 0.159748
v 0.541076 5.754675 -0.000205
v 0.540770 5.862372 0.136813
v 0.563501 5.868711 -0.042754
v 0.556210 5.916000 0.021354
v 0.549816 5.970161 0.086821
v 0.547755 5.958465 0.240811
v 0.551887 6.034881 0.291436
v 0.548673 6.044850 0.154545
v 0.556462 6.106956 0.327022
v 0.547919 6.117093 0.206685
v 0.538366 6.183603 0.340375
v 0.537863 6.197803 0.254164
v 0.529566 6.152491 0.438424
v 0.511967 6.195797 0.411081
v 0.524434 5.857534 0.273633
v 0.573558 6.032505 0.387553
v 0.549674 6.090945 0.457014
v 0.558560 5.958246 0.352407
v 0.558473 6.025186 0.464104
v 0.547613 5.944978 0.453771
v 0.518203 5.852231 0.408000
v 0.502867 5.763030 0.300831
v 0.440534 5.767036 0.425455
v 0.467883 5.840575 0.501140
v 0.489597 6.273027 0.335419
v 0.521521 6.259466 0.273787
v 0.434795 6.306427 0.348460
v 0.442086 6.214134 0.488221
v 0.400062 6.290899 0.391401
v 0.468227 6.326050 0.286798
v 0.504425 6.314642 0.265363
v 0.515487 6.258379 0.268781
v 0.529315 6.198777 0.252137
v 0.541328 6.118475 0.205625
v 0.542388 6.047332 0.152494
v 0.543787 5.974167 0.085751
v 0.548673 5.918943 0.016780
v 0.552696 5.873708 -0.044343
v 0.503168 6.309566 0.262427
v 0.426247 6.301784 0.341495
v 0.394531 6.287737 0.382405
v 0.318654 6.280489 0.424305
v 0.321386 6.281051 0.435802
v 0.226648 6.278720 0.439414
v 0.226145 6.282864 0.446891
v 0.244219 6.220926 0.542861
v 0.356611 6.217294 0.528401
v 0.255784 6.136569 0.612089
v 0.378484 6.141927 0.594473
v 0.466970 6.165354 0.519177
v 0.267092 6.045511 0.640199
v 0.393317 6.041416 0.629278
v 0.267595 5.948298 0.629193
v 0.396083 5.940722 0.621340
v 0.509202 6.030838 0.565586
v 0.503873 5.941606 0.556896
v 0.378736 5.841896 0.573146
v 0.494625 6.099998 0.551400
v 0.262796 5.857081 0.589859
v 0.349539 5.759173 0.467819
v 0.250253 5.758937 0.516089
v 0.132631 5.758187 0.527225
v 0.128340 5.870069 0.579663
v 0.000650 5.872798 0.571945
v 0.000650 5.762743 0.511381
v 0.124558 5.958961 0.610344
v 0.000650 5.956840 0.609301
v 0.120541 6.048715 0.627001
v 0.000650 6.047602 0.626445
v 0.117273 6.135299 0.602489
v 0.000650 6.135270 0.600981
v 0.114278 6.212955 0.540031
v 0.000650 6.211217 0.540437
v 0.111512 6.278793 0.443939
v 0.000650 6.273926 0.438382
v 0.000650 6.269804 0.431910
v 0.111512 6.276150 0.435935
v -0.111217 6.272193 0.440022
v -0.221067 6.270311 0.448098
v -0.327874 6.267558 0.441048
v -0.382168 6.274614 0.410766
v -0.430975 6.291014 0.359771
v -0.468686 6.320990 0.284868
v -0.600661 5.124315 0.070270
v -0.533288 5.260993 0.064555
v -0.583505 5.162318 -0.098792
v -0.693782 4.996198 0.076317
v -0.659169 5.035992 -0.106815
v -0.762226 4.859446 0.077021
v -0.729974 4.879144 -0.137476
v -0.780246 4.740845 0.016070
v -0.559069 5.061090 -0.265579
v -0.494325 5.185497 -0.221858
v -0.619763 4.900948 -0.343497
v -0.489247 5.292145 -0.060651
v -0.443753 5.075450 -0.373422
v -0.475469 4.907624 -0.491437
v -0.664880 4.706814 -0.412719
v -0.523685 4.724934 -0.565893
v -0.313576 4.903275 -0.574338
v -0.278608 5.072901 -0.438243
v -0.339652 4.721303 -0.637174
v -0.694427 4.510088 -0.447342
v -0.548122 4.529344 -0.594478
v -0.148415 4.897113 -0.582280
v -0.161237 4.719584 -0.646811
v 0.004427 4.719007 -0.649376
v 0.013724 4.894260 -0.603356
v -0.353294 4.533801 -0.661428
v -0.163751 4.535357 -0.658436
v 0.001410 4.535925 -0.654422
v -0.347981 4.368280 -0.639606
v -0.162494 4.379817 -0.637331
v 0.000404 4.385077 -0.630769
v -0.340439 4.217862 -0.582386
v -0.159964 4.231757 -0.593668
v 0.000656 4.241841 -0.596798
v -0.336706 4.066673 -0.535759
v -0.157717 4.083541 -0.550111
v 0.000907 4.098596 -0.557846
v -0.502113 4.053736 -0.495828
v -0.516946 4.203485 -0.533430
v -0.673243 4.184910 -0.442584
v -0.652758 4.041798 -0.419241
v -0.541279 4.357580 -0.585636
v -0.699204 4.340870 -0.463734
v 0.166566 4.249114 -0.604059
v 0.164554 4.114438 -0.567699
v 0.333990 4.253249 -0.597085
v 0.171561 4.384029 -0.633769
v 0.339739 4.378034 -0.627190
v 0.511721 4.366633 -0.581807
v 0.515744 4.515014 -0.610340
v 0.341783 4.525950 -0.649233
v 0.506693 4.707985 -0.586283
v 0.336438 4.713710 -0.640572
v 0.483263 4.904946 -0.533587
v 0.327672 4.899209 -0.577739
v 0.426957 5.088941 -0.409842
v 0.549318 5.075457 -0.310048
v 0.614975 4.898223 -0.419849
v 0.297540 5.096728 -0.488942
v 0.509710 4.259758 -0.567524
v 0.725826 4.887932 -0.215554
v 0.653119 5.057950 -0.147891
v 0.681086 5.033848 0.041538
v 0.605739 5.156075 0.044112
v 0.753148 4.875549 0.014410
v 0.795626 4.750110 -0.001674
v 0.480546 5.201980 -0.259834
v 0.588894 5.190419 -0.103266
v 0.545154 5.284859 0.047576
v 0.511164 5.305004 -0.105106
v 0.758854 4.693419 -0.247092
v 0.823275 4.641781 -0.017027
v 0.856369 4.458329 -0.038209
v 0.781880 4.482762 -0.273406
v 0.654693 4.501935 -0.488404
v 0.640116 4.700370 -0.467457
v 0.672609 4.350310 -0.470921
v 0.790428 4.325037 -0.295510
v 0.652179 4.164676 -0.450306
v 0.786312 4.184207 -0.288263
v 0.874634 4.295805 -0.049680
v 0.881597 4.173610 -0.071348
v 0.498599 5.302582 -0.255901
v 0.517498 5.358601 -0.120042
v 0.527506 5.357739 0.047903
v 0.483766 5.330850 -0.249315
v 0.441288 5.283627 -0.340563
v 0.464205 5.236473 -0.335307
v 0.379703 5.280126 -0.370680
v 0.388541 5.205683 -0.374038
v 0.253046 5.249635 -0.423518
v 0.246231 5.267175 -0.394600
v 0.367641 5.299070 -0.349360
v 0.118792 5.255240 -0.417536
v 0.123831 5.232151 -0.447874
v 0.137156 5.155849 -0.439608
v 0.266114 5.160348 -0.410015
v 0.006936 5.157504 -0.430583
v 0.004673 5.229589 -0.450850
v 0.006941 5.079611 -0.427829
v 0.144447 5.087080 -0.432469
v 0.154990 5.074430 -0.499604
v 0.009701 5.057048 -0.486255
v 0.416906 5.180086 -0.401248
v 0.407145 5.132659 -0.380906
v 0.174862 4.897341 -0.599382
v 0.176371 4.717996 -0.651814
v 0.176119 4.533330 -0.659409
v -0.133822 5.059270 -0.473216
v -0.137358 5.083999 -0.436443
v -0.111714 5.161832 -0.411548
v -0.210508 5.163193 -0.389443
v -0.205480 5.218469 -0.423018
v -0.307296 5.223460 -0.362757
v -0.298497 5.172687 -0.361942
v -0.422175 5.222638 -0.319998
v -0.377932 5.317133 -0.259671
v -0.293939 5.266603 -0.336272
v -0.297743 5.316110 -0.354690
v -0.397329 5.391805 -0.277482
v -0.207223 5.269232 -0.422795
v -0.106424 5.249307 -0.442585
v -0.437806 5.371863 -0.141382
v -0.452388 5.426624 -0.144776
v -0.463199 5.404138 -0.041826
v -0.365651 5.439425 -0.224438
v -0.283467 5.378060 -0.321538
v -0.288468 5.337291 -0.321364
v -0.204245 5.358001 -0.347344
v -0.201714 5.297661 -0.344839
v -0.108708 5.347537 -0.372320
v -0.103412 5.264780 -0.355850
v -0.203955 5.287694 -0.400461
v -0.104921 5.267299 -0.418232
v -0.424984 5.456983 -0.133194
v -0.432483 5.522827 -0.132235
v -0.453602 5.509332 -0.033463
v -0.488542 5.637812 -0.048601
v -0.492565 5.631181 0.039500
v -0.473004 5.495675 0.052756
v -0.470238 5.451470 -0.038060
v -0.470692 5.639539 -0.160259
v -0.506092 5.745641 -0.186594
v -0.517651 5.751359 -0.081101
v -0.546362 5.847972 -0.112820
v -0.547870 5.847839 -0.183720
v -0.527254 5.867032 -0.240843
v -0.543345 5.854911 -0.181816
v -0.539071 5.856049 -0.110938
v -0.543596 5.866135 -0.046233
v -0.534294 5.872606 -0.050360
v -0.526751 5.871630 -0.236397
v -0.510918 5.898125 -0.277551
v -0.509661 5.904214 -0.274128
v -0.489799 5.989548 -0.345892
v -0.491811 5.983426 -0.351326
v -0.523937 5.754196 0.001311
v -0.463407 5.871806 -0.319365
v -0.414387 5.999317 -0.426506
v -0.457416 6.046892 -0.413724
v -0.480546 6.041287 -0.386981
v -0.410616 6.002447 -0.419515
v -0.312576 5.905401 -0.419466
v -0.312073 5.904233 -0.429505
v -0.384469 5.889474 -0.409152
v -0.351539 5.772444 -0.369562
v -0.437467 5.753060 -0.288274
v -0.409107 5.645036 -0.256388
v -0.329131 5.649704 -0.337395
v -0.305755 5.557006 -0.317808
v -0.382168 5.540750 -0.234084
v -0.282937 5.450928 -0.291004
v -0.202485 5.453616 -0.342845
v -0.274640 5.409272 -0.285809
v -0.195948 5.388597 -0.320679
v -0.211246 5.558858 -0.359064
v -0.221800 5.659699 -0.403926
v -0.100412 5.450739 -0.365428
v -0.103188 5.375541 -0.353185
v -0.281374 5.791024 -0.429163
v -0.208983 5.722942 -0.442145
v -0.208000 5.797918 -0.411705
v -0.114731 5.718657 -0.399871
v -0.113463 5.664441 -0.452772
v -0.102909 5.563307 -0.394835
v -0.057409 5.686754 -0.409887
v -0.013926 5.686616 -0.418434
v 0.000650 5.664845 -0.427639
v 0.100199 5.730075 -0.409107
v 0.100199 5.733748 -0.399611
v 0.199244 5.796523 -0.404642
v 0.200250 5.793361 -0.413643
v 0.257063 5.763769 -0.409145
v 0.302563 5.867086 -0.425388
v 0.363902 5.760449 -0.365346
v 0.300552 5.874754 -0.417968
v 0.404336 5.956891 -0.401155
v 0.403833 5.948231 -0.408057
v 0.393317 5.854585 -0.389985
v 0.495631 5.840493 -0.296735
v 0.472501 5.755285 -0.279783
v 0.337477 5.663693 -0.343152
v 0.442293 5.655585 -0.253021
v 0.412884 5.542645 -0.209981
v 0.321638 5.554160 -0.307202
v 0.529763 5.750890 -0.141926
v 0.490351 5.649867 -0.112153
v 0.548870 5.831040 -0.160312
v 0.563501 5.868711 -0.042754
v 0.541076 5.754675 -0.000205
v 0.523532 5.862392 -0.248312
v 0.514181 5.941267 -0.309395
v 0.503676 6.016855 -0.367452
v 0.552696 5.873708 -0.044343
v 0.543842 5.836614 -0.157384
v 0.521521 5.867995 -0.243876
v 0.509655 5.941412 -0.300346
v 0.501916 6.012537 -0.354810
v 0.314915 5.469173 -0.282245
v 0.217324 5.566871 -0.329528
v 0.210831 5.457787 -0.302681
v 0.109490 5.567609 -0.346129
v 0.236928 5.665778 -0.369833
v 0.119546 5.666303 -0.399501
v 0.108003 5.456580 -0.315233
v 0.324217 5.456709 -0.307189
v 0.222647 5.430949 -0.345498
v 0.427296 5.494616 -0.232365
v 0.512672 5.535380 -0.130425
v 0.474010 5.591577 -0.109708
v 0.512722 5.643284 -0.021036
v 0.111272 5.424547 -0.368025
v 0.000650 5.457864 -0.328832
v 0.000650 5.429962 -0.375655
v 0.512219 5.639599 0.031319
v 0.477732 5.528627 -0.049870
v 0.496637 5.503091 0.047592
v 0.453399 5.425180 -0.107036
v 0.477327 5.439069 -0.153022
v 0.417994 5.435489 -0.219346
v 0.428510 5.333883 -0.218709
v 0.477278 5.361300 -0.108525
v 0.491608 5.392965 0.047349
v 0.346773 5.287426 -0.291855
v 0.463702 5.340599 -0.238927
v 0.326480 5.390165 -0.286005
v 0.230189 5.368185 -0.339461
v 0.330754 5.441492 -0.314991
v 0.237683 5.258275 -0.322560
v 0.112758 5.254384 -0.345631
v 0.109009 5.357403 -0.384548
v 0.226670 5.406583 -0.359690
v 0.000650 5.347805 -0.386908
v 0.002159 5.253201 -0.356670
v 0.003667 5.253109 -0.425045
v 0.000650 5.383740 -0.374941
v 0.110769 5.409747 -0.381868
v -0.095629 5.487202 -0.346877
v 0.000650 5.498028 -0.332997
v 0.000650 5.564361 -0.391834
v -0.487083 5.388675 0.060006
v -0.526500 5.285342 -0.016288
v -0.472660 5.310434 -0.174073
v -0.662497 4.039743 0.448722
v -0.506841 4.011310 0.456668
v -0.625605 3.844193 0.459455
v -0.493319 3.855822 0.456202
v 0.874634 4.295805 -0.049680
v 0.856369 4.458329 -0.038209
v 0.795030 4.387475 0.215352
v 0.825117 4.235262 0.219277
v 0.752896 4.564781 0.228537
v 0.823275 4.641781 -0.017027
v 0.795626 4.750110 -0.001674
v 0.711178 4.704617 0.233326
v 0.677063 4.828444 0.243942
v 0.753148 4.875549 0.014410
v 0.681086 5.033848 0.041538
v 0.616172 4.978447 0.254570
v 0.879838 4.148292 0.074394
v 0.840278 4.112515 0.220773
v 0.745507 4.058091 0.369983
v 0.881597 4.173610 -0.071348
v 0.625851 4.014976 0.440571
v 0.441036 3.975538 0.452213
v 0.269639 3.951908 0.458677
v -0.771020 4.673566 -0.226690
v -0.787110 4.483209 -0.276928
v -0.838469 4.449964 -0.089364
v -0.874919 4.280254 -0.136419
v -0.802189 4.316424 -0.299394
v -0.884899 4.117515 -0.176567
v -0.813170 4.597153 -0.040947
v -0.801342 4.158506 -0.322549
v -0.876099 4.016630 -0.195068
v -0.779551 4.024590 -0.325958
v 0.471998 6.018957 -0.393128
v 0.463199 6.014023 -0.387522
v -0.011412 5.666448 -0.390457
v -0.058164 5.683340 -0.403300
v -0.116994 5.715283 -0.390765
v -0.205737 5.799077 -0.402169
v -0.448617 6.041467 -0.407100
v -0.477278 6.040459 -0.375905
v -0.538568 5.922425 0.014713
v -0.534294 5.872606 -0.050360
v -0.539967 5.981060 0.076589
v -0.541530 6.047010 0.138899
v -0.543093 6.118942 0.196598
v -0.536808 6.198680 0.246104
v -0.522734 6.258866 0.267767
v -0.512678 6.304506 0.260497
v 0.340024 4.131566 -0.565466
v 0.506141 4.148203 -0.537024
v 0.001913 5.013196 0.540128
v -0.152427 5.018462 0.523957
v -0.156192 4.845422 0.518690
v 0.000656 5.190916 0.523702
v -0.146141 5.192255 0.513120
v -0.141895 5.335637 0.483782
v 0.000650 5.335219 0.490774
v -0.137593 5.461007 0.498249
v 0.000650 5.468580 0.500139
v 0.000650 5.632144 0.514042
v -0.457416 6.046892 -0.413724
v -0.480546 6.041287 -0.386981
v -0.514738 6.142295 -0.391118
v -0.485575 6.150412 -0.418404
v -0.477278 6.040459 -0.375905
v -0.514236 6.143938 -0.383098
v -0.448617 6.041467 -0.407100
v -0.480798 6.151992 -0.413904
v -0.506190 6.248530 -0.414951
v -0.510967 6.246936 -0.419954
v -0.528517 6.344908 -0.417472
v -0.534294 6.343813 -0.422986
v -0.569994 6.334576 -0.403225
v -0.544154 6.238266 -0.396179
v -0.569240 6.334202 -0.395178
v -0.543902 6.238898 -0.388143
v -0.588730 6.411174 -0.406909
v -0.551783 6.420926 -0.425667
v -0.587221 6.409803 -0.398344
v -0.604372 6.479740 -0.404020
v -0.606132 6.482644 -0.411102
v -0.545247 6.422036 -0.419153
v -0.561392 6.494040 -0.421343
v -0.567420 6.493943 -0.427376
v -0.617943 6.553150 -0.403690
v -0.577979 6.566501 -0.417483
v -0.625425 6.613627 -0.385022
v -0.584767 6.628174 -0.396849
v -0.572197 6.565598 -0.411434
v -0.579428 6.624585 -0.391232
v -0.629196 6.668944 -0.352730
v -0.628442 6.662011 -0.346087
v -0.623414 6.608689 -0.379416
v -0.588539 6.683018 -0.363036
v -0.591053 6.719435 -0.318372
v -0.631454 6.704288 -0.311574
v -0.584767 6.678095 -0.356425
v -0.586527 6.713515 -0.311236
v -0.615937 6.549225 -0.397593
v -0.631454 6.734218 -0.263789
v -0.631956 6.725711 -0.261143
v -0.627497 6.752578 -0.195724
v -0.590801 6.748391 -0.268559
v -0.586779 6.764048 -0.201439
v -0.627999 6.744007 -0.197095
v -0.630951 6.696833 -0.306426
v -0.580493 6.756482 -0.202827
v -0.572197 6.747863 -0.144867
v -0.578231 6.755950 -0.141980
v -0.587030 6.739253 -0.273944
v -0.619451 6.746419 -0.140821
v -0.611915 6.731122 -0.091303
v -0.570437 6.738696 -0.089413
v -0.601607 6.688144 -0.043855
v -0.560135 6.695207 -0.042460
v -0.612166 6.723035 -0.094190
v -0.601858 6.681032 -0.048261
v -0.619703 6.737840 -0.142695
v -0.564655 6.731090 -0.093314
v -0.591550 6.644931 -0.010982
v -0.549521 6.650825 -0.009579
v -0.554101 6.688111 -0.045861
v -0.543738 6.644743 -0.012493
v -0.570382 6.553320 0.054832
v -0.529216 6.560081 0.059266
v -0.548876 6.460249 0.126753
v -0.509207 6.470584 0.135158
v -0.528517 6.369523 0.207158
v -0.490805 6.383810 0.220003
v -0.513935 6.312615 0.264390
v -0.478234 6.325972 0.282274
v -0.512678 6.304506 0.260497
v -0.527757 6.361390 0.201757
v -0.484771 6.379212 0.215551
v -0.468686 6.320990 0.284868
v -0.548373 6.452108 0.120849
v -0.570186 6.546846 0.048918
v -0.525194 6.554454 0.053321
v -0.504933 6.464957 0.129219
v -0.591550 6.638299 -0.016910
v 0.471998 6.018957 -0.393128
v 0.499703 6.127025 -0.402942
v 0.533392 6.121720 -0.388776
v 0.503676 6.016855 -0.367452
v 0.533643 6.124387 -0.379264
v 0.501916 6.012537 -0.354810
v 0.463199 6.014023 -0.387522
v 0.494423 6.130632 -0.397468
v 0.523084 6.222962 -0.410014
v 0.517553 6.226068 -0.404533
v 0.556522 6.217126 -0.397349
v 0.543897 6.319281 -0.416557
v 0.576766 6.311843 -0.401827
v 0.561687 6.417107 -0.422119
v 0.595119 6.409305 -0.406912
v 0.556773 6.218793 -0.387820
v 0.576515 6.313505 -0.392299
v 0.594556 6.408823 -0.396819
v 0.537753 6.320106 -0.411482
v 0.555598 6.417046 -0.417061
v 0.565403 6.490914 -0.419253
v 0.571935 6.490825 -0.424778
v 0.606116 6.480469 -0.412045
v 0.615729 6.553094 -0.407210
v 0.580286 6.566514 -0.416980
v 0.615418 6.549567 -0.398074
v 0.606116 6.479122 -0.401971
v 0.619184 6.618233 -0.380072
v 0.583745 6.628073 -0.393300
v 0.585002 6.680843 -0.362979
v 0.620189 6.668457 -0.351722
v 0.619686 6.614340 -0.371963
v 0.622201 6.662553 -0.343581
v 0.577717 6.624123 -0.388710
v 0.573498 6.565095 -0.411426
v 0.584811 6.719322 -0.325410
v 0.579029 6.713335 -0.322800
v 0.578974 6.675378 -0.358868
v 0.620441 6.708740 -0.316166
v 0.584057 6.746705 -0.279595
v 0.618746 6.733265 -0.271333
v 0.583554 6.758925 -0.238560
v 0.617992 6.747967 -0.232355
v 0.620692 6.723600 -0.267641
v 0.622703 6.699274 -0.310991
v 0.578777 6.753400 -0.238471
v 0.579029 6.740688 -0.278493
v 0.581291 6.763131 -0.195893
v 0.615981 6.755140 -0.192747
v 0.609695 6.748917 -0.141867
v 0.574000 6.755939 -0.142985
v 0.617992 6.746602 -0.192107
v 0.620003 6.739450 -0.230709
v 0.576515 6.757581 -0.197313
v 0.569481 6.750369 -0.145410
v 0.603410 6.731638 -0.090808
v 0.605170 6.724544 -0.094215
v 0.611455 6.741357 -0.143254
v 0.566464 6.737179 -0.089892
v 0.562441 6.731598 -0.093322
v 0.556352 6.695034 -0.042965
v 0.551270 6.687770 -0.046374
v 0.593299 6.688985 -0.043874
v 0.582800 6.645451 -0.009984
v 0.545296 6.650833 -0.009076
v 0.563392 6.565769 0.047089
v 0.526697 6.570852 0.050527
v 0.541525 6.475448 0.120430
v 0.505130 6.482709 0.125364
v 0.520767 6.386998 0.199334
v 0.484066 6.397712 0.209219
v 0.504425 6.314642 0.265363
v 0.468227 6.326050 0.286798
v 0.595310 6.682369 -0.048791
v 0.585063 6.639823 -0.015929
v 0.543033 6.471798 0.112448
v 0.565146 6.563125 0.039090
v 0.521270 6.383877 0.192846
v 0.503168 6.309566 0.262427
v 0.539513 6.644254 -0.011982
v 0.520914 6.566255 0.046075
v 0.499096 6.478612 0.120401
v 0.478032 6.394615 0.204240
v 0.461439 6.320998 0.285371
v 0.461439 6.320998 0.285371
v 0.494374 6.124045 0.389100
v 0.515487 6.258379 0.268781
v 0.529315 6.198777 0.252137
v 0.523478 6.011214 0.320475
v 0.541328 6.118475 0.205625
v 0.516340 5.978425 0.231444
v 0.401860 6.180091 0.466143
v 0.394531 6.287737 0.382405
v 0.426247 6.301784 0.341495
v 0.324152 6.206695 0.501858
v 0.318654 6.280489 0.424305
v 0.253521 6.163676 0.546792
v 0.226648 6.278720 0.439414
v 0.111512 6.276150 0.435935
v 0.172583 6.113486 0.552627
v 0.071773 6.100145 0.486356
v 0.000650 6.269804 0.431910
v -0.070723 6.100140 0.486356
v -0.111217 6.272193 0.440022
v -0.171528 6.113486 0.552627
v -0.252467 6.163671 0.546792
v -0.221067 6.270311 0.448098
v -0.323102 6.206695 0.501858
v -0.327874 6.267558 0.441048
v -0.400811 6.180086 0.466143
v -0.382168 6.274614 0.410766
v -0.430975 6.291014 0.359771
v -0.493319 6.124039 0.389101
v -0.522734 6.258866 0.267767
v -0.522428 6.011214 0.320475
v -0.536808 6.198680 0.246104
v -0.515285 5.978420 0.231444
v -0.543093 6.118942 0.196598
v -0.493221 5.946790 0.165620
v -0.541530 6.047010 0.138899
v -0.539967 5.981060 0.076589
v -0.513880 5.849187 -0.000717
v -0.538568 5.922425 0.014713
v -0.534294 5.872606 -0.050360
v -0.468686 6.320990 0.284868
v -0.512678 6.304506 0.260497
v 0.542388 6.047332 0.152494
v 0.494276 5.946795 0.165620
v 0.543787 5.974167 0.085751
v 0.548673 5.918943 0.016780
v 0.514935 5.849187 -0.000717
v 0.552696 5.873708 -0.044343
v 0.552696 5.873708 -0.044343
v 0.495631 5.808064 -0.093069
v 0.514935 5.849187 -0.000717
v 0.543842 5.836614 -0.157384
v 0.420169 5.764058 -0.198450
v 0.521521 5.867995 -0.243876
v 0.290720 5.757190 -0.312977
v 0.300552 5.874754 -0.417968
v 0.199244 5.796523 -0.404642
v 0.255281 5.556069 -0.250920
v 0.404336 5.956891 -0.401155
v 0.509655 5.941412 -0.300346
v 0.501916 6.012537 -0.354810
v 0.463199 6.014023 -0.387522
v 0.111250 5.546307 -0.263838
v 0.100199 5.733748 -0.399611
v -0.011412 5.666448 -0.390457
v 0.000650 5.548536 -0.250296
v -0.058164 5.683340 -0.403300
v -0.109441 5.546291 -0.264844
v -0.116994 5.715283 -0.390765
v -0.253724 5.556061 -0.251423
v -0.205737 5.799077 -0.402169
v -0.289419 5.757190 -0.312977
v -0.312576 5.905401 -0.419466
v -0.509661 5.904214 -0.274128
v -0.419120 5.764058 -0.198450
v -0.526751 5.871630 -0.236397
v -0.410616 6.002447 -0.419515
v -0.489799 5.989548 -0.345892
v -0.477278 6.040459 -0.375905
v -0.448617 6.041467 -0.407100
v -0.543345 5.854911 -0.181816
v -0.495330 5.810067 -0.093604
v -0.539071 5.856049 -0.110938
v -0.534294 5.872606 -0.050360
v -0.513880 5.849187 -0.000717
v 0.000650 6.053410 0.418293
v 0.461439 6.320998 0.285371
v 0.503168 6.309566 0.262427
v -0.653824 4.820539 0.282748
v -0.762226 4.859446 0.077021
v -0.001858 4.883910 0.003726
v -0.603427 4.894587 -0.301158
v -0.319042 4.679960 0.450904
v -0.309805 4.896840 -0.505345
v 0.003924 4.890427 -0.528872
v 0.294245 4.893353 -0.504239
v 0.552641 4.892597 -0.363446
v 0.019255 4.648798 0.482578
v 0.656201 4.883071 -0.173747
v 0.634082 4.824397 0.242499
v 0.341718 4.694787 0.435082
v -0.755438 4.502717 0.311515
v -0.748147 4.498259 0.284436
v -0.334695 4.123816 0.423737
v 0.051425 4.083838 0.427298
v 0.062224 3.924125 0.461484
v -0.326868 3.979732 0.431533
v -0.662497 4.039743 0.448722
v -0.711446 4.224244 0.410011
v 0.036854 4.240891 0.418336
v -0.346260 4.277851 0.433835
v -0.710009 4.347631 0.364327
v -0.734899 4.355269 0.370239
v -0.153695 3.895492 0.452548
v -0.341986 4.406719 0.442829
v 0.030820 4.387906 0.430056
v 0.395039 4.429372 0.409231
v 0.364050 4.585157 0.430256
v 0.727766 4.561173 0.223063
v 0.676243 4.700560 0.230882
v 0.027295 4.524219 0.454362
v 0.341718 4.694787 0.435082
v 0.634082 4.824397 0.242499
v 0.019255 4.648798 0.482578
v -0.327120 4.567327 0.452768
v -0.699706 4.456898 0.342462
v -0.667897 4.682690 0.308084
v -0.319042 4.679960 0.450904
v -0.653824 4.820539 0.282748
v -0.785350 4.630964 0.219963
v -0.792057 4.738021 0.153360
v -0.762226 4.859446 0.077021
v 0.700805 4.688463 -0.211318
v 0.656201 4.883071 -0.173747
v 0.743928 4.478606 -0.250710
v -0.748147 4.498259 0.284436
v -0.755438 4.502717 0.311515
v 0.850002 4.292852 -0.045609
v 0.778442 4.384330 0.207356
v 0.764286 4.322834 -0.276364
v 0.786312 4.184207 -0.288263
v 0.881597 4.173610 -0.071348
v 0.419169 4.270380 0.402229
v 0.440075 4.123727 0.418206
v 0.645642 4.170949 0.378687
v 0.625851 4.014976 0.440571
v 0.441036 3.975538 0.452213
v 0.269639 3.951908 0.458677
v 0.745507 4.058091 0.369983
v 0.808524 4.232092 0.209773
v 0.840278 4.112515 0.220773
v 0.879838 4.148292 0.074394
v -0.493319 3.855822 0.456202
v -0.625605 3.844193 0.459455
v -0.322343 3.876979 0.451282
v -0.603427 4.894587 -0.301158
v -0.643767 4.701491 -0.368395
v -0.332618 4.716892 -0.567726
v -0.309805 4.896840 -0.505345
v 0.000907 4.716197 -0.573898
v 0.003924 4.890427 -0.528872
v -0.677079 4.506598 -0.414101
v -0.348774 4.533261 -0.601078
v 0.000907 4.536350 -0.596602
v -0.683365 4.340877 -0.432052
v -0.344713 4.372128 -0.587881
v 0.000907 4.387815 -0.585564
v -0.661175 4.187828 -0.417492
v -0.337176 4.222919 -0.549282
v 0.000907 4.245358 -0.565680
v -0.838469 4.449964 -0.089364
v -0.813170 4.597153 -0.040947
v -0.874919 4.280254 -0.136419
v -0.884899 4.117515 -0.176567
v -0.785252 4.158789 -0.304953
v -0.779551 4.024590 -0.325958
v -0.502113 4.053736 -0.495828
v -0.157717 4.083541 -0.550111
v 0.000907 4.098596 -0.557846
v -0.876099 4.016630 -0.195068
v 0.332448 4.381209 -0.586015
v 0.329716 4.525752 -0.598946
v 0.627546 4.498961 -0.454668
v 0.595622 4.696037 -0.424145
v 0.316331 4.709237 -0.574639
v 0.294245 4.893353 -0.504239
v 0.552641 4.892597 -0.363446
v 0.700805 4.688463 -0.211318
v 0.743928 4.478606 -0.250710
v 0.654507 4.350276 -0.441758
v 0.764286 4.322834 -0.276364
v 0.330218 4.256726 -0.568481
v 0.498397 4.261800 -0.534366
v 0.652179 4.164676 -0.450306
v 0.786312 4.184207 -0.288263
v 0.656201 4.883071 -0.173747
v 0.506141 4.148203 -0.537024
v 0.340024 4.131566 -0.565466
v 0.164554 4.114438 -0.567699
v -0.780246 4.740845 0.016070
v -0.762226 4.859446 0.077021
v -0.652758 4.041798 -0.419241
v -0.336706 4.066673 -0.535759
vn 0.9537 0.2827 0.1023
vn 0.8735 0.2008 0.4435
vn 0.7789 0.3837 0.4961
vn 0.8659 0.4732 0.1625
vn 0.5871 0.2136 0.7808
vn 0.6902 0.0629 0.7209
vn 0.4372 0.1128 0.8923
vn 0.4685 0.1125 0.8763
vn 0.2555 0.0980 0.9618
vn 0.2711 0.0115 0.9625
vn 0.7690 -0.0647 0.6360
vn 0.4288 -0.0524 0.9019
vn 0.1840 0.0119 0.9828
vn 0.3262 -0.1462 0.9339
vn 0.1060 -0.1215 0.9869
vn 0.5949 -0.1647 0.7867
vn 0.5789 -0.1012 0.8091
vn 0.2868 -0.1301 0.9491
vn 0.0353 -0.1056 0.9938
vn 0.5163 0.1829 0.8366
vn 0.3653 0.0110 0.9308
vn 0.2949 0.0350 0.9549
vn 0.5239 0.1042 0.8454
vn 0.5002 0.0887 0.8613
vn 0.2471 0.0116 0.9689
vn 0.4843 0.1045 0.8686
vn 0.2003 -0.0432 0.9788
vn 0.2317 -0.0590 0.9710
vn 0.1924 -0.0668 0.9790
vn 0.0353 0.0121 0.9993
vn 0.0588 -0.0900 0.9942
vn 0.1453 -0.0745 0.9866
vn 0.0667 -0.1450 0.9872
vn 0.0981 -0.0508 0.9939
vn 0.0431 -0.1056 0.9935
vn 0.1447 0.0120 0.9894
vn 0.0509 0.0121 0.9986
vn 0.0196 -0.1134 0.9934
vn 0.4372 0.1678 0.8836
vn 0.0903 0.0905 0.9918
vn -0.0039 0.0122 0.9999
vn 0.0274 0.0121 0.9995
vn -0.0118 0.0121 0.9999
vn -0.0039 0.0121 0.9999
vn -0.0196 0.0121 0.9997
vn -0.0353 -0.1056 0.9938
vn 0.0039 -0.1134 0.9935
vn -0.2231 0.0117 0.9747
vn -0.1059 -0.0507 0.9931
vn 0.0039 0.0121 0.9999
vn -0.0823 -0.0820 0.9932
vn -0.0039 -0.1134 0.9935
vn -0.0509 -0.1055 0.9931
vn -0.1841 0.0119 0.9828
vn -0.2471 0.0352 0.9683
vn -0.3805 0.0893 0.9205
vn -0.4118 0.1126 0.9043
vn -0.6789 0.1646 0.7156
vn -0.6080 0.1576 0.7781
vn -0.3177 0.0897 0.9439
vn -0.8361 0.1771 0.5193
vn -0.8518 0.3091 0.4230
vn -0.5139 0.1196 0.8495
vn -0.2943 0.0820 0.9522
vn -0.6319 0.1340 0.7633
vn -0.7265 0.2967 0.6198
vn -0.4592 0.2375 0.8560
vn -0.9163 0.3834 0.1158
vn -0.8593 0.4927 0.1373
vn -0.7113 0.4605 0.5310
vn -0.5845 0.2829 0.7605
vn -0.4277 0.1125 0.8969
vn -0.4905 0.1590 0.8568
vn -0.7105 0.1954 0.6760
vn -0.7503 0.4749 0.4599
vn -0.8675 0.2853 0.4076
vn -0.9139 0.3752 0.1549
vn -0.8451 0.5097 0.1609
vn -0.9781 0.2082 0.0006
vn -0.9455 0.1265 0.3001
vn -0.8116 0.0055 0.5842
vn -0.4823 -0.0369 0.8752
vn -0.9763 -0.0791 0.2013
vn -0.8899 -0.1302 0.4373
vn -0.6305 -0.1955 0.7512
vn -0.3565 -0.1851 0.9158
vn -0.9998 -0.0042 -0.0195
vn -0.9763 -0.2159 -0.0161
vn -0.9681 -0.1894 0.1638
vn -0.8657 -0.1530 0.4765
vn -0.5999 -0.1639 0.7831
vn -0.9122 -0.2810 0.2982
vn -0.7564 -0.4510 0.4737
vn -0.8326 -0.5250 0.1765
vn -0.6367 -0.6137 0.4670
vn -0.9588 -0.2769 0.0631
vn -0.9761 -0.1663 0.1399
vn -0.9841 -0.1515 0.0926
vn -0.9763 -0.2153 0.0231
vn -0.9630 0.2297 -0.1413
vn -0.9556 0.2050 -0.2117
vn -0.9323 0.2436 -0.2675
vn -0.9765 -0.2157 -0.0005
vn -0.9924 -0.0992 -0.0729
vn -0.9092 0.2426 -0.3385
vn -0.9926 0.1217 0.0019
vn -0.9083 0.2662 -0.3228
vn -0.9383 0.3125 0.1481
vn -0.9318 0.2995 -0.2053
vn -0.8518 0.4326 0.2954
vn -0.7814 0.5277 0.3332
vn -0.5691 0.6171 0.5435
vn -0.4437 0.7194 0.5344
vn -1.0000 -0.0039 0.0040
vn -0.9141 0.2755 0.2977
vn -0.9596 -0.2787 -0.0386
vn -0.9510 0.0010 0.3092
vn -0.9134 -0.3134 0.2599
vn -0.1615 0.9159 0.3674
vn -0.6882 0.5619 0.4590
vn -0.9463 0.3189 0.0538
vn -0.3269 0.7999 0.5032
vn -0.8455 0.4337 0.3116
vn -0.2639 0.5288 0.8067
vn -0.1769 0.7765 0.6048
vn -0.0749 0.9471 0.3120
vn -0.0592 0.9556 0.2885
vn -0.0039 0.7522 0.6589
vn -0.0197 0.9826 0.1849
vn -0.0039 0.9944 0.1057
vn 0.0118 0.7374 0.6754
vn 0.0039 0.4970 0.8678
vn 0.0275 0.4660 0.8844
vn 0.0118 0.1375 0.9904
vn 0.0589 0.1141 0.9917
vn 0.0901 -0.2784 0.9562
vn 0.0196 -0.2628 0.9646
vn 0.0902 -0.4763 0.8746
vn 0.0118 -0.5145 0.8574
vn 0.0275 -0.3103 0.9502
vn -0.0744 -0.4046 0.9115
vn -0.4728 -0.4924 0.7308
vn -0.3011 -0.5705 0.7641
vn -0.2470 -0.1611 0.9555
vn -0.3249 -0.2870 0.9012
vn -0.7012 -0.3070 0.6435
vn -0.7178 0.0622 0.6934
vn -0.3100 0.1133 0.9440
vn -0.6638 0.3835 0.6421
vn 0.8989 0.4328 0.0684
vn 0.9232 0.3843 -0.0022
vn 0.8750 0.3810 0.2988
vn 0.8429 0.4054 0.3537
vn 0.8401 -0.1296 0.5267
vn 0.9681 -0.0237 0.2494
vn 0.9915 -0.1231 -0.0414
vn 0.9521 -0.1738 0.2517
vn 0.9834 -0.1771 0.0384
vn 0.7931 -0.1999 0.5754
vn 0.9750 -0.1835 0.1253
vn 0.9759 -0.2169 0.0233
vn 0.9831 -0.1524 0.1012
vn 0.9313 0.3101 -0.1913
vn 0.8920 0.3969 -0.2165
vn 0.8987 0.3320 -0.2865
vn 0.9913 -0.1306 -0.0176
vn 0.9928 -0.0688 -0.0978
vn 0.8683 0.3070 -0.3896
vn 0.9854 0.1702 0.0012
vn 0.8212 0.3459 -0.4539
vn 0.9384 0.3151 0.1415
vn 0.8063 0.3780 -0.4550
vn 0.8432 0.4366 0.3137
vn 0.7794 0.5239 0.3437
vn 0.9672 -0.2478 0.0553
vn 0.9996 -0.0035 0.0277
vn 0.8972 0.3250 0.2991
vn 0.9759 -0.2176 -0.0163
vn 0.9502 0.0011 0.3115
vn 0.9197 -0.2999 0.2535
vn 0.8628 -0.4494 0.2318
vn 0.9282 -0.2926 0.2299
vn 0.6259 -0.5222 0.5793
vn 0.6089 -0.6087 0.5087
vn 0.6984 0.5789 0.4208
vn 0.9006 0.3571 -0.2478
vn 0.0510 0.9516 0.3029
vn 0.4467 0.7086 0.5461
vn 0.0118 0.9621 0.2723
vn 0.1853 0.9013 0.3916
vn 0.8569 0.4809 0.1858
vn 0.5351 0.2447 -0.8086
vn 0.3531 0.4350 -0.8283
vn 0.3450 0.5309 -0.7740
vn 0.4713 0.5635 -0.6785
vn 0.5197 0.6295 -0.5775
vn 0.4880 0.7101 -0.5075
vn 0.4781 0.7800 -0.4038
vn 0.8210 0.1060 -0.5610
vn -0.4614 0.8871 -0.0103
vn -0.3180 0.9452 -0.0741
vn -0.1225 0.9734 -0.1935
vn 0.0354 0.9739 0.2240
vn -0.0277 0.9472 -0.3195
vn -0.0118 0.9904 0.1376
vn 0.0118 0.7448 0.6672
vn 0.1928 0.7461 0.6373
vn 0.0118 0.4662 0.8846
vn 0.2635 0.5049 0.8219
vn 0.5720 0.5735 0.5864
vn 0.2871 0.0822 0.9544
vn -0.0274 -0.2628 0.9645
vn 0.2865 -0.2954 0.9114
vn 0.7218 0.0624 0.6893
vn 0.7121 -0.3086 0.6306
vn 0.2781 -0.6189 0.7346
vn 0.6598 0.3701 0.6540
vn 0.0039 -0.5145 0.8575
vn 0.4125 -0.4549 0.7892
vn 0.1605 -0.3808 0.9106
vn -0.0745 -0.4205 0.9042
vn -0.0039 -0.4438 0.8961
vn -0.0353 -0.2627 0.9642
vn -0.0745 -0.2549 0.9641
vn 0.0117 -0.2938 0.9558
vn -0.0509 0.0121 0.9986
vn -0.0034 0.0121 0.9999
vn -0.0353 0.4659 0.8841
vn -0.0118 0.4505 0.8927
vn -0.0353 0.7369 0.6750
vn -0.0039 0.7374 0.6754
vn -0.0353 0.9953 0.0901
vn -0.0118 0.9982 0.0588
vn -0.0197 0.9138 -0.4057
vn -0.0198 0.9167 -0.3990
vn -0.0355 0.9361 -0.3500
vn -0.0277 0.9721 -0.2329
vn 0.0672 0.9902 -0.1226
vn 0.2098 0.9777 -0.0118
vn 0.3206 0.9401 0.1155
vn 0.3665 0.9132 0.1784
vn -0.8452 0.5097 0.1608
vn -0.9139 0.3752 0.1548
vn -0.8066 0.5432 -0.2330
vn -0.8593 0.4927 0.1372
vn -0.8469 0.4891 -0.2088
vn -0.9163 0.3834 0.1157
vn -0.9012 0.3622 -0.2380
vn -0.9706 0.2144 -0.1096
vn -0.6988 0.5173 -0.4940
vn -0.7851 0.4388 -0.4371
vn -0.7464 0.4383 -0.5008
vn -0.8466 0.4483 -0.2868
vn -0.5182 0.4912 -0.7002
vn -0.5095 0.4903 -0.7071
vn -0.7930 0.2873 -0.5373
vn -0.5410 0.3073 -0.7829
vn -0.2014 0.4881 -0.8493
vn -0.1620 0.5838 -0.7956
vn -0.1937 0.2496 -0.9488
vn -0.8077 0.1366 -0.5736
vn -0.5252 0.0456 -0.8498
vn -0.0674 0.4493 -0.8908
vn -0.0277 0.1940 -0.9806
vn -0.0198 0.1543 -0.9878
vn -0.0514 0.4242 -0.9041
vn -0.1621 0.0514 -0.9854
vn 0.0040 -0.0200 -0.9998
vn -0.0040 -0.0200 -0.9998
vn -0.1303 -0.2327 -0.9638
vn 0.0119 -0.2330 -0.9724
vn -0.0039 -0.1936 -0.9811
vn -0.1222 -0.3266 -0.9372
vn -0.0040 -0.2958 -0.9552
vn -0.0118 -0.2719 -0.9623
vn -0.1383 -0.2878 -0.9476
vn -0.0277 -0.2957 -0.9549
vn -0.0197 -0.2719 -0.9621
vn -0.3433 -0.2709 -0.8993
vn -0.3350 -0.3099 -0.8898
vn -0.5641 -0.2140 -0.7975
vn -0.5092 -0.2304 -0.8293
vn -0.4220 -0.1996 -0.8844
vn -0.7291 -0.0700 -0.6808
vn -0.0039 -0.2330 -0.9725
vn -0.0039 -0.2719 -0.9623
vn 0.1068 -0.2408 -0.9647
vn -0.0040 -0.1936 -0.9811
vn 0.1225 -0.1935 -0.9734
vn 0.4001 -0.1453 -0.9049
vn 0.4480 0.0451 -0.8929
vn 0.1464 -0.1068 -0.9835
vn 0.4717 0.2123 -0.8558
vn 0.1704 0.1945 -0.9660
vn 0.4640 0.4198 -0.7801
vn 0.1943 0.3939 -0.8984
vn 0.4719 0.5803 -0.6638
vn 0.6558 0.5603 -0.5059
vn 0.7258 0.3915 -0.5656
vn 0.1383 0.5998 -0.7881
vn 0.3679 -0.2242 -0.9024
vn 0.8923 0.3484 -0.2872
vn 0.8347 0.4987 -0.2335
vn 0.8742 0.4575 0.1627
vn 0.8659 0.4732 0.1624
vn 0.9288 0.3460 0.1327
vn 0.9605 0.2586 0.1025
vn 0.8845 0.2035 -0.4198
vn 0.8362 0.4997 -0.2260
vn 0.9705 0.1756 -0.1653
vn 0.9231 0.1648 -0.3474
vn 0.9765 0.2103 0.0480
vn 0.9925 0.1226 0.0020
vn 0.9159 0.1088 -0.3864
vn 0.7496 0.0886 -0.6559
vn 0.7661 0.2006 -0.6106
vn 0.7254 -0.0705 -0.6847
vn 0.8904 -0.0113 -0.4550
vn 0.6694 -0.1740 -0.7222
vn 0.8760 -0.0592 -0.4787
vn 0.9933 0.0980 -0.0610
vn 0.9854 -0.0066 -0.1701
vn 0.7026 0.6836 -0.1976
vn 0.8989 0.4328 0.0683
vn 0.5283 0.7281 -0.4368
vn 0.4720 0.5001 -0.7260
vn 0.7957 -0.0137 -0.6055
vn 0.2740 0.4991 -0.8221
vn 0.1860 0.4332 -0.8819
vn 0.1701 0.4089 -0.8966
vn -0.0750 0.9548 -0.2878
vn -0.0670 0.9454 -0.3189
vn -0.0119 0.9475 -0.3196
vn 0.0515 0.3456 -0.9370
vn 0.0830 -0.1068 -0.9908
vn 0.0831 0.4008 -0.9124
vn -0.0672 -0.1226 -0.9902
vn -0.0277 0.2576 -0.9659
vn -0.0513 0.5831 -0.8108
vn -0.1698 0.6315 -0.7565
vn -0.1148 0.7377 -0.6652
vn -0.0672 0.7772 -0.6257
vn 0.5829 0.2373 -0.7771
vn 0.7417 0.1681 -0.6493
vn 0.0198 0.3924 -0.9196
vn 0.0277 0.1543 -0.9876
vn 0.0119 -0.0200 -0.9997
vn -0.0515 0.7377 -0.6732
vn -0.0593 0.6318 -0.7729
vn -0.1304 -0.0199 -0.9913
vn -0.2491 0.1071 -0.9625
vn -0.3590 -0.2158 -0.9080
vn -0.3996 0.2350 -0.8861
vn -0.2570 0.2500 -0.9335
vn -0.5565 0.4506 -0.6980
vn -0.7379 0.1671 -0.6539
vn -0.5888 0.2048 -0.7819
vn -0.4629 0.3789 -0.8014
vn -0.6910 0.2855 -0.6641
vn -0.3280 0.3456 -0.8792
vn -0.0436 0.3054 -0.9512
vn -0.9020 0.1947 -0.3853
vn -0.9017 0.2583 -0.3468
vn -0.9859 0.0801 -0.1466
vn -0.6519 0.3488 -0.6734
vn -0.2411 0.4248 -0.8726
vn -0.0830 0.5199 -0.8502
vn -0.2095 0.3133 -0.9263
vn 0.0593 0.6403 -0.7658
vn -0.1701 0.1625 -0.9719
vn 0.0436 0.6579 -0.7519
vn 0.1065 0.9045 -0.4129
vn 0.1144 0.9296 -0.3504
vn -0.8461 0.3199 -0.4263
vn -0.9068 -0.2528 -0.3375
vn -0.9765 -0.0074 -0.2156
vn -0.9539 -0.2729 -0.1252
vn -0.9763 -0.2159 -0.0162
vn -0.9998 -0.0042 -0.0196
vn -0.9859 0.0643 -0.1542
vn -0.8755 -0.3548 -0.3281
vn -0.8755 -0.3547 -0.3281
vn -0.9592 -0.2788 -0.0464
vn -0.9853 0.1683 -0.0302
vn -0.9856 -0.0066 -0.1688
vn -0.9163 -0.0575 -0.3963
vn -0.8369 0.5455 -0.0441
vn -0.7134 0.6964 -0.0782
vn -0.9630 0.2297 -0.1412
vn -0.6598 0.6785 -0.3230
vn -0.9093 0.3873 -0.1519
vn -0.9617 0.2701 -0.0475
vn -0.9613 0.2642 0.0782
vn -0.9239 -0.0886 -0.3721
vn -0.9763 -0.2153 0.0230
vn -0.6892 -0.3607 -0.6284
vn 0.0118 0.3128 -0.9498
vn -0.4144 -0.1210 -0.9020
vn -0.8697 -0.1375 -0.4740
vn 0.6228 0.6965 -0.3564
vn 0.6947 0.6916 -0.1977
vn 0.3532 0.4192 -0.8363
vn -0.4928 -0.2931 -0.8193
vn -0.5788 -0.3622 -0.7306
vn -0.6968 -0.3604 -0.6202
vn -0.7207 -0.3523 -0.5970
vn -0.5641 -0.3317 -0.7561
vn -0.5563 -0.2848 -0.7806
vn -0.7513 -0.2810 -0.5972
vn -0.5484 -0.2535 -0.7969
vn -0.3591 -0.2473 -0.8999
vn -0.3913 0.2983 -0.8706
vn -0.2810 0.2504 -0.9265
vn -0.3349 -0.3333 -0.8813
vn -0.4056 -0.4109 -0.8165
vn -0.0118 0.1067 -0.9942
vn -0.2017 0.2418 -0.9491
vn -0.2172 -0.1458 -0.9652
vn -0.0988 0.0592 -0.9933
vn 0.5600 0.6228 -0.5463
vn 0.5438 0.8020 -0.2471
vn 0.0198 -0.0200 -0.9996
vn -0.1062 -0.5366 -0.8371
vn 0.2647 0.9585 -0.1062
vn -0.0827 0.9611 -0.2636
vn 0.1544 0.0514 -0.9867
vn -0.2723 0.5757 -0.7710
vn -0.4982 0.8671 -0.0022
vn -0.5397 0.7219 -0.4331
vn -0.3204 0.3697 -0.8722
vn 0.1778 -0.2641 -0.9480
vn -0.1147 0.2020 -0.9726
vn 0.4553 -0.3418 -0.8221
vn -0.4468 0.6183 -0.6466
vn -0.3985 0.5925 -0.7001
vn 0.1227 0.1942 -0.9732
vn 0.4786 -0.2863 -0.8301
vn 0.7719 -0.2823 -0.5696
vn 0.7486 -0.3536 -0.5608
vn 0.4156 -0.3735 -0.8293
vn 0.7477 -0.3924 -0.5357
vn 0.6942 0.0401 -0.7187
vn 0.4315 -0.3341 -0.8379
vn 0.9211 -0.3314 -0.2042
vn 0.9124 -0.3163 -0.2596
vn 0.9701 0.1034 -0.2195
vn 0.9313 0.3100 -0.1913
vn 0.9759 -0.2170 0.0232
vn 0.9826 -0.0069 -0.1854
vn 0.9761 -0.0074 -0.2173
vn 0.7802 -0.3058 -0.5457
vn 0.4781 0.7800 -0.4037
vn 0.6623 0.7226 -0.1980
vn 0.8834 0.4498 0.1314
vn 0.8909 0.3414 0.2995
vn 0.8735 0.3649 0.3222
vn 0.2342 0.4666 -0.8529
vn 0.1700 -0.3431 -0.9238
vn 0.1069 0.3932 -0.9132
vn 0.1857 -0.3977 -0.8985
vn 0.2175 -0.3979 -0.8913
vn 0.1701 -0.3195 -0.9322
vn 0.0990 0.3773 -0.9208
vn 0.1461 0.7196 -0.6789
vn 0.0988 0.7121 -0.6951
vn 0.6074 0.1662 -0.7769
vn 0.9627 0.0790 -0.2588
vn 0.8129 0.2015 -0.5465
vn 0.9675 -0.2345 -0.0950
vn 0.0912 0.7470 -0.6585
vn 0.1386 0.4493 -0.8826
vn -0.0119 0.4565 -0.8896
vn 0.9834 -0.1772 0.0383
vn 0.9915 -0.1231 -0.0415
vn 0.9914 -0.1305 -0.0098
vn 0.9277 -0.3458 -0.1405
vn 0.7096 -0.1340 -0.6917
vn 0.3043 0.7859 -0.5383
vn 0.4632 0.8386 -0.2866
vn 0.9232 0.3844 -0.0023
vn 0.0356 0.8092 -0.5864
vn 0.0197 0.9621 -0.2719
vn 0.5584 -0.1833 -0.8090
vn 0.3759 -0.2714 -0.8860
vn 0.4955 0.0138 -0.8685
vn 0.0907 0.7431 -0.6630
vn 0.1069 0.6332 -0.7666
vn 0.1147 -0.1463 -0.9826
vn 0.3209 0.0125 -0.9470
vn -0.0434 -0.0200 -0.9989
vn 0.0356 0.6325 -0.7738
vn 0.0433 0.9358 -0.3499
vn -0.1068 0.1701 -0.9796
vn 0.0831 0.3214 -0.9433
vn 0.2019 0.0357 -0.9787
vn 0.1461 -0.3583 -0.9221
vn 0.2090 -0.5142 -0.8318
vn -0.9781 0.2082 0.0005
vn -0.8309 0.5124 -0.2169
vn -0.8238 0.4397 -0.3579
vn -0.0902 0.0983 0.9911
vn 0.0196 0.0121 0.9997
vn 0.9933 0.0980 -0.0609
vn 0.8493 0.1464 0.5072
vn 0.8648 0.1617 0.4753
vn 0.8176 0.1551 0.5545
vn 0.9765 0.2103 0.0481
vn 0.9605 0.2586 0.1027
vn 0.8019 0.1790 0.5700
vn 0.7860 0.2422 0.5689
vn 0.9288 0.3460 0.1328
vn 0.8742 0.4575 0.1628
vn 0.7306 0.3687 0.5747
vn 0.9685 0.1495 0.1992
vn 0.8889 0.0666 0.4533
vn 0.6115 0.1977 0.7662
vn 0.9854 -0.0067 -0.1700
vn 0.2398 0.1373 0.9611
vn 0.0431 0.0121 0.9990
vn -0.9251 0.2434 -0.2914
vn -0.9168 0.1713 -0.3608
vn -0.9550 0.2289 -0.1884
vn -0.9326 0.1482 -0.3290
vn -0.8861 0.1228 -0.4470
vn -0.8861 0.0911 -0.4544
vn -0.9622 0.2456 -0.1180
vn -0.7986 -0.0136 -0.6017
vn -0.8466 -0.0361 -0.5311
vn -0.7135 -0.1332 -0.6879
vn 0.3838 -0.1926 -0.9031
vn -0.6191 0.6840 -0.3857
vn -0.1697 0.8564 0.4876
vn 0.2965 0.8107 0.5049
vn 0.5815 0.7679 0.2686
vn 0.6829 0.7305 0.0080
vn 0.5813 0.6931 -0.4263
vn -0.8763 0.3859 0.2886
vn -0.6603 0.5574 -0.5033
vn -0.6598 0.6784 -0.3231
vn -0.6584 0.5236 -0.5407
vn -0.6205 0.5083 -0.5972
vn -0.6288 0.4686 -0.6205
vn -0.7379 0.4057 -0.5393
vn -0.8776 0.2731 -0.3940
vn -0.9326 0.1482 -0.3291
vn 0.0987 -0.2485 -0.9636
vn 0.3439 -0.2636 -0.9012
vn -0.2314 0.1057 0.9671
vn 0.0196 0.1375 0.9903
vn -0.2314 0.1058 0.9671
vn -0.2079 0.0667 0.9759
vn 0.0118 0.0122 0.9999
vn -0.1372 -0.0979 0.9857
vn 0.1381 -0.0199 -0.9902
vn -0.9141 -0.3064 -0.2658
vn -0.8919 -0.2924 -0.3450
vn -0.9279 -0.3300 0.1737
vn -0.9441 -0.3076 0.1185
vn 0.6545 0.1348 -0.7440
vn 0.6623 0.1747 -0.7286
vn 0.6867 0.1753 -0.7055
vn 0.0830 -0.1069 -0.9908
vn 0.6866 0.1433 -0.7128
vn 0.1304 -0.0198 -0.9913
vn -0.8529 -0.2394 -0.4640
vn -0.8689 -0.2546 -0.4245
vn -0.9668 -0.2455 0.0705
vn -0.9596 -0.2774 0.0475
vn -0.8542 -0.2162 -0.4729
vn 0.1544 0.0515 -0.9867
vn -0.9672 -0.2212 0.1250
vn -0.9596 -0.2285 0.1643
vn -0.8539 -0.1536 -0.4973
vn 0.6703 0.1430 -0.7282
vn 0.6787 0.1751 -0.7133
vn 0.1623 0.0356 -0.9861
vn -0.8670 -0.0119 -0.4981
vn 0.1941 0.2422 -0.9506
vn -0.8628 0.1064 -0.4942
vn 0.2420 0.4343 -0.8677
vn 0.7180 0.2474 -0.6506
vn 0.7970 0.3129 -0.5166
vn -0.8403 0.3125 -0.4430
vn -0.9918 -0.1127 0.0606
vn -0.9763 -0.1584 0.1476
vn 0.2976 0.6354 -0.7126
vn 0.3134 0.7809 -0.5403
vn -0.8299 0.4470 -0.3337
vn 0.8758 0.3554 -0.3267
vn 0.8682 0.4200 -0.2644
vn -0.9683 -0.1656 0.1869
vn -0.7908 0.5750 -0.2099
vn -0.9998 -0.0036 0.0197
vn -0.7662 0.6413 0.0408
vn 0.2645 0.8986 -0.3501
vn 0.2799 0.9571 -0.0745
vn -0.9925 0.0838 0.0889
vn 0.7956 0.5960 -0.1085
vn 0.8019 0.5969 0.0259
vn 0.3347 0.9282 0.1623
vn 0.8365 0.4836 -0.2576
vn -0.7507 0.6133 0.2457
vn -0.7113 0.5455 0.4432
vn 0.3508 0.8308 0.4321
vn -0.7109 0.3749 0.5950
vn 0.3595 0.6781 0.6411
vn -0.9841 -0.0877 0.1543
vn -0.9839 -0.0561 0.1695
vn -0.9895 -0.0016 0.1448
vn 0.8107 0.5528 0.1928
vn -0.7192 0.2970 0.6281
vn 0.3741 0.6138 0.6952
vn 0.7789 0.5081 0.3675
vn 0.8034 0.4612 0.3765
vn -0.7577 0.2648 0.5965
vn 0.4071 0.6077 0.6819
vn -0.8040 0.2635 0.5331
vn 0.3507 0.6610 0.6634
vn -0.8514 0.2468 0.4629
vn 0.1300 0.7238 0.6777
vn -0.8756 0.2151 0.4325
vn 0.1220 0.7470 0.6536
vn -0.9836 -0.1593 0.0849
vn 0.6444 0.6277 0.4367
vn 0.4775 0.7071 0.5216
vn -0.9834 -0.1512 0.1004
vn -0.9840 -0.1354 0.1159
vn 0.8575 0.4197 0.2976
vn 0.8425 0.4594 0.2814
vn -0.9838 -0.1035 0.1467
vn -0.2173 -0.0196 -0.9759
vn -0.1225 -0.0515 -0.9911
vn 0.8201 -0.2657 -0.5069
vn 0.8744 -0.3029 -0.3790
vn 0.9672 -0.2479 0.0553
vn 0.9582 -0.2790 0.0636
vn -0.6119 0.0782 -0.7870
vn -0.6434 0.0628 -0.7629
vn -0.1779 -0.0198 -0.9839
vn -0.6589 0.0867 -0.7472
vn 0.8115 -0.2264 -0.5388
vn -0.1541 -0.1067 -0.9823
vn 0.8277 -0.1789 -0.5318
vn -0.1458 -0.0198 -0.9891
vn 0.8277 -0.1789 -0.5319
vn 0.9752 -0.2164 0.0469
vn 0.9837 -0.1773 0.0305
vn -0.6434 0.0628 -0.7630
vn -0.6352 0.0547 -0.7704
vn -0.1699 0.0356 -0.9848
vn 0.8046 -0.1243 -0.5807
vn 0.7957 -0.0136 -0.6055
vn -0.1544 0.2419 -0.9579
vn 0.9915 -0.1303 0.0060
vn 0.8059 0.2254 -0.5475
vn -0.1542 0.4324 -0.8884
vn -0.1778 0.5999 -0.7801
vn 0.7727 0.3682 -0.5171
vn 0.9966 -0.0053 -0.0827
vn 0.9854 0.0967 -0.1401
vn -0.6680 0.3332 -0.6654
vn -0.6512 0.2212 -0.7259
vn -0.2010 0.7746 -0.5996
vn -0.7385 0.5184 -0.4310
vn -0.7150 0.4137 -0.5637
vn 0.7509 0.5301 -0.3940
vn -0.2165 0.8957 -0.3884
vn 0.7551 0.6089 -0.2430
vn -0.2408 0.9479 -0.2086
vn 0.7334 0.6681 -0.1257
vn 0.9780 0.2011 -0.0547
vn 0.9782 0.1765 -0.1098
vn -0.7605 0.6322 -0.1481
vn -0.7442 0.6058 -0.2814
vn -0.2877 0.9577 -0.0114
vn 0.6935 0.7183 0.0559
vn 0.6674 0.7031 0.2454
vn -0.3575 0.9183 0.1700
vn 0.9689 0.2346 0.0793
vn 0.9776 0.2094 -0.0232
vn -0.7736 0.6315 -0.0533
vn -0.8044 0.5931 0.0336
vn 0.6436 0.6116 0.4601
vn 0.9682 0.0946 0.2317
vn 0.9692 0.1807 0.1672
vn -0.3817 0.8215 0.4237
vn -0.8279 0.5326 0.1759
vn -0.3971 0.6746 0.6223
vn -0.8137 0.4809 0.3264
vn 0.6346 0.4399 0.6355
vn 0.6520 0.3389 0.6783
vn -0.3809 0.6120 0.6931
vn 0.6913 0.3225 0.6467
vn -0.3499 0.6207 0.7017
vn 0.7391 0.3218 0.5917
vn -0.2873 0.6684 0.6860
vn 0.8184 0.2730 0.5057
vn -0.1693 0.7157 0.6776
vn 0.8658 0.2325 0.4431
vn -0.2404 0.7239 0.6467
vn 0.9524 0.0246 0.3039
vn 0.9522 -0.0228 0.3046
vn 0.9760 -0.0559 0.2104
vn 0.9600 -0.0866 0.2661
vn 0.9839 -0.1204 0.1323
vn 0.9832 -0.1687 0.0698
vn -0.7729 0.4891 0.4042
vn -0.7491 0.5128 0.4194
vn -0.7125 0.5619 0.4202
vn -0.6642 0.6084 0.4344
vn -0.6320 0.6315 0.4492
vn -0.5777 0.8123 -0.0799
vn -0.8692 -0.2390 -0.4328
vn -0.7829 -0.3194 -0.5339
vn -0.9699 -0.0783 -0.2305
vn -0.9856 0.0485 -0.1618
vn -0.9931 0.0257 -0.1143
vn -0.9702 0.2390 -0.0392
vn -0.5631 -0.5494 -0.6173
vn -0.5860 -0.5252 -0.6170
vn -0.6818 -0.3454 -0.6448
vn -0.2082 -0.6909 -0.6923
vn -0.2640 -0.6772 -0.6868
vn 0.0908 -0.6245 -0.7757
vn -0.0118 -0.6987 -0.7153
vn 0.1695 -0.4595 -0.8718
vn 0.3750 -0.4511 -0.8099
vn 0.2335 -0.0907 -0.9681
vn -0.0119 -0.2958 -0.9552
vn -0.2409 -0.0906 -0.9663
vn -0.1930 -0.4356 -0.8792
vn -0.3817 -0.4498 -0.8074
vn -0.0985 -0.6154 -0.7821
vn -0.0039 -0.6908 -0.7230
vn 0.1928 -0.6609 -0.7253
vn 0.2722 -0.6388 -0.7196
vn 0.5721 -0.4881 -0.6591
vn 0.5023 -0.5292 -0.6838
vn 0.6766 -0.4173 -0.6067
vn 0.8591 -0.2252 -0.4596
vn 0.7963 -0.3055 -0.5221
vn 0.9854 0.0488 -0.1630
vn 0.9685 -0.0080 -0.2489
vn 0.9776 0.2009 -0.0626
vn 0.9850 0.1612 -0.0620
vn 0.9235 0.3176 -0.2152
vn 0.9395 0.3109 -0.1438
vn 0.8754 0.3633 -0.3188
vn 0.8753 0.4281 -0.2247
vn 0.8835 0.3638 -0.2951
vn 0.8358 0.5242 -0.1629
vn 0.6678 -0.4326 -0.6057
vn -0.9406 0.2763 -0.1973
vn -0.8770 0.4333 -0.2076
vn -0.8224 0.4228 -0.3807
vn -0.7999 0.4629 -0.3819
vn -0.7599 0.5658 -0.3202
vn -0.7195 0.6447 -0.2581
vn -0.6173 0.7810 -0.0951
vn -0.7598 0.5658 -0.3201
vn -0.6012 0.7916 0.1091
vn -0.5232 0.7195 0.4566
vn -0.5397 0.6276 0.5612
vn -0.5226 0.5255 0.6714
vn -0.4756 0.5961 0.6469
vn -0.3891 0.5348 0.7501
vn -0.2393 0.4805 0.8437
vn -0.5545 0.4789 0.6806
vn -0.5766 0.4542 0.6792
vn -0.0985 0.6154 0.7821
vn -0.2946 0.5508 0.7809
vn -0.0353 0.7062 0.7071
vn 0.0039 0.7522 0.6589
vn 0.2403 0.6615 0.7104
vn 0.0433 0.6613 0.7489
vn 0.3275 0.5139 0.7929
vn 0.2715 0.5129 0.8144
vn 0.4461 0.4819 0.7542
vn 0.5405 0.4806 0.6906
vn 0.4856 0.5363 0.6903
vn 0.4688 0.5820 0.6644
vn 0.5480 0.7051 0.4500
vn 0.4549 0.6701 0.5866
vn 0.5563 0.4492 0.6991
vn 0.6349 0.3072 0.7089
vn 0.6199 0.7575 0.2050
vn 0.7070 0.7066 -0.0311
vn 0.7546 0.6506 -0.0855
vn 0.8358 0.5243 -0.1629
vn 0.8753 0.4282 -0.2247
vn -0.0039 0.8224 -0.5689
vn -0.6500 -0.3770 -0.6598
vn 0.3664 -0.6761 -0.6392
vn 0.5139 -0.8529 -0.0923
vn -0.0039 -0.9782 -0.2075
vn 0.4985 -0.7912 0.3543
vn 0.0988 -0.4764 -0.8737
vn 0.1835 -0.7830 0.5943
vn -0.0039 -0.7983 0.6023
vn -0.1604 -0.7928 0.5880
vn -0.4661 -0.7808 0.4161
vn -0.0118 -0.4442 -0.8959
vn -0.6529 -0.7533 0.0786
vn -0.5610 -0.6632 -0.4955
vn -0.1854 -0.4675 -0.8643
vn -0.0039 0.9668 0.2556
vn -0.8447 0.2940 0.4472
vn -0.0039 -0.0200 -0.9998
vn -0.0040 -0.1462 -0.9892
vn 0.0119 -0.1936 -0.9810
vn -0.0039 -0.1463 -0.9892
vn -0.0513 -0.1383 -0.9891
vn 0.0119 -0.1463 -0.9892
vn -0.0277 -0.0200 -0.9994
vn 0.0513 -0.0200 -0.9985
vn -0.0829 -0.1777 -0.9806
vn -0.2251 -0.2561 -0.9401
vn 0.0435 -0.1384 -0.9894
vn 0.1226 -0.0199 -0.9923
vn -0.0435 0.0987 -0.9942
vn -0.2877 -0.0193 -0.9575
vn -0.3123 0.0836 -0.9463
vn -0.8379 -0.2088 -0.5042
vn -0.8295 -0.2245 -0.5114
vn -0.0435 0.0988 -0.9942
vn -0.0118 -0.4442 -0.8958
vn 0.1778 -0.0198 -0.9839
vn 0.2728 -0.2325 -0.9335
vn 0.5190 -0.1917 -0.8330
vn 0.3664 -0.6761 -0.6393
vn 0.6528 -0.3000 -0.6956
vn 0.7167 -0.3934 -0.5758
vn 0.5139 -0.8529 -0.0922
vn -0.9356 -0.2824 0.2120
vn -0.6528 -0.7534 0.0786
vn -0.9280 -0.2342 0.2896
vn 0.4382 -0.5133 -0.7379
vn -0.4598 -0.8116 -0.3604
vn -0.9363 -0.3479 0.0487
vn -0.8300 -0.2558 -0.4956
vn -0.8820 -0.1536 0.4454
vn -0.8658 -0.1530 0.4765
vn -0.9608 -0.2289 0.1566
vn -0.1936 -0.1144 -0.9744
vn -0.0593 -0.1856 -0.9808
vn -0.3593 -0.3652 -0.8588
vn -0.1853 -0.3186 -0.9296
vn -0.0119 -0.2330 -0.9724
vn -0.5473 -0.3626 -0.7543
vn -0.8460 -0.2476 -0.4722
vn -0.8458 -0.2632 -0.4640
vn -0.9223 -0.3291 -0.2027
vn 0.0039 -0.1936 -0.9811
vn 0.7285 -0.3012 0.6153
vn 0.2707 -0.2874 0.9188
vn 0.1834 -0.7830 0.5943
vn -0.0039 -0.2389 0.9710
vn -0.0039 -0.7983 0.6022
vn 0.7132 -0.1822 0.6768
vn 0.2474 -0.0984 0.9639
vn 0.6413 0.0083 0.7672
vn 0.2082 0.1374 0.9684
vn -0.0039 0.1375 0.9905
vn 0.5226 0.0098 0.8525
vn 0.1847 0.1061 0.9770
vn 0.8718 -0.2417 0.4260
vn 0.8794 -0.2977 0.3716
vn 0.8485 -0.1616 0.5039
vn 0.8086 -0.1289 0.5741
vn 0.7215 -0.0481 0.6908
vn 0.3578 -0.0440 0.9328
vn 0.0431 0.0122 0.9990
vn 0.7986 0.0057 0.6019
vn -0.1923 0.1059 0.9756
vn -0.2234 -0.0981 0.9698
vn -0.6700 -0.1490 0.7273
vn -0.6854 -0.2751 0.6742
vn -0.2391 -0.2397 0.9409
vn -0.1605 -0.7928 0.5880
vn -0.4662 -0.7808 0.4160
vn -0.9356 -0.2824 0.2121
vn -0.9280 -0.2342 0.2897
vn -0.6705 -0.1019 0.7349
vn -0.8820 -0.1536 0.4455
vn -0.1293 0.0120 0.9915
vn -0.3567 -0.0831 0.9305
vn -0.6543 0.0082 0.7562
vn -0.8657 -0.1530 0.4766
vn -0.6529 -0.7534 0.0785
vn -0.3490 0.0111 0.9371
vn -0.0980 -0.0664 0.9930
vn 0.0118 0.0121 0.9999
vn 0.8802 -0.3220 0.3486
vn 0.5136 -0.8531 -0.0918
vn 0.5159 0.0728 0.8535
vn 0.1454 0.0983 0.9845
vt 0.006119 0.540152
vt 0.055512 0.551748
vt 0.056474 0.602925
vt 0.006119 0.596168
vt 0.114580 0.612588
vt 0.107805 0.554639
vt 0.159121 0.612588
vt 0.154284 0.556572
vt 0.198825 0.553665
vt 0.204639 0.612588
vt 0.101991 0.507312
vt 0.156222 0.506354
vt 0.197864 0.505379
vt 0.161059 0.463850
vt 0.199802 0.461917
vt 0.132982 0.463850
vt 0.141695 0.410740
vt 0.167834 0.410740
vt 0.202701 0.409767
vt 0.117479 0.662807
vt 0.166873 0.669563
vt 0.169772 0.732335
vt 0.116518 0.723646
vt 0.120394 0.769041
vt 0.173648 0.774839
vt 0.123293 0.828922
vt 0.176562 0.832788
vt 0.210452 0.670536
vt 0.212390 0.733310
vt 0.254994 0.667631
vt 0.260807 0.733310
vt 0.216266 0.777730
vt 0.264683 0.779663
vt 0.222065 0.831814
vt 0.270497 0.828922
vt 0.126192 0.891695
vt 0.181399 0.889763
vt 0.226917 0.885898
vt 0.277272 0.880099
vt 0.131044 0.943846
vt 0.185275 0.941914
vt 0.283085 0.934183
vt 0.230793 0.940955
vt 0.286961 0.991173
vt 0.335378 0.920670
vt 0.341192 0.971847
vt 0.380896 0.955442
vt 0.375082 0.908115
vt 0.369268 0.856923
vt 0.327626 0.868519
vt 0.414786 0.840503
vt 0.420600 0.891695
vt 0.341192 0.991173
vt 0.383795 0.991173
vt 0.362493 0.814436
vt 0.320851 0.824083
vt 0.313100 0.770974
vt 0.353780 0.760351
vt 0.307286 0.726553
vt 0.346990 0.716889
vt 0.398322 0.736201
vt 0.390570 0.698538
vt 0.440925 0.712066
vt 0.459327 0.774839
vt 0.409934 0.795124
vt 0.479667 0.717849
vt 0.480629 0.690807
vt 0.467079 0.814436
vt 0.469017 0.870452
vt 0.474830 0.812503
vt 0.435126 0.666672
vt 0.384756 0.637696
vt 0.482567 0.643495
vt 0.482567 0.579748
vt 0.433188 0.608723
vt 0.386694 0.581681
vt 0.342153 0.653143
vt 0.343114 0.595194
vt 0.340215 0.536286
vt 0.388632 0.527597
vt 0.434150 0.563329
vt 0.435126 0.516001
vt 0.482567 0.509245
vt 0.482567 0.550774
vt 0.482567 0.464824
vt 0.437049 0.475446
vt 0.390570 0.483176
vt 0.339254 0.489933
vt 0.439963 0.435850
vt 0.392508 0.442607
vt 0.360555 0.445498
vt 0.329564 0.450337
vt 0.482567 0.425228
vt 0.482567 0.379833
vt 0.439963 0.388522
vt 0.380896 0.390455
vt 0.348928 0.393347
vt 0.401221 0.353750
vt 0.366369 0.353750
vt 0.381857 0.318019
vt 0.353780 0.314154
vt 0.413809 0.319952
vt 0.443839 0.351817
vt 0.446738 0.317061
vt 0.482567 0.341196
vt 0.482567 0.308371
vt 0.474830 0.297734
vt 0.466102 0.281330
vt 0.425437 0.287112
vt 0.419623 0.261044
vt 0.457389 0.258137
vt 0.413809 0.240759
vt 0.444800 0.234002
vt 0.408011 0.213718
vt 0.431250 0.205986
vt 0.383795 0.228204
vt 0.388632 0.213718
vt 0.355703 0.225313
vt 0.355703 0.207919
vt 0.398322 0.262003
vt 0.379919 0.244625
vt 0.400259 0.287112
vt 0.380896 0.265869
vt 0.379919 0.285179
vt 0.379919 0.176054
vt 0.402197 0.185717
vt 0.421561 0.184743
vt 0.404135 0.170255
vt 0.413809 0.173163
vt 0.325689 0.233029
vt 0.328588 0.200204
vt 0.354742 0.176054
vt 0.331502 0.176054
vt 0.294697 0.201163
vt 0.295674 0.172188
vt 0.262745 0.171230
vt 0.263706 0.204054
vt 0.292760 0.232070
vt 0.262745 0.233029
vt 0.294697 0.262003
vt 0.262745 0.263936
vt 0.264683 0.293883
vt 0.295674 0.291952
vt 0.268559 0.325750
vt 0.300511 0.322859
vt 0.273396 0.363414
vt 0.307286 0.360523
vt 0.338277 0.357615
vt 0.329564 0.318993
vt 0.317937 0.399145
vt 0.280171 0.403983
vt 0.325689 0.288087
vt 0.351843 0.285179
vt 0.353780 0.263936
vt 0.324727 0.262003
vt 0.353780 0.245583
vt 0.006119 0.511177
vt 0.006119 0.491866
vt 0.054536 0.502488
vt 0.053574 0.514068
vt 0.101015 0.462892
vt 0.057450 0.459985
vt 0.006119 0.450337
vt 0.069062 0.410740
vt 0.006119 0.405901
vt 0.110704 0.408808
vt 0.044846 0.377900
vt 0.006119 0.367279
vt 0.040986 0.343129
vt 0.006119 0.337345
vt 0.009995 0.327683
vt 0.015808 0.311263
vt 0.054536 0.308371
vt 0.057450 0.278423
vt 0.021607 0.283262
vt 0.060349 0.252356
vt 0.029358 0.253314
vt 0.064225 0.223380
vt 0.040009 0.220474
vt 0.090364 0.235935
vt 0.084565 0.220474
vt 0.070039 0.340237
vt 0.079713 0.274557
vt 0.095216 0.255247
vt 0.076814 0.302573
vt 0.095216 0.275532
vt 0.098116 0.299667
vt 0.100053 0.334439
vt 0.079713 0.370170
vt 0.116518 0.365346
vt 0.123293 0.331548
vt 0.072938 0.190540
vt 0.048722 0.194406
vt 0.086488 0.173163
vt 0.115541 0.213718
vt 0.105867 0.175094
vt 0.069062 0.172188
vt 0.053574 0.170255
vt 0.044846 0.193433
vt 0.038071 0.219515
vt 0.028397 0.252356
vt 0.020645 0.281330
vt 0.012894 0.306438
vt 0.008057 0.322859
vt 0.006119 0.332507
vt 0.051637 0.170255
vt 0.086488 0.170255
vt 0.103929 0.170255
vt 0.134920 0.170255
vt 0.135882 0.175094
vt 0.166873 0.170255
vt 0.166873 0.173163
vt 0.168811 0.206960
vt 0.140719 0.209852
vt 0.173648 0.238826
vt 0.145571 0.239800
vt 0.117479 0.232070
vt 0.175586 0.268775
vt 0.148470 0.269733
vt 0.175586 0.298708
vt 0.148470 0.298708
vt 0.119417 0.272626
vt 0.122332 0.296776
vt 0.148470 0.331548
vt 0.119417 0.253314
vt 0.174624 0.330574
vt 0.143633 0.372103
vt 0.172686 0.370170
vt 0.204639 0.369212
vt 0.207538 0.328641
vt 0.238529 0.326709
vt 0.240467 0.366305
vt 0.208515 0.296776
vt 0.236591 0.295817
vt 0.208515 0.265869
vt 0.235630 0.264909
vt 0.206577 0.235935
vt 0.234653 0.234961
vt 0.203677 0.205986
vt 0.233692 0.205986
vt 0.201740 0.172188
vt 0.232731 0.171230
vt 0.232731 0.170255
vt 0.201740 0.170255
vt 0.262745 0.170255
vt 0.295674 0.170255
vt 0.330526 0.170255
vt 0.354742 0.170255
vt 0.379919 0.170255
vt 0.402197 0.170255
vt 0.492256 0.509245
vt 0.492256 0.468690
vt 0.534859 0.505379
vt 0.492256 0.536286
vt 0.533898 0.545950
vt 0.492256 0.600993
vt 0.535836 0.602925
vt 0.492256 0.640589
vt 0.575540 0.545950
vt 0.575540 0.499582
vt 0.583291 0.604857
vt 0.533898 0.457093
vt 0.615244 0.541110
vt 0.629770 0.604857
vt 0.588129 0.678252
vt 0.630732 0.675361
vt 0.669474 0.605831
vt 0.664637 0.539193
vt 0.671412 0.674402
vt 0.586191 0.745865
vt 0.629770 0.742958
vt 0.707240 0.609682
vt 0.708202 0.674402
vt 0.743069 0.678252
vt 0.745983 0.616454
vt 0.670436 0.740067
vt 0.708202 0.740067
vt 0.742107 0.741999
vt 0.667536 0.797042
vt 0.708202 0.795124
vt 0.741131 0.796082
vt 0.662699 0.849208
vt 0.707240 0.848234
vt 0.741131 0.848234
vt 0.657847 0.899425
vt 0.709178 0.899425
vt 0.742107 0.899425
vt 0.605554 0.899425
vt 0.616205 0.849208
vt 0.574563 0.851125
vt 0.569726 0.899425
vt 0.624933 0.798015
vt 0.579416 0.800906
vt 0.775998 0.850167
vt 0.775998 0.899425
vt 0.809888 0.854032
vt 0.776959 0.799948
vt 0.809888 0.808637
vt 0.846693 0.821192
vt 0.847654 0.769041
vt 0.810864 0.756486
vt 0.849592 0.701445
vt 0.813764 0.691781
vt 0.851530 0.629966
vt 0.815702 0.624169
vt 0.855406 0.557531
vt 0.894148 0.563329
vt 0.885420 0.634790
vt 0.817639 0.550774
vt 0.844755 0.859829
vt 0.932876 0.629966
vt 0.942565 0.567193
vt 0.993881 0.573950
vt 0.993881 0.526623
vt 0.991943 0.623210
vt 0.993881 0.668605
vt 0.897047 0.511177
vt 0.950317 0.518909
vt 0.993881 0.477379
vt 0.944503 0.475446
vt 0.934813 0.699512
vt 0.993881 0.713025
vt 0.993881 0.791259
vt 0.936751 0.783529
vt 0.886397 0.778705
vt 0.884459 0.706268
vt 0.889296 0.834721
vt 0.935790 0.845343
vt 0.882521 0.899425
vt 0.939651 0.899425
vt 0.993881 0.852099
vt 0.993881 0.899425
vt 0.900923 0.474472
vt 0.940627 0.454202
vt 0.993881 0.451296
vt 0.900923 0.461917
vt 0.872831 0.475446
vt 0.875746 0.495731
vt 0.853468 0.471581
vt 0.850568 0.501515
vt 0.814740 0.477379
vt 0.817639 0.460959
vt 0.855406 0.462892
vt 0.778897 0.459985
vt 0.776959 0.477379
vt 0.778897 0.508286
vt 0.814740 0.515043
vt 0.742107 0.504421
vt 0.743069 0.474472
vt 0.743069 0.531462
vt 0.778897 0.531462
vt 0.781811 0.552707
vt 0.745007 0.553665
vt 0.854444 0.516976
vt 0.858305 0.535328
vt 0.782773 0.619344
vt 0.780835 0.683092
vt 0.777935 0.746823
vt 0.707240 0.548841
vt 0.703365 0.531462
vt 0.707240 0.502488
vt 0.678187 0.504421
vt 0.680125 0.480270
vt 0.646235 0.484136
vt 0.651072 0.502488
vt 0.610407 0.490893
vt 0.606531 0.450337
vt 0.643320 0.465783
vt 0.646235 0.445498
vt 0.608469 0.423295
vt 0.679164 0.463850
vt 0.710140 0.468690
vt 0.564889 0.431984
vt 0.564889 0.410740
vt 0.530999 0.421362
vt 0.603616 0.396253
vt 0.644297 0.413632
vt 0.647196 0.429093
vt 0.674311 0.418457
vt 0.676249 0.436808
vt 0.707240 0.419430
vt 0.709178 0.439716
vt 0.678187 0.450337
vt 0.710140 0.454202
vt 0.563912 0.395279
vt 0.560037 0.372103
vt 0.527123 0.383699
vt 0.520333 0.340237
vt 0.492256 0.348926
vt 0.492256 0.393347
vt 0.530022 0.403010
vt 0.555200 0.330574
vt 0.548424 0.290978
vt 0.516472 0.300640
vt 0.514534 0.266842
vt 0.534859 0.259111
vt 0.550362 0.248490
vt 0.533898 0.255247
vt 0.512596 0.262003
vt 0.492256 0.267801
vt 0.492256 0.262977
vt 0.549386 0.245583
vt 0.559075 0.234961
vt 0.558114 0.233029
vt 0.570703 0.198271
vt 0.572625 0.202137
vt 0.492256 0.307397
vt 0.578439 0.242692
vt 0.599741 0.193433
vt 0.586191 0.174121
vt 0.577478 0.176054
vt 0.601678 0.185717
vt 0.631708 0.213718
vt 0.631708 0.223380
vt 0.612345 0.231096
vt 0.622019 0.272626
vt 0.585229 0.283262
vt 0.591028 0.321884
vt 0.628794 0.314154
vt 0.635584 0.346994
vt 0.597818 0.359548
vt 0.640421 0.383699
vt 0.674311 0.377900
vt 0.642359 0.399145
vt 0.673350 0.403010
vt 0.673350 0.342169
vt 0.669474 0.302573
vt 0.709178 0.377900
vt 0.707240 0.405901
vt 0.648173 0.257180
vt 0.674311 0.276490
vt 0.669474 0.249448
vt 0.704341 0.265869
vt 0.706279 0.292910
vt 0.710140 0.330574
vt 0.724666 0.277464
vt 0.742107 0.284221
vt 0.745007 0.293883
vt 0.778897 0.276490
vt 0.779873 0.272626
vt 0.811826 0.254287
vt 0.811826 0.259111
vt 0.828290 0.270692
vt 0.842817 0.236893
vt 0.865095 0.274557
vt 0.841856 0.229179
vt 0.870893 0.201163
vt 0.870893 0.207919
vt 0.870893 0.241733
vt 0.912535 0.250423
vt 0.907698 0.280356
vt 0.858305 0.307397
vt 0.901884 0.316086
vt 0.898985 0.358590
vt 0.856367 0.346035
vt 0.952239 0.291952
vt 0.946441 0.330574
vt 0.955154 0.260071
vt 0.993881 0.262003
vt 0.993881 0.304506
vt 0.929000 0.243650
vt 0.913512 0.212759
vt 0.901884 0.182810
vt 0.993881 0.258137
vt 0.954177 0.259111
vt 0.928038 0.241733
vt 0.915450 0.211785
vt 0.904799 0.182810
vt 0.855406 0.376942
vt 0.819577 0.339263
vt 0.817639 0.375969
vt 0.780835 0.335413
vt 0.823453 0.304506
vt 0.784710 0.298708
vt 0.780835 0.373076
vt 0.854444 0.386590
vt 0.817639 0.389497
vt 0.894148 0.380792
vt 0.936751 0.371144
vt 0.939651 0.350859
vt 0.974517 0.342169
vt 0.778897 0.393347
vt 0.744045 0.372103
vt 0.743069 0.389497
vt 0.993881 0.346035
vt 0.962905 0.380792
vt 0.993881 0.394321
vt 0.940627 0.415564
vt 0.922225 0.403010
vt 0.893172 0.403983
vt 0.898009 0.438741
vt 0.939651 0.436808
vt 0.993881 0.432943
vt 0.859281 0.443580
vt 0.900923 0.457093
vt 0.856367 0.414606
vt 0.819577 0.415564
vt 0.853468 0.392388
vt 0.821515 0.445498
vt 0.780835 0.443580
vt 0.776959 0.418457
vt 0.816663 0.397212
vt 0.743069 0.419430
vt 0.744045 0.442607
vt 0.744045 0.458068
vt 0.743069 0.405901
vt 0.778897 0.396253
vt 0.711116 0.361481
vt 0.744045 0.357615
vt 0.743069 0.327683
vt 0.492256 0.426186
vt 0.517433 0.461917
vt 0.568765 0.457093
vt 0.465141 0.926468
vt 0.424460 0.939981
vt 0.458366 0.991173
vt 0.426398 0.991173
vt 0.006119 0.941914
vt 0.006119 0.884939
vt 0.067124 0.889763
vt 0.072938 0.949644
vt 0.068101 0.819260
vt 0.006119 0.806705
vt 0.006119 0.758419
vt 0.068101 0.762284
vt 0.067124 0.712066
vt 0.006119 0.699512
vt 0.006119 0.651210
vt 0.066163 0.657008
vt 0.048722 0.991173
vt 0.086488 0.991173
vt 0.119417 0.991173
vt 0.006119 0.991173
vt 0.150408 0.991173
vt 0.184298 0.991173
vt 0.231754 0.991173
vt 0.542611 0.680185
vt 0.539712 0.745865
vt 0.492256 0.743932
vt 0.492256 0.804772
vt 0.534859 0.802839
vt 0.492256 0.862722
vt 0.492256 0.690807
vt 0.533898 0.855965
vt 0.492256 0.899425
vt 0.534859 0.899425
vt 0.890272 0.180878
vt 0.886397 0.180878
vt 0.742107 0.279397
vt 0.724666 0.275532
vt 0.703365 0.262003
vt 0.667536 0.245583
vt 0.589090 0.175094
vt 0.573602 0.177012
vt 0.476768 0.292910
vt 0.482567 0.303532
vt 0.469017 0.277464
vt 0.459327 0.257180
vt 0.446738 0.233029
vt 0.433188 0.205028
vt 0.422538 0.184743
vt 0.414786 0.170255
vt 0.814740 0.899425
vt 0.851530 0.899425
vt 0.252094 0.607749
vt 0.296635 0.601966
vt 0.300511 0.661832
vt 0.248219 0.549816
vt 0.292760 0.544976
vt 0.291798 0.497664
vt 0.245319 0.502488
vt 0.286961 0.457093
vt 0.244343 0.459026
vt 0.241443 0.406876
vt 0.477729 0.944806
vt 0.477729 0.931292
vt 0.518395 0.931292
vt 0.519371 0.944806
vt 0.477729 0.926468
vt 0.518395 0.926468
vt 0.477729 0.947712
vt 0.518395 0.947712
vt 0.561975 0.947712
vt 0.561013 0.944806
vt 0.585229 0.947712
vt 0.584253 0.944806
vt 0.584253 0.931292
vt 0.561013 0.931292
vt 0.585229 0.926468
vt 0.561975 0.926468
vt 0.607492 0.931292
vt 0.608469 0.944806
vt 0.608469 0.926468
vt 0.634607 0.926468
vt 0.634607 0.931292
vt 0.608469 0.947712
vt 0.634607 0.947712
vt 0.634607 0.944806
vt 0.660761 0.931292
vt 0.660761 0.944806
vt 0.686900 0.931292
vt 0.686900 0.944806
vt 0.661723 0.947712
vt 0.686900 0.947712
vt 0.713054 0.931292
vt 0.714015 0.926468
vt 0.687877 0.926468
vt 0.712077 0.944806
vt 0.729519 0.944806
vt 0.729519 0.931292
vt 0.713054 0.948671
vt 0.730480 0.947712
vt 0.661723 0.926468
vt 0.746944 0.931292
vt 0.746944 0.926468
vt 0.774060 0.931292
vt 0.747906 0.944806
vt 0.774060 0.944806
vt 0.775021 0.926468
vt 0.730480 0.926468
vt 0.775021 0.947712
vt 0.791485 0.947712
vt 0.791485 0.944806
vt 0.746944 0.947712
vt 0.791485 0.931292
vt 0.808927 0.931292
vt 0.808927 0.944806
vt 0.829252 0.931292
vt 0.830228 0.944806
vt 0.808927 0.926468
vt 0.829252 0.926468
vt 0.791485 0.926468
vt 0.808927 0.947712
vt 0.850568 0.931292
vt 0.850568 0.944806
vt 0.829252 0.947712
vt 0.850568 0.947712
vt 0.879622 0.931292
vt 0.881559 0.944806
vt 0.907698 0.931292
vt 0.908675 0.944806
vt 0.952239 0.931292
vt 0.953216 0.944806
vt 0.993881 0.931292
vt 0.993881 0.944806
vt 0.993881 0.926468
vt 0.953216 0.926468
vt 0.953216 0.947712
vt 0.993881 0.947712
vt 0.908675 0.926468
vt 0.880583 0.926468
vt 0.880583 0.948671
vt 0.908675 0.947712
vt 0.850568 0.926468
vt 0.477729 0.969929
vt 0.525185 0.969929
vt 0.526146 0.982484
vt 0.477729 0.982484
vt 0.526146 0.986335
vt 0.477729 0.986335
vt 0.477729 0.966065
vt 0.526146 0.966065
vt 0.546487 0.969929
vt 0.548424 0.966065
vt 0.546487 0.982484
vt 0.566827 0.969929
vt 0.567788 0.982484
vt 0.616205 0.969929
vt 0.616205 0.982484
vt 0.548424 0.986335
vt 0.569726 0.986335
vt 0.614267 0.986335
vt 0.569726 0.966065
vt 0.614267 0.966065
vt 0.640421 0.966065
vt 0.642359 0.969929
vt 0.641382 0.982484
vt 0.667536 0.982484
vt 0.667536 0.969929
vt 0.666560 0.986335
vt 0.640421 0.986335
vt 0.696590 0.982484
vt 0.696590 0.969929
vt 0.725643 0.969929
vt 0.725643 0.982484
vt 0.696590 0.986335
vt 0.725643 0.986335
vt 0.696590 0.966065
vt 0.666560 0.966065
vt 0.740169 0.969929
vt 0.740169 0.966065
vt 0.725643 0.966065
vt 0.740169 0.982484
vt 0.754696 0.969929
vt 0.754696 0.982484
vt 0.765347 0.969929
vt 0.765347 0.982484
vt 0.754696 0.986335
vt 0.740169 0.986335
vt 0.765347 0.966065
vt 0.754696 0.966065
vt 0.775021 0.969929
vt 0.775021 0.982484
vt 0.792462 0.982484
vt 0.793423 0.969929
vt 0.775021 0.986335
vt 0.765347 0.986335
vt 0.775021 0.966065
vt 0.792462 0.966065
vt 0.810864 0.982484
vt 0.810864 0.986335
vt 0.792462 0.986335
vt 0.810864 0.969929
vt 0.810864 0.966065
vt 0.832166 0.969929
vt 0.831189 0.966065
vt 0.831189 0.982484
vt 0.852506 0.982484
vt 0.852506 0.969929
vt 0.879622 0.982484
vt 0.880583 0.969929
vt 0.909636 0.982484
vt 0.909636 0.969929
vt 0.953216 0.982484
vt 0.953216 0.969929
vt 0.993881 0.982484
vt 0.993881 0.969929
vt 0.831189 0.986335
vt 0.851530 0.986335
vt 0.909636 0.986335
vt 0.879622 0.986335
vt 0.952239 0.986335
vt 0.993881 0.986335
vt 0.851530 0.966065
vt 0.879622 0.966065
vt 0.909636 0.966065
vt 0.952239 0.966065
vt 0.993881 0.966065
vt 0.067124 0.170255
vt 0.945464 0.070778
vt 0.988083 0.042777
vt 0.988083 0.063063
vt 0.949340 0.106524
vt 0.988083 0.092995
vt 0.962905 0.125835
vt 0.926101 0.046643
vt 0.945464 0.015735
vt 0.960967 0.015735
vt 0.908675 0.044709
vt 0.917388 0.015735
vt 0.892210 0.062088
vt 0.888334 0.015735
vt 0.855406 0.015735
vt 0.870893 0.074643
vt 0.841856 0.067887
vt 0.824414 0.015735
vt 0.806012 0.066927
vt 0.793423 0.015735
vt 0.775998 0.071751
vt 0.755657 0.056290
vt 0.762432 0.015735
vt 0.737255 0.039886
vt 0.730480 0.015735
vt 0.721767 0.046643
vt 0.711116 0.015735
vt 0.688838 0.015735
vt 0.699489 0.066927
vt 0.657847 0.042777
vt 0.699489 0.102659
vt 0.657847 0.064994
vt 0.686900 0.122929
vt 0.657847 0.095886
vt 0.683024 0.143214
vt 0.657847 0.125835
vt 0.657847 0.154809
vt 0.670436 0.199230
vt 0.657847 0.179919
vt 0.657847 0.199230
vt 0.665599 0.015735
vt 0.657847 0.028290
vt 0.988083 0.123902
vt 0.965805 0.145147
vt 0.988083 0.155769
vt 0.988083 0.182810
vt 0.973556 0.200204
vt 0.988083 0.200204
vt 0.383795 0.009937
vt 0.365393 0.036979
vt 0.364431 0.009937
vt 0.383795 0.056290
vt 0.340215 0.070778
vt 0.383795 0.090104
vt 0.299550 0.116172
vt 0.316976 0.157701
vt 0.277272 0.157701
vt 0.270497 0.077549
vt 0.354742 0.157701
vt 0.383795 0.121011
vt 0.383795 0.149971
vt 0.375082 0.157701
vt 0.229816 0.077549
vt 0.242405 0.157701
vt 0.200763 0.157701
vt 0.200763 0.077549
vt 0.184298 0.157701
vt 0.173648 0.077549
vt 0.161059 0.157701
vt 0.138796 0.077549
vt 0.122332 0.157701
vt 0.104891 0.115213
vt 0.076814 0.157701
vt 0.020645 0.097819
vt 0.067124 0.066927
vt 0.020645 0.080440
vt 0.039048 0.157701
vt 0.020645 0.131633
vt 0.020645 0.150944
vt 0.026459 0.157701
vt 0.020645 0.061130
vt 0.039048 0.032155
vt 0.020645 0.035047
vt 0.020645 0.013803
vt 0.029358 0.013803
vt 0.823453 0.092037
vt 0.978393 0.015735
vt 0.988083 0.025398
vt 0.450614 0.147080
vt 0.426398 0.109416
vt 0.531960 0.074643
vt 0.446738 0.045668
vt 0.497093 0.167364
vt 0.478691 0.020559
vt 0.512596 0.013803
vt 0.553262 0.011870
vt 0.591028 0.024424
vt 0.546487 0.167364
vt 0.616205 0.057264
vt 0.620081 0.106524
vt 0.587152 0.151903
vt 0.475792 0.768083
vt 0.477729 0.762284
vt 0.006119 0.787393
vt 0.006119 0.687915
vt 0.034195 0.944806
vt 0.034195 0.991173
vt 0.492256 0.646386
s 1
usemtl Tex_1128_0.dds
f 1795/1651/1683 1796/1652/1684 1797/1653/1685
f 1795/1651/1683 1797/1653/1685 1798/1654/1686
f 1799/1655/1687 1797/1653/1685 1796/1652/1684
f 1799/1655/1687 1796/1652/1684 1800/1656/1688
f 1801/1657/1689 1799/1655/1687 1800/1656/1688
f 1801/1657/1689 1800/1656/1688 1802/1658/1690
f 1803/1659/1691 1801/1657/1689 1802/1658/1690
f 1803/1659/1691 1804/1660/1692 1801/1657/1689
f 1802/1658/1690 1800/1656/1688 1805/1661/1693
f 1805/1661/1693 1800/1656/1688 1796/1652/1684
f 1802/1658/1690 1805/1661/1693 1806/1662/1694
f 1806/1662/1694 1803/1659/1691 1802/1658/1690
f 1806/1662/1694 1807/1663/1695 1803/1659/1691
f 1807/1663/1695 1806/1662/1694 1808/1664/1696
f 1807/1663/1695 1808/1664/1696 1809/1665/1697
f 1808/1664/1696 1806/1662/1694 1810/1666/1698
f 1810/1666/1698 1806/1662/1694 1805/1661/1693
f 1811/1667/1699 1808/1664/1696 1810/1666/1698
f 1811/1667/1699 1812/1668/1700 1808/1664/1696
f 1812/1668/1700 1809/1665/1697 1808/1664/1696
f 1812/1668/1700 1813/1669/1701 1809/1665/1697
f 1801/1657/1689 1814/1670/1702 1799/1655/1687
f 1801/1657/1689 1815/1671/1703 1814/1670/1702
f 1816/1672/1704 1814/1670/1702 1815/1671/1703
f 1816/1672/1704 1817/1673/1705 1814/1670/1702
f 1816/1672/1704 1818/1674/1706 1817/1673/1705
f 1816/1672/1704 1819/1675/1707 1818/1674/1706
f 1819/1675/1707 1820/1676/1708 1818/1674/1706
f 1819/1675/1707 1821/1677/1709 1820/1676/1708
f 1816/1672/1704 1815/1671/1703 1822/1678/1710
f 1816/1672/1704 1822/1678/1710 1823/1679/1711
f 1819/1675/1707 1816/1672/1704 1823/1679/1711
f 1823/1679/1711 1822/1678/1710 1824/1680/1712
f 1823/1679/1711 1824/1680/1712 1825/1681/1713
f 1825/1681/1713 1826/1682/1714 1823/1679/1711
f 1819/1675/1707 1823/1679/1711 1826/1682/1714
f 1826/1682/1714 1821/1677/1709 1819/1675/1707
f 1825/1681/1713 1827/1683/1715 1826/1682/1714
f 1827/1683/1715 1828/1684/1716 1826/1682/1714
f 1826/1682/1714 1828/1684/1716 1821/1677/1709
f 1827/1683/1715 1829/1685/1717 1828/1684/1716
f 1801/1657/1689 1822/1678/1710 1815/1671/1703
f 1801/1657/1689 1804/1660/1692 1822/1678/1710
f 1821/1677/1709 1830/1686/1690 1820/1676/1708
f 1821/1677/1709 1831/1687/1718 1830/1686/1690
f 1829/1685/1717 1832/1688/1719 1828/1684/1716
f 1821/1677/1709 1828/1684/1716 1832/1688/1719
f 1821/1677/1709 1832/1688/1719 1831/1687/1718
f 1829/1685/1717 1833/1689/1720 1832/1688/1719
f 1831/1687/1718 1834/1690/1721 1830/1686/1690
f 1831/1687/1718 1835/1691/1722 1834/1690/1721
f 1835/1691/1722 1831/1687/1718 1832/1688/1719
f 1836/1692/1723 1832/1688/1719 1833/1689/1720
f 1836/1692/1723 1837/1693/1724 1832/1688/1719
f 1835/1691/1722 1832/1688/1719 1837/1693/1724
f 1838/1694/1725 1837/1693/1724 1836/1692/1723
f 1839/1695/1726 1838/1694/1725 1836/1692/1723
f 1839/1695/1726 1836/1692/1723 1833/1689/1720
f 1839/1695/1726 1840/1696/1727 1838/1694/1725
f 1839/1695/1726 1841/1697/1726 1840/1696/1727
f 1839/1695/1726 1842/1698/1726 1841/1697/1726
f 1843/1699/1728 1842/1698/1726 1839/1695/1726
f 1843/1699/1728 1839/1695/1726 1844/1700/1729
f 1839/1695/1726 1833/1689/1720 1844/1700/1729
f 1845/1701/1730 1842/1698/1726 1843/1699/1728
f 1845/1701/1730 1846/1702/1731 1842/1698/1726
f 1838/1694/1725 1840/1696/1727 1847/1703/1727
f 1847/1703/1727 1840/1696/1727 1841/1697/1726
f 1847/1703/1727 1841/1697/1726 1848/1704/1732
f 1849/1705/1733 1843/1699/1728 1844/1700/1729
f 1843/1699/1728 1849/1705/1733 1845/1701/1730
f 1849/1705/1733 1844/1700/1729 1850/1706/1734
f 1849/1705/1733 1850/1706/1734 1851/1707/1735
f 1849/1705/1733 1851/1707/1735 1852/1708/1736
f 1852/1708/1736 1851/1707/1735 1853/1709/1731
f 1852/1708/1736 1853/1709/1731 1854/1710/1737
f 1855/1711/1738 1852/1708/1736 1854/1710/1737
f 1855/1711/1738 1854/1710/1737 1856/1712/1739
f 1855/1711/1738 1856/1712/1739 1857/1713/1740
f 1858/1714/1741 1855/1711/1738 1857/1713/1740
f 1858/1714/1741 1859/1715/1742 1855/1711/1738
f 1855/1711/1738 1859/1715/1742 1852/1708/1736
f 1852/1708/1736 1859/1715/1742 1849/1705/1733
f 1845/1701/1730 1849/1705/1733 1859/1715/1742
f 1858/1714/1741 1857/1713/1740 1860/1716/1743
f 1857/1713/1740 1861/1717/1744 1860/1716/1743
f 1862/1718/1745 1859/1715/1742 1858/1714/1741
f 1862/1718/1745 1845/1701/1730 1859/1715/1742
f 1845/1701/1730 1862/1718/1745 1863/1719/1746
f 1863/1719/1746 1862/1718/1745 1864/1720/1747
f 1858/1714/1741 1864/1720/1747 1862/1718/1745
f 1825/1681/1713 1853/1709/1731 1851/1707/1735
f 1825/1681/1713 1851/1707/1735 1827/1683/1715
f 1865/1721/1748 1861/1717/1744 1857/1713/1740
f 1857/1713/1740 1856/1712/1739 1865/1721/1748
f 1856/1712/1739 1866/1722/1749 1865/1721/1748
f 1866/1722/1749 1856/1712/1739 1854/1710/1737
f 1867/1723/1750 1861/1717/1744 1865/1721/1748
f 1865/1721/1748 1868/1724/1751 1867/1723/1750
f 1865/1721/1748 1869/1725/1752 1868/1724/1751
f 1865/1721/1748 1866/1722/1749 1869/1725/1752
f 1866/1722/1749 1870/1726/1753 1869/1725/1752
f 1871/1727/1742 1870/1726/1753 1866/1722/1749
f 1871/1727/1742 1872/1728/1754 1870/1726/1753
f 1873/1729/1755 1870/1726/1753 1872/1728/1754
f 1873/1729/1755 1874/1730/1756 1870/1726/1753
f 1874/1730/1756 1875/1731/1757 1870/1726/1753
f 1868/1724/1751 1869/1725/1752 1875/1731/1757
f 1869/1725/1752 1870/1726/1753 1875/1731/1757
f 1874/1730/1756 1876/1732/1758 1875/1731/1757
f 1877/1733/1759 1875/1731/1757 1876/1732/1758
f 1877/1733/1759 1878/1734/1760 1875/1731/1757
f 1868/1724/1751 1875/1731/1757 1878/1734/1760
f 1876/1732/1758 1879/1735/1761 1877/1733/1759
f 1876/1732/1758 1880/1736/1762 1879/1735/1761
f 1874/1730/1756 1880/1736/1762 1876/1732/1758
f 1874/1730/1756 1881/1737/1763 1880/1736/1762
f 1882/1738/1764 1881/1737/1763 1874/1730/1756
f 1882/1738/1764 1874/1730/1756 1873/1729/1755
f 1883/1739/1765 1880/1736/1762 1881/1737/1763
f 1883/1739/1765 1881/1737/1763 1884/1740/1766
f 1884/1740/1766 1881/1737/1763 1885/1741/1767
f 1885/1741/1767 1881/1737/1763 1882/1738/1764
f 1882/1738/1764 1886/1742/1768 1885/1741/1767
f 1880/1736/1762 1883/1739/1765 1887/1743/1769
f 1880/1736/1762 1887/1743/1769 1879/1735/1761
f 1888/1744/1770 1887/1743/1769 1883/1739/1765
f 1888/1744/1770 1883/1739/1765 1889/1745/1771
f 1884/1740/1766 1889/1745/1771 1883/1739/1765
f 1884/1740/1766 1890/1746/1772 1889/1745/1771
f 1891/1747/1773 1890/1746/1772 1884/1740/1766
f 1891/1747/1773 1884/1740/1766 1885/1741/1767
f 1886/1742/1768 1891/1747/1773 1885/1741/1767
f 1890/1746/1772 1892/1748/1774 1889/1745/1771
f 1890/1746/1772 1893/1749/1775 1892/1748/1774
f 1892/1748/1774 1893/1749/1775 1894/1750/1776
f 1894/1750/1776 1893/1749/1775 1895/1751/1777
f 1894/1750/1776 1896/1752/1778 1892/1748/1774
f 1892/1748/1774 1896/1752/1778 1897/1753/1779
f 1889/1745/1771 1892/1748/1774 1897/1753/1779
f 1897/1753/1779 1896/1752/1778 1898/1754/1780
f 1899/1755/1781 1897/1753/1779 1898/1754/1780
f 1899/1755/1781 1888/1744/1770 1889/1745/1771
f 1899/1755/1781 1889/1745/1771 1897/1753/1779
f 1899/1755/1781 1898/1754/1780 1900/1756/1782
f 1898/1754/1780 1901/1757/1783 1900/1756/1782
f 1902/1758/1784 1901/1757/1783 1898/1754/1780
f 1903/1759/1785 1902/1758/1784 1898/1754/1780
f 1903/1759/1785 1898/1754/1780 1896/1752/1778
f 1904/1760/1786 1902/1758/1784 1903/1759/1785
f 1904/1760/1786 1905/1761/1787 1902/1758/1784
f 1905/1761/1787 1904/1760/1786 1906/1762/1788
f 1905/1761/1787 1906/1762/1788 1907/1763/1789
f 1907/1763/1789 1906/1762/1788 1908/1764/1790
f 1907/1763/1789 1908/1764/1790 1909/1765/1791
f 1908/1764/1790 1906/1762/1788 1910/1766/1792
f 1908/1764/1790 1910/1766/1792 1911/1767/1793
f 1912/1768/1794 1911/1767/1793 1910/1766/1792
f 1912/1768/1794 1913/1769/1795 1911/1767/1793
f 1914/1770/1796 1906/1762/1788 1904/1760/1786
f 1915/1771/1797 1906/1762/1788 1914/1770/1796
f 1912/1768/1794 1910/1766/1792 1915/1771/1797
f 1910/1766/1792 1906/1762/1788 1915/1771/1797
f 1916/1772/1798 1914/1770/1796 1904/1760/1786
f 1916/1772/1798 1904/1760/1786 1903/1759/1785
f 1917/1773/1799 1914/1770/1796 1916/1772/1798
f 1915/1771/1797 1914/1770/1796 1917/1773/1799
f 1917/1773/1799 1916/1772/1798 1918/1774/1800
f 1918/1774/1800 1916/1772/1798 1894/1750/1776
f 1911/1767/1793 1913/1769/1795 1919/1775/1801
f 1911/1767/1793 1919/1775/1801 1920/1776/1802
f 1920/1776/1802 1908/1764/1790 1911/1767/1793
f 1920/1776/1802 1921/1777/1803 1908/1764/1790
f 1908/1764/1790 1921/1777/1803 1909/1765/1791
f 1922/1778/1804 1920/1776/1802 1919/1775/1801
f 1922/1778/1804 1923/1779/1805 1920/1776/1802
f 1920/1776/1802 1923/1779/1805 1921/1777/1803
f 1924/1780/1806 1913/1769/1795 1912/1768/1794
f 1924/1780/1806 1925/1781/1807 1913/1769/1795
f 1925/1781/1807 1926/1782/1808 1913/1769/1795
f 1913/1769/1795 1926/1782/1808 1919/1775/1801
f 1925/1781/1807 1927/1783/1809 1926/1782/1808
f 1928/1784/1810 1927/1783/1809 1925/1781/1807
f 1928/1784/1810 1925/1781/1807 1924/1780/1806
f 1928/1784/1810 1929/1785/1811 1927/1783/1809
f 1930/1786/1812 1929/1785/1811 1928/1784/1810
f 1930/1786/1812 1928/1784/1810 1931/1787/1813
f 1932/1788/1814 1931/1787/1813 1928/1784/1810
f 1928/1784/1810 1924/1780/1806 1932/1788/1814
f 1932/1788/1814 1933/1789/1815 1931/1787/1813
f 1933/1789/1815 1932/1788/1814 1934/1790/1816
f 1933/1789/1815 1934/1790/1816 1935/1791/1817
f 1936/1792/1818 1935/1791/1817 1934/1790/1816
f 1936/1792/1818 1934/1790/1816 1937/1793/1819
f 1938/1794/1820 1936/1792/1818 1937/1793/1819
f 1938/1794/1820 1937/1793/1819 1939/1795/1821
f 1940/1796/1822 1938/1794/1820 1939/1795/1821
f 1940/1796/1822 1939/1795/1821 1941/1797/1823
f 1939/1795/1821 1942/1798/1824 1941/1797/1823
f 1939/1795/1821 1943/1799/1825 1942/1798/1824
f 1937/1793/1819 1943/1799/1825 1939/1795/1821
f 1944/1800/1826 1941/1797/1823 1942/1798/1824
f 1944/1800/1826 1942/1798/1824 1891/1747/1773
f 1945/1801/1735 1940/1796/1822 1941/1797/1823
f 1945/1801/1735 1941/1797/1823 1944/1800/1826
f 1934/1790/1816 1946/1802/1827 1937/1793/1819
f 1937/1793/1819 1946/1802/1827 1943/1799/1825
f 1947/1803/1828 1943/1799/1825 1946/1802/1827
f 1947/1803/1828 1895/1751/1777 1943/1799/1825
f 1895/1751/1777 1942/1798/1824 1943/1799/1825
f 1948/1804/1829 1947/1803/1828 1946/1802/1827
f 1948/1804/1829 1946/1802/1827 1949/1805/1830
f 1948/1804/1829 1949/1805/1830 1924/1780/1806
f 1948/1804/1829 1924/1780/1806 1950/1806/1831
f 1893/1749/1775 1942/1798/1824 1895/1751/1777
f 1934/1790/1816 1949/1805/1830 1946/1802/1827
f 1932/1788/1814 1924/1780/1806 1949/1805/1830
f 1932/1788/1814 1949/1805/1830 1934/1790/1816
f 1942/1798/1824 1893/1749/1775 1890/1746/1772
f 1942/1798/1824 1890/1746/1772 1891/1747/1773
f 1917/1773/1799 1947/1803/1828 1948/1804/1829
f 1950/1806/1831 1917/1773/1799 1948/1804/1829
f 1917/1773/1799 1918/1774/1800 1947/1803/1828
f 1918/1774/1800 1895/1751/1777 1947/1803/1828
f 1918/1774/1800 1894/1750/1776 1895/1751/1777
f 1950/1806/1831 1915/1771/1797 1917/1773/1799
f 1912/1768/1794 1915/1771/1797 1950/1806/1831
f 1924/1780/1806 1912/1768/1794 1950/1806/1831
f 1894/1750/1776 1916/1772/1798 1896/1752/1778
f 1896/1752/1778 1916/1772/1798 1903/1759/1785
f 1951/1807/1832 1952/1808/1833 1953/1809/1834
f 1951/1807/1832 1953/1809/1834 1954/1810/1835
f 1805/1661/1693 1954/1810/1835 1953/1809/1834
f 1955/1811/1836 1805/1661/1693 1953/1809/1834
f 1955/1811/1836 1953/1809/1834 1956/1812/1837
f 1952/1808/1833 1956/1812/1837 1953/1809/1834
f 1952/1808/1833 1957/1813/1838 1956/1812/1837
f 1958/1814/1839 1956/1812/1837 1957/1813/1838
f 1958/1814/1839 1957/1813/1838 1959/1815/1840
f 1956/1812/1837 1958/1814/1839 1960/1816/1841
f 1956/1812/1837 1960/1816/1841 1955/1811/1836
f 1959/1815/1840 1961/1817/1842 1958/1814/1839
f 1959/1815/1840 1962/1818/1843 1961/1817/1842
f 1962/1818/1843 1963/1819/1844 1961/1817/1842
f 1962/1818/1843 1964/1820/1845 1963/1819/1844
f 1963/1819/1844 1964/1820/1845 1965/1821/1846
f 1966/1822/1847 1963/1819/1844 1965/1821/1846
f 1967/1823/1848 1963/1819/1844 1966/1822/1847
f 1968/1824/1849 1967/1823/1848 1966/1822/1847
f 1968/1824/1849 1966/1822/1847 1969/1825/1850
f 1969/1825/1850 1970/1826/1851 1968/1824/1849
f 1969/1825/1850 1971/1827/1852 1970/1826/1851
f 1971/1827/1852 1972/1828/1853 1970/1826/1851
f 1971/1827/1852 1973/1829/1854 1972/1828/1853
f 1972/1828/1853 1974/1830/1855 1970/1826/1851
f 1972/1828/1853 1975/1831/1856 1974/1830/1855
f 1961/1817/1842 1963/1819/1844 1976/1832/1857
f 1967/1823/1848 1976/1832/1857 1963/1819/1844
f 1977/1833/1858 1968/1824/1849 1970/1826/1851
f 1978/1834/1859 1977/1833/1858 1970/1826/1851
f 1970/1826/1851 1974/1830/1855 1978/1834/1859
f 1979/1835/1860 1967/1823/1848 1968/1824/1849
f 1979/1835/1860 1968/1824/1849 1977/1833/1858
f 1976/1832/1857 1967/1823/1848 1979/1835/1860
f 1980/1836/1861 1979/1835/1860 1977/1833/1858
f 1978/1834/1859 1980/1836/1861 1977/1833/1858
f 1980/1836/1861 1981/1837/1862 1979/1835/1860
f 1981/1837/1862 1982/1838/1863 1979/1835/1860
f 1979/1835/1860 1982/1838/1863 1976/1832/1857
f 1982/1838/1863 1983/1839/1864 1976/1832/1857
f 1984/1840/1865 1983/1839/1864 1982/1838/1863
f 1982/1838/1863 1985/1841/1866 1984/1840/1865
f 1985/1841/1866 1982/1838/1863 1981/1837/1862
f 1983/1839/1864 1961/1817/1842 1976/1832/1857
f 1986/1842/1867 1975/1831/1856 1972/1828/1853
f 1986/1842/1867 1972/1828/1853 1987/1843/1868
f 1975/1831/1856 1986/1842/1867 1988/1844/1869
f 1975/1831/1856 1988/1844/1869 1989/1845/1870
f 1988/1844/1869 1990/1846/1871 1989/1845/1870
f 1991/1847/1872 1988/1844/1869 1986/1842/1867
f 1991/1847/1872 1986/1842/1867 1992/1848/1873
f 1992/1848/1873 1986/1842/1867 1987/1843/1868
f 1987/1843/1868 1993/1849/1874 1992/1848/1873
f 1993/1849/1874 1987/1843/1868 1973/1829/1854
f 1993/1849/1874 1973/1829/1854 1994/1850/1875
f 1994/1850/1875 1973/1829/1854 1971/1827/1852
f 1994/1850/1875 1971/1827/1852 1995/1851/1876
f 1995/1851/1876 1971/1827/1852 1969/1825/1850
f 1995/1851/1876 1969/1825/1850 1996/1852/1877
f 1996/1852/1877 1969/1825/1850 1966/1822/1847
f 1996/1852/1877 1966/1822/1847 1997/1853/1878
f 1997/1853/1878 1966/1822/1847 1965/1821/1846
f 1997/1853/1878 1965/1821/1846 1998/1854/1879
f 1998/1854/1879 1965/1821/1846 1964/1820/1845
f 1998/1854/1879 1964/1820/1845 1999/1855/1880
f 2000/1856/1881 1992/1848/1873 1993/1849/1874
f 1991/1847/1872 2001/1857/1882 1988/1844/1869
f 1990/1846/1871 1988/1844/1869 2001/1857/1882
f 1990/1846/1871 2001/1857/1882 2002/1858/1883
f 1990/1846/1871 2002/1858/1883 2003/1859/1884
f 1990/1846/1871 2003/1859/1884 2004/1860/1885
f 2005/1861/1886 2004/1860/1885 2003/1859/1884
f 2005/1861/1886 2006/1862/1887 2004/1860/1885
f 2004/1860/1885 2006/1862/1887 2007/1863/1888
f 2004/1860/1885 2007/1863/1888 2008/1864/1889
f 2009/1865/1890 2008/1864/1889 2007/1863/1888
f 2009/1865/1890 2010/1866/1891 2008/1864/1889
f 1989/1845/1870 2008/1864/1889 2010/1866/1891
f 2004/1860/1885 2008/1864/1889 1989/1845/1870
f 2004/1860/1885 1989/1845/1870 1990/1846/1871
f 1989/1845/1870 2010/1866/1891 2011/1867/1892
f 2012/1868/1723 2010/1866/1891 2009/1865/1890
f 2012/1868/1723 2013/1869/1893 2010/1866/1891
f 2014/1870/1894 2013/1869/1893 2012/1868/1723
f 2014/1870/1894 2015/1871/1895 2013/1869/1893
f 2015/1871/1895 2016/1872/1896 2013/1869/1893
f 2016/1872/1896 2010/1866/1891 2013/1869/1893
f 2015/1871/1895 2017/1873/1897 2016/1872/1896
f 2018/1874/1898 2017/1873/1897 2015/1871/1895
f 2018/1874/1898 1985/1841/1866 2017/1873/1897
f 2016/1872/1896 2019/1875/1899 2010/1866/1891
f 2011/1867/1892 2010/1866/1891 2019/1875/1899
f 2020/1876/1900 2018/1874/1898 2015/1871/1895
f 2020/1876/1900 2015/1871/1895 2014/1870/1894
f 2020/1876/1900 2021/1877/1901 2018/1874/1898
f 2018/1874/1898 2021/1877/1901 1985/1841/1866
f 2020/1876/1900 2022/1878/1902 2021/1877/1901
f 2021/1877/1901 2022/1878/1902 1812/1668/1700
f 2022/1878/1902 1813/1669/1701 1812/1668/1700
f 2022/1878/1902 2023/1879/1894 1813/1669/1701
f 2020/1876/1900 2023/1879/1894 2022/1878/1902
f 2021/1877/1901 1812/1668/1700 1811/1667/1699
f 2017/1873/1897 1980/1836/1861 2016/1872/1896
f 1980/1836/1861 2019/1875/1899 2016/1872/1896
f 2017/1873/1897 1981/1837/1862 1980/1836/1861
f 1985/1841/1866 1981/1837/1862 2017/1873/1897
f 1980/1836/1861 1978/1834/1859 2019/1875/1899
f 2020/1876/1900 2024/1880/1903 2023/1879/1894
f 2025/1881/1904 2023/1879/1894 2024/1880/1903
f 2025/1881/1904 2026/1882/1905 2023/1879/1894
f 2025/1881/1904 2024/1880/1903 2027/1883/1906
f 2025/1881/1904 2027/1883/1906 2028/1884/1907
f 2028/1884/1907 2027/1883/1906 2029/1885/1908
f 2028/1884/1907 2029/1885/1908 2030/1886/1909
f 2031/1887/1910 2030/1886/1909 2029/1885/1908
f 2031/1887/1910 2032/1888/1911 2030/1886/1909
f 2033/1889/1912 2032/1888/1911 2031/1887/1910
f 2033/1889/1912 2034/1890/1913 2032/1888/1911
f 2035/1891/1914 2034/1890/1913 2033/1889/1912
f 2035/1891/1914 2036/1892/1915 2034/1890/1913
f 2037/1893/1916 2036/1892/1915 2035/1891/1914
f 2037/1893/1916 2035/1891/1914 2038/1894/1917
f 2038/1894/1917 2035/1891/1914 2006/1862/1887
f 2038/1894/1917 2006/1862/1887 2005/1861/1886
f 2039/1895/1918 2036/1892/1915 2037/1893/1916
f 2039/1895/1918 1930/1786/1812 2036/1892/1915
f 2034/1890/1913 2036/1892/1915 1930/1786/1812
f 1930/1786/1812 2039/1895/1918 2040/1896/1919
f 1930/1786/1812 2040/1896/1919 1929/1785/1811
f 2041/1897/1920 1929/1785/1811 2040/1896/1919
f 2041/1897/1920 1927/1783/1809 1929/1785/1811
f 2035/1891/1914 2033/1889/1912 2007/1863/1888
f 2035/1891/1914 2007/1863/1888 2006/1862/1887
f 2031/1887/1910 2007/1863/1888 2033/1889/1912
f 2031/1887/1910 2009/1865/1890 2007/1863/1888
f 2029/1885/1908 2009/1865/1890 2031/1887/1910
f 2029/1885/1908 2012/1868/1723 2009/1865/1890
f 2027/1883/1906 2012/1868/1723 2029/1885/1908
f 2027/1883/1906 2014/1870/1894 2012/1868/1723
f 2024/1880/1903 2014/1870/1894 2027/1883/1906
f 2024/1880/1903 2020/1876/1900 2014/1870/1894
f 1926/1782/1808 1927/1783/1809 2041/1897/1920
f 1926/1782/1808 2041/1897/1920 2042/1898/1921
f 1919/1775/1801 1926/1782/1808 2042/1898/1921
f 1919/1775/1801 2042/1898/1921 2043/1899/1922
f 2044/1900/1923 1919/1775/1801 2043/1899/1922
f 2044/1900/1923 1922/1778/1804 1919/1775/1801
f 2045/1901/1924 2046/1902/1925 2047/1903/1926
f 2047/1903/1926 2048/1904/1927 2045/1901/1924
f 2047/1903/1926 2049/1905/1928 2048/1904/1927
f 2049/1905/1928 2050/1906/1929 2048/1904/1927
f 2049/1905/1928 2051/1907/1930 2050/1906/1929
f 2052/1908/1931 2050/1906/1929 2051/1907/1930
f 2053/1909/1932 2049/1905/1928 2047/1903/1926
f 2047/1903/1926 2054/1910/1933 2053/1909/1932
f 2055/1911/1934 2051/1907/1930 2049/1905/1928
f 2055/1911/1934 2049/1905/1928 2053/1909/1932
f 2047/1903/1926 2056/1912/1935 2054/1910/1933
f 2054/1910/1933 2057/1913/1936 2053/1909/1932
f 2057/1913/1936 2058/1914/1937 2053/1909/1932
f 2053/1909/1932 2058/1914/1937 2055/1911/1934
f 2058/1914/1937 2059/1915/1938 2055/1911/1934
f 2058/1914/1937 2060/1916/1939 2059/1915/1938
f 2061/1917/1940 2060/1916/1939 2058/1914/1937
f 2057/1913/1936 2061/1917/1940 2058/1914/1937
f 2062/1918/1941 2061/1917/1940 2057/1913/1936
f 2061/1917/1940 2063/1919/1942 2060/1916/1939
f 2060/1916/1939 2064/1920/1943 2059/1915/1938
f 2060/1916/1939 2065/1921/1944 2064/1920/1943
f 2063/1919/1942 2065/1921/1944 2060/1916/1939
f 2066/1922/1945 2063/1919/1942 2061/1917/1940
f 2062/1918/1941 2066/1922/1945 2061/1917/1940
f 2066/1922/1945 2067/1923/1946 2063/1919/1942
f 2068/1924/1947 2067/1923/1946 2066/1922/1945
f 2068/1924/1947 2066/1922/1945 2069/1925/1948
f 2067/1923/1946 2070/1926/1949 2063/1919/1942
f 2063/1919/1942 2070/1926/1949 2065/1921/1944
f 2067/1923/1946 2071/1927/1950 2070/1926/1949
f 2072/1928/1951 2071/1927/1950 2067/1923/1946
f 2072/1928/1951 2067/1923/1946 2068/1924/1947
f 2071/1927/1950 2073/1929/1952 2070/1926/1949
f 2071/1927/1950 2074/1930/1953 2073/1929/1952
f 2075/1931/1954 2074/1930/1953 2071/1927/1950
f 2075/1931/1954 2071/1927/1950 2072/1928/1951
f 2074/1930/1953 2076/1932/1955 2073/1929/1952
f 2074/1930/1953 2077/1933/1956 2076/1932/1955
f 2078/1934/1957 2077/1933/1956 2074/1930/1953
f 2078/1934/1957 2074/1930/1953 2075/1931/1954
f 2077/1933/1956 2079/1935/1958 2076/1932/1955
f 2077/1933/1956 2080/1936/1959 2079/1935/1958
f 2081/1937/1960 2080/1936/1959 2077/1933/1956
f 2081/1937/1960 2077/1933/1956 2078/1934/1957
f 2082/1938/1961 2076/1932/1955 2079/1935/1958
f 2082/1938/1961 2083/1939/1962 2076/1932/1955
f 2084/1940/1963 2083/1939/1962 2082/1938/1961
f 2084/1940/1963 2082/1938/1961 2085/1941/1964
f 2086/1942/1965 2073/1929/1952 2076/1932/1955
f 2086/1942/1965 2076/1932/1955 2083/1939/1962
f 2084/1940/1963 2086/1942/1965 2083/1939/1962
f 2084/1940/1963 2087/1943/1966 2086/1942/1965
f 2086/1942/1965 2087/1943/1966 2065/1921/1944
f 2070/1926/1949 2073/1929/1952 2086/1942/1965
f 2070/1926/1949 2086/1942/1965 2065/1921/1944
f 2088/1944/1967 2081/1937/1960 2078/1934/1957
f 2088/1944/1967 2089/1945/1968 2081/1937/1960
f 2089/1945/1968 2088/1944/1967 2090/1946/1969
f 2090/1946/1969 2088/1944/1967 2091/1947/1970
f 2090/1946/1969 2091/1947/1970 2092/1948/1971
f 2093/1949/1972 2090/1946/1969 2092/1948/1971
f 2094/1950/1973 2093/1949/1972 2092/1948/1971
f 2094/1950/1973 2092/1948/1971 2095/1951/1974
f 2095/1951/1974 2096/1952/1975 2094/1950/1973
f 2095/1951/1974 2097/1953/1976 2096/1952/1975
f 2098/1954/1977 2096/1952/1975 2097/1953/1976
f 2098/1954/1977 2097/1953/1976 2099/1955/1978
f 2100/1956/1979 2098/1954/1977 2099/1955/1978
f 2101/1957/1980 2098/1954/1977 2100/1956/1979
f 2101/1957/1980 2102/1958/1981 2098/1954/1977
f 2102/1958/1981 2096/1952/1975 2098/1954/1977
f 2100/1956/1979 2099/1955/1978 2103/1959/1982
f 2093/1949/1972 2104/1960/1983 2090/1946/1969
f 2105/1961/1984 2102/1958/1981 2101/1957/1980
f 2105/1961/1984 2101/1957/1980 2106/1962/1985
f 2107/1963/1986 2105/1961/1984 2106/1962/1985
f 2108/1964/1987 2107/1963/1986 2106/1962/1985
f 2107/1963/1986 2109/1965/1988 2105/1961/1984
f 2109/1965/1988 2110/1966/1989 2105/1961/1984
f 2106/1962/1985 2101/1957/1980 2111/1967/1990
f 2100/1956/1979 2111/1967/1990 2101/1957/1980
f 2112/1968/1991 2106/1962/1985 2111/1967/1990
f 2108/1964/1987 2106/1962/1985 2112/1968/1991
f 2112/1968/1991 2113/1969/1683 2108/1964/1987
f 2112/1968/1991 2114/1970/1992 2113/1969/1683
f 2111/1967/1990 2114/1970/1992 2112/1968/1991
f 2115/1971/1993 2102/1958/1981 2105/1961/1984
f 2105/1961/1984 2110/1966/1989 2115/1971/1993
f 2115/1971/1993 2110/1966/1989 2116/1972/1994
f 2115/1971/1993 2116/1972/1994 2117/1973/1995
f 2115/1971/1993 2117/1973/1995 2118/1974/1996
f 2115/1971/1993 2118/1974/1996 2119/1975/1997
f 2115/1971/1993 2119/1975/1997 2120/1976/1998
f 2118/1974/1996 2121/1977/1999 2119/1975/1997
f 2118/1974/1996 2122/1978/2000 2121/1977/1999
f 2122/1978/2000 2118/1974/1996 2117/1973/1995
f 2122/1978/2000 2123/1979/2001 2121/1977/1999
f 2122/1978/2000 2124/1980/2002 2123/1979/2001
f 2122/1978/2000 2117/1973/1995 2125/1981/2003
f 2125/1981/2003 2124/1980/2002 2122/1978/2000
f 2125/1981/2003 2126/1982/2004 2124/1980/2002
f 2111/1967/1990 2127/1983/1993 2114/1970/1992
f 2127/1983/1993 2128/1984/2005 2114/1970/1992
f 2129/1985/2006 2113/1969/1683 2114/1970/1992
f 2129/1985/2006 2114/1970/1992 2128/1984/2005
f 2128/1984/2005 2127/1983/1993 2130/1986/2007
f 2127/1983/1993 2131/1987/2008 2130/1986/2007
f 2127/1983/1993 2132/1988/2009 2131/1987/2008
f 2132/1988/2009 2127/1983/1993 2111/1967/1990
f 2130/1986/2007 2131/1987/2008 2133/1989/2010
f 2131/1987/2008 2132/1988/2009 2134/1990/2011
f 2131/1987/2008 2134/1990/2011 2133/1989/2010
f 2134/1990/2011 2135/1991/2012 2133/1989/2010
f 2133/1989/2010 2135/1991/2012 2136/1992/2013
f 2133/1989/2010 2136/1992/2013 2137/1993/2014
f 2137/1993/2014 2130/1986/2007 2133/1989/2010
f 2135/1991/2012 2138/1994/2015 2136/1992/2013
f 2135/1991/2012 2139/1995/2016 2138/1994/2015
f 2140/1996/2017 2139/1995/2016 2135/1991/2012
f 2140/1996/2017 2135/1991/2012 2141/1997/2018
f 2134/1990/2011 2141/1997/2018 2135/1991/2012
f 2139/1995/2016 2140/1996/2017 2142/1998/2019
f 2139/1995/2016 2142/1998/2019 2143/1999/2020
f 2140/1996/2017 2144/2000/2021 2142/1998/2019
f 2140/1996/2017 2145/2001/2022 2144/2000/2021
f 2140/1996/2017 2141/1997/2018 2145/2001/2022
f 2144/2000/2021 2145/2001/2022 2146/2002/2023
f 2146/2002/2023 2145/2001/2022 2141/1997/2018
f 2144/2000/2021 2146/2002/2023 2147/2003/2024
f 2141/1997/2018 2134/1990/2011 2148/2004/2025
f 2134/1990/2011 2132/1988/2009 2148/2004/2025
f 2103/1959/1982 2146/2002/2023 2141/1997/2018
f 2141/1997/2018 2148/2004/2025 2103/1959/1982
f 2103/1959/1982 2148/2004/2025 2149/2005/2026
f 2111/1967/1990 2149/2005/2026 2148/2004/2025
f 2111/1967/1990 2148/2004/2025 2132/1988/2009
f 2100/1956/1979 2149/2005/2026 2111/1967/1990
f 2103/1959/1982 2149/2005/2026 2100/1956/1979
f 2150/2006/2027 2146/2002/2023 2103/1959/1982
f 2150/2006/2027 2103/1959/1982 2099/1955/1978
f 2097/1953/1976 2150/2006/2027 2099/1955/1978
f 2097/1953/1976 2151/2007/2028 2150/2006/2027
f 2095/1951/1974 2151/2007/2028 2097/1953/1976
f 2095/1951/1974 2152/2008/2029 2151/2007/2028
f 2092/1948/1971 2152/2008/2029 2095/1951/1974
f 2092/1948/1971 2091/1947/1970 2152/2008/2029
f 2152/2008/2029 2091/1947/1970 2075/1931/1954
f 2091/1947/1970 2078/1934/1957 2075/1931/1954
f 2091/1947/1970 2088/1944/1967 2078/1934/1957
f 2152/2008/2029 2075/1931/1954 2072/1928/1951
f 2151/2007/2028 2152/2008/2029 2072/1928/1951
f 2151/2007/2028 2072/1928/1951 2068/1924/1947
f 2150/2006/2027 2151/2007/2028 2068/1924/1947
f 2150/2006/2027 2068/1924/1947 2069/1925/1948
f 2146/2002/2023 2150/2006/2027 2069/1925/1948
f 2146/2002/2023 2069/1925/1948 2147/2003/2024
f 2069/1925/1948 2153/2009/2030 2147/2003/2024
f 2069/1925/1948 2066/1922/1945 2153/2009/2030
f 2062/1918/1941 2153/2009/2030 2066/1922/1945
f 2062/1918/1941 2154/2010/2031 2153/2009/2030
f 2154/2010/2031 2147/2003/2024 2153/2009/2030
f 2154/2010/2031 2144/2000/2021 2147/2003/2024
f 2154/2010/2031 2142/1998/2019 2144/2000/2021
f 2154/2010/2031 2155/2011/2032 2142/1998/2019
f 2155/2011/2032 2154/2010/2031 2156/2012/2033
f 2156/2012/2033 2154/2010/2031 2062/1918/1941
f 2157/2013/2034 2155/2011/2032 2156/2012/2033
f 2156/2012/2033 2158/2014/2035 2157/2013/2034
f 2156/2012/2033 2159/2015/2036 2158/2014/2035
f 2062/1918/1941 2159/2015/2036 2156/2012/2033
f 2159/2015/2036 2160/2016/2037 2158/2014/2035
f 2160/2016/2037 2159/2015/2036 2062/1918/1941
f 2161/2017/2038 2158/2014/2035 2160/2016/2037
f 2161/2017/2038 2162/2018/2039 2158/2014/2035
f 2162/2018/2039 2157/2013/2034 2158/2014/2035
f 2161/2017/2038 2163/2019/2040 2162/2018/2039
f 2163/2019/2040 2157/2013/2034 2162/2018/2039
f 2164/2020/2041 2163/2019/2040 2161/2017/2038
f 2163/2019/2040 2165/2021/2042 2157/2013/2034
f 2165/2021/2042 2166/2022/2043 2157/2013/2034
f 2155/2011/2032 2157/2013/2034 2166/2022/2043
f 2142/1998/2019 2155/2011/2032 2166/2022/2043
f 2167/2023/2044 2164/2020/2041 2161/2017/2038
f 2167/2023/2044 2168/2024/2045 2164/2020/2041
f 2167/2023/2044 2169/2025/2046 2168/2024/2045
f 2164/2020/2041 2168/2024/2045 2170/2026/2047
f 2170/2026/2047 2171/2027/2048 2164/2020/2041
f 2164/2020/2041 2171/2027/2048 2172/2028/2049
f 2164/2020/2041 2172/2028/2049 2163/2019/2040
f 2173/2029/2050 2172/2028/2049 2171/2027/2048
f 2173/2029/2050 2174/2030/2051 2172/2028/2049
f 2175/2031/2052 2174/2030/2051 2173/2029/2050
f 2175/2031/2052 2176/2032/2053 2174/2030/2051
f 2177/2033/2054 2174/2030/2051 2176/2032/2053
f 2165/2021/2042 2163/2019/2040 2177/2033/2054
f 2177/2033/2054 2163/2019/2040 2172/2028/2049
f 2177/2033/2054 2172/2028/2049 2174/2030/2051
f 2177/2033/2054 2176/2032/2053 2178/2034/2055
f 2165/2021/2042 2177/2033/2054 2178/2034/2055
f 2165/2021/2042 2178/2034/2055 2166/2022/2043
f 2179/2035/2056 2170/2026/2047 2168/2024/2045
f 2180/2036/2057 2170/2026/2047 2179/2035/2056
f 2179/2035/2056 2181/2037/2058 2180/2036/2057
f 2182/2038/2059 2180/2036/2057 2181/2037/2058
f 2181/2037/2058 2183/2039/2060 2182/2038/2059
f 2181/2037/2058 2184/2040/2061 2183/2039/2060
f 2184/2040/2061 2185/2041/2062 2169/2025/2046
f 2179/2035/2056 2185/2041/2062 2181/2037/2058
f 2185/2041/2062 2184/2040/2061 2181/2037/2058
f 2182/2038/2059 2186/2042/2063 2180/2036/2057
f 2187/2043/2064 2186/2042/2063 2182/2038/2059
f 2187/2043/2064 2182/2038/2059 2188/2044/2065
f 2189/2045/2066 2187/2043/2064 2188/2044/2065
f 2189/2045/2066 2190/2046/2067 2187/2043/2064
f 2187/2043/2064 2190/2046/2067 2191/2047/2068
f 2192/2048/2069 2190/2046/2067 2189/2045/2066
f 2192/2048/2069 2189/2045/2066 2193/2049/2070
f 2193/2049/2070 2189/2045/2066 2194/2050/2071
f 2193/2049/2070 2194/2050/2071 2195/2051/2072
f 2196/2052/2073 2191/2047/2068 2190/2046/2067
f 2196/2052/2073 2190/2046/2067 2192/2048/2069
f 2197/2053/2068 2191/2047/2068 2196/2052/2073
f 2197/2053/2068 2196/2052/2073 2198/2054/2074
f 2199/2055/2075 2197/2053/2068 2198/2054/2074
f 2199/2055/2075 2200/2056/2076 2197/2053/2068
f 2201/2057/2077 2194/2050/2071 2189/2045/2066
f 2201/2057/2077 2189/2045/2066 2188/2044/2065
f 2182/2038/2059 2201/2057/2077 2188/2044/2065
f 2182/2038/2059 2183/2039/2060 2201/2057/2077
f 2200/2056/2076 2202/2058/2078 2197/2053/2068
f 2197/2053/2068 2202/2058/2078 2191/2047/2068
f 2200/2056/2076 2203/2059/2079 2202/2058/2078
f 2200/2056/2076 2204/2060/2080 2203/2059/2079
f 2200/2056/2076 2205/2061/2081 2204/2060/2080
f 2199/2055/2075 2205/2061/2081 2200/2056/2076
f 2206/2062/2082 2203/2059/2079 2204/2060/2080
f 2207/2063/2083 2203/2059/2079 2206/2062/2082
f 2207/2063/2083 2208/2064/2084 2203/2059/2079
f 2208/2064/2084 2209/2065/2085 2203/2059/2079
f 2202/2058/2078 2203/2059/2079 2209/2065/2085
f 2202/2058/2078 2209/2065/2085 2210/2066/2086
f 2202/2058/2078 2210/2066/2086 2211/2067/2087
f 2212/2068/2088 2211/2067/2087 2210/2066/2086
f 2212/2068/2088 2210/2066/2086 2213/2069/2089
f 2212/2068/2088 2213/2069/2089 2214/2070/2090
f 2212/2068/2088 2214/2070/2090 2215/2071/2091
f 2215/2071/2091 2214/2070/2090 2216/2072/2092
f 2215/2071/2091 2216/2072/2092 2170/2026/2047
f 2214/2070/2090 2217/2073/2093 2216/2072/2092
f 2217/2073/2093 2218/2074/2094 2216/2072/2092
f 2218/2074/2094 2170/2026/2047 2216/2072/2092
f 2217/2073/2093 2219/2075/2095 2218/2074/2094
f 2214/2070/2090 2220/2076/2096 2217/2073/2093
f 2213/2069/2089 2220/2076/2096 2214/2070/2090
f 2213/2069/2089 2221/2077/2097 2220/2076/2096
f 2221/2077/2097 2213/2069/2089 2210/2066/2086
f 2222/2078/2098 2219/2075/2095 2217/2073/2093
f 2222/2078/2098 2217/2073/2093 2220/2076/2096
f 2222/2078/2098 2223/2079/2099 2219/2075/2095
f 2224/2080/2100 2210/2066/2086 2209/2065/2085
f 2224/2080/2100 2209/2065/2085 2208/2064/2084
f 2225/2081/2101 2221/2077/2097 2224/2080/2100
f 2226/2082/2102 2225/2081/2101 2224/2080/2100
f 2226/2082/2102 2224/2080/2100 2208/2064/2084
f 2227/2083/2103 2225/2081/2101 2226/2082/2102
f 2227/2083/2103 2228/2084/2104 2225/2081/2101
f 2228/2084/2104 2221/2077/2097 2225/2081/2101
f 2221/2077/2097 2228/2084/2104 2229/2085/2105
f 2221/2077/2097 2229/2085/2105 2220/2076/2096
f 2228/2084/2104 2227/2083/2103 2230/2086/2106
f 2231/2087/2107 2228/2084/2104 2230/2086/2106
f 2231/2087/2107 2232/2088/2108 2228/2084/2104
f 2232/2088/2108 2231/2087/2107 2233/2089/2109
f 2234/2090/2110 2233/2089/2109 2231/2087/2107
f 2235/2091/2111 2233/2089/2109 2234/2090/2110
f 2235/2091/2111 2236/2092/2112 2233/2089/2109
f 2237/2093/2113 2233/2089/2109 2236/2092/2112
f 2238/2094/2114 2237/2093/2113 2236/2092/2112
f 2237/2093/2113 2238/2094/2114 2239/2095/2115
f 2240/2096/2116 2238/2094/2114 2236/2092/2112
f 2240/2096/2116 2236/2092/2112 2235/2091/2111
f 2241/2097/2117 2238/2094/2114 2240/2096/2116
f 2241/2097/2117 2242/2098/2118 2238/2094/2114
f 2242/2098/2118 2243/2099/2119 2238/2094/2114
f 2239/2095/2115 2238/2094/2114 2243/2099/2119
f 2244/2100/2120 2239/2095/2115 2243/2099/2119
f 2243/2099/2119 2242/2098/2118 2244/2100/2120
f 2244/2100/2120 2245/2101/2121 2239/2095/2115
f 2245/2101/2121 2246/2102/2122 2239/2095/2115
f 2246/2102/2122 2237/2093/2113 2239/2095/2115
f 2245/2101/2121 2247/2103/2123 2246/2102/2122
f 2248/2104/2124 2246/2102/2122 2247/2103/2123
f 2248/2104/2124 2249/2105/2125 2246/2102/2122
f 2250/2106/2126 2247/2103/2123 2245/2101/2121
f 2250/2106/2126 2251/2107/2127 2247/2103/2123
f 2251/2107/2127 2248/2104/2124 2247/2103/2123
f 2252/2108/2128 2250/2106/2126 2245/2101/2121
f 2252/2108/2128 2245/2101/2121 2244/2100/2120
f 2250/2106/2126 2252/2108/2128 2253/2109/2129
f 2250/2106/2126 2253/2109/2129 2254/2110/2130
f 2251/2107/2127 2250/2106/2126 2254/2110/2130
f 2255/2111/2131 2252/2108/2128 2244/2100/2120
f 2255/2111/2131 2244/2100/2120 2256/2112/2132
f 2244/2100/2120 2242/2098/2118 2256/2112/2132
f 2256/2112/2132 2242/2098/2118 2257/2113/2133
f 2258/2114/2134 2253/2109/2129 2252/2108/2128
f 2258/2114/2134 2252/2108/2128 2259/2115/2135
f 2259/2115/2135 2252/2108/2128 2255/2111/2131
f 2259/2115/2135 2255/2111/2131 2260/2116/2136
f 2260/2116/2136 2255/2111/2131 2256/2112/2132
f 2260/2116/2136 2256/2112/2132 2261/2117/2137
f 2257/2113/2133 2261/2117/2137 2256/2112/2132
f 2257/2113/2133 2262/2118/2138 2261/2117/2137
f 2249/2105/2125 2248/2104/2124 2263/2119/2139
f 2263/2119/2139 2264/2120/2140 2249/2105/2125
f 2263/2119/2139 2265/2121/2141 2264/2120/2140
f 2265/2121/2141 2266/2122/2142 2264/2120/2140
f 2267/2123/2143 2264/2120/2140 2266/2122/2142
f 2267/2123/2143 2266/2122/2142 2268/2124/2144
f 2265/2121/2141 2269/2125/2145 2266/2122/2142
f 2265/2121/2141 2263/2119/2139 2270/2126/2146
f 2265/2121/2141 2270/2126/2146 2271/2127/2147
f 2271/2127/2147 2269/2125/2145 2265/2121/2141
f 2272/2128/2148 2270/2126/2146 2263/2119/2139
f 2248/2104/2124 2272/2128/2148 2263/2119/2139
f 2248/2104/2124 2273/2129/2149 2272/2128/2148
f 2274/2130/2150 2273/2129/2149 2248/2104/2124
f 2275/2131/2151 2273/2129/2149 2274/2130/2150
f 2271/2127/2147 2276/2132/2152 2269/2125/2145
f 2277/2133/2153 2269/2125/2145 2276/2132/2152
f 2277/2133/2153 2276/2132/2152 2278/2134/2154
f 2274/2130/2150 2248/2104/2124 2251/2107/2127
f 2275/2131/2151 2274/2130/2150 2251/2107/2127
f 2254/2110/2130 2275/2131/2151 2251/2107/2127
f 2279/2135/2155 2275/2131/2151 2254/2110/2130
f 2279/2135/2155 2280/2136/1857 2275/2131/2151
f 2275/2131/2151 2280/2136/1857 2273/2129/2149
f 2281/2137/2156 2280/2136/1857 2279/2135/2155
f 2282/2138/2157 2280/2136/1857 2281/2137/2156
f 2280/2136/1857 2282/2138/2157 2273/2129/2149
f 2282/2138/2157 2283/2139/2158 2273/2129/2149
f 2273/2129/2149 2283/2139/2158 2272/2128/2148
f 2272/2128/2148 2283/2139/2158 2284/2140/2159
f 2283/2139/2158 2285/2141/2160 2284/2140/2159
f 2282/2138/2157 2285/2141/2160 2283/2139/2158
f 2286/2142/2161 2285/2141/2160 2282/2138/2157
f 2287/2143/2162 2286/2142/2161 2282/2138/2157
f 2282/2138/2157 2281/2137/2156 2287/2143/2162
f 2284/2140/2159 2285/2141/2160 2288/2144/2163
f 2288/2144/2163 2285/2141/2160 2289/2145/2164
f 2286/2142/2161 2289/2145/2164 2285/2141/2160
f 2288/2144/2163 2289/2145/2164 2137/1993/2014
f 2284/2140/2159 2288/2144/2163 2290/2146/2165
f 2286/2142/2161 2128/1984/2005 2289/2145/2164
f 2128/1984/2005 2286/2142/2161 2287/2143/2162
f 2291/2147/2166 2290/2146/2165 2288/2144/2163
f 2292/2148/2167 2290/2146/2165 2291/2147/2166
f 2292/2148/2167 2284/2140/2159 2290/2146/2165
f 2291/2147/2166 2288/2144/2163 2293/2149/2168
f 2137/1993/2014 2293/2149/2168 2288/2144/2163
f 2291/2147/2166 2293/2149/2168 2294/2150/2169
f 2291/2147/2166 2294/2150/2169 2295/2151/2170
f 2296/2152/2171 2291/2147/2166 2295/2151/2170
f 2292/2148/2167 2291/2147/2166 2296/2152/2171
f 2297/2153/2172 2295/2151/2170 2294/2150/2169
f 2297/2153/2172 2294/2150/2169 2298/2154/2173
f 2298/2154/2173 2294/2150/2169 2138/1994/2015
f 2298/2154/2173 2138/1994/2015 2299/2155/2174
f 2300/2156/2175 2295/2151/2170 2297/2153/2172
f 2300/2156/2175 2301/2157/2176 2295/2151/2170
f 2296/2152/2171 2295/2151/2170 2301/2157/2176
f 2301/2157/2176 2300/2156/2175 2278/2134/2154
f 2223/2079/2099 2278/2134/2154 2300/2156/2175
f 2223/2079/2099 2222/2078/2098 2278/2134/2154
f 2277/2133/2153 2278/2134/2154 2222/2078/2098
f 2277/2133/2153 2222/2078/2098 2302/2158/2177
f 2220/2076/2096 2302/2158/2177 2222/2078/2098
f 2302/2158/2177 2220/2076/2096 2229/2085/2105
f 2303/2159/2178 2302/2158/2177 2229/2085/2105
f 2303/2159/2178 2277/2133/2153 2302/2158/2177
f 2269/2125/2145 2277/2133/2153 2303/2159/2178
f 2304/2160/2179 2303/2159/2178 2229/2085/2105
f 2266/2122/2142 2303/2159/2178 2304/2160/2179
f 2269/2125/2145 2303/2159/2178 2266/2122/2142
f 2304/2160/2179 2229/2085/2105 2228/2084/2104
f 2232/2088/2108 2304/2160/2179 2228/2084/2104
f 2232/2088/2108 2266/2122/2142 2304/2160/2179
f 2175/2031/2052 2223/2079/2099 2300/2156/2175
f 2223/2079/2099 2175/2031/2052 2173/2029/2050
f 2223/2079/2099 2173/2029/2050 2219/2075/2095
f 2219/2075/2095 2173/2029/2050 2171/2027/2048
f 2219/2075/2095 2171/2027/2048 2218/2074/2094
f 2170/2026/2047 2218/2074/2094 2171/2027/2048
f 2268/2124/2144 2266/2122/2142 2232/2088/2108
f 2233/2089/2109 2268/2124/2144 2232/2088/2108
f 2268/2124/2144 2233/2089/2109 2237/2093/2113
f 2268/2124/2144 2237/2093/2113 2267/2123/2143
f 2246/2102/2122 2267/2123/2143 2237/2093/2113
f 2249/2105/2125 2267/2123/2143 2246/2102/2122
f 2249/2105/2125 2264/2120/2140 2267/2123/2143
f 2180/2036/2057 2215/2071/2091 2170/2026/2047
f 2186/2042/2063 2215/2071/2091 2180/2036/2057
f 2186/2042/2063 2212/2068/2088 2215/2071/2091
f 2212/2068/2088 2186/2042/2063 2187/2043/2064
f 2212/2068/2088 2187/2043/2064 2211/2067/2087
f 2211/2067/2087 2187/2043/2064 2191/2047/2068
f 2211/2067/2087 2191/2047/2068 2202/2058/2078
f 2305/2161/2180 2306/2162/2181 2046/1902/1925
f 2047/1903/1926 2046/1902/1925 2306/2162/2181
f 2047/1903/1926 2306/2162/2181 2056/1912/1935
f 2306/2162/2181 2305/2161/2180 2056/1912/1935
f 2056/1912/1935 2305/2161/2180 2169/2025/2046
f 2184/2040/2061 2169/2025/2046 2305/2161/2180
f 2169/2025/2046 2307/2163/2182 2056/1912/1935
f 2169/2025/2046 2167/2023/2044 2307/2163/2182
f 2167/2023/2044 2161/2017/2038 2307/2163/2182
f 2307/2163/2182 2161/2017/2038 2160/2016/2037
f 2307/2163/2182 2160/2016/2037 2054/1910/1933
f 2054/1910/1933 2056/1912/1935 2307/2163/2182
f 2054/1910/1933 2160/2016/2037 2057/1913/1936
f 2160/2016/2037 2062/1918/1941 2057/1913/1936
f 2185/2041/2062 2168/2024/2045 2169/2025/2046
f 2185/2041/2062 2179/2035/2056 2168/2024/2045
f 1846/1702/1731 1863/1719/1746 2308/2164/2183
f 1845/1701/1730 1863/1719/1746 1846/1702/1731
f 1846/1702/1731 2308/2164/2183 2309/2165/1726
f 2309/2165/1726 2308/2164/2183 2310/2166/1726
f 2309/2165/1726 1842/1698/1726 1846/1702/1731
f 2309/2165/1726 1841/1697/1726 1842/1698/1726
f 2311/2167/2184 1841/1697/1726 2309/2165/1726
f 2309/2165/1726 2310/2166/1726 2311/2167/2184
f 2311/2167/2184 1848/1704/1732 1841/1697/1726
f 2312/2168/2185 2313/2169/1995 2314/2170/2186
f 2312/2168/2185 2314/2170/2186 2315/2171/2187
f 2316/2172/2188 2314/2170/2186 2313/2169/1995
f 2316/2172/2188 2313/2169/1995 2317/2173/2189
f 2318/2174/2190 2316/2172/2188 2317/2173/2189
f 2318/2174/2190 2319/2175/2191 2316/2172/2188
f 2318/2174/2190 2320/2176/2192 2319/2175/2191
f 2318/2174/2190 2321/2177/2193 2320/2176/2192
f 2322/2178/2194 2320/2176/2192 2321/2177/2193
f 2322/2178/2194 2323/2179/2195 2320/2176/2192
f 2322/2178/2194 1797/1653/1685 2323/2179/2195
f 1799/1655/1687 2323/2179/2195 1797/1653/1685
f 2322/2178/2194 1798/1654/1686 1797/1653/1685
f 1799/1655/1687 1814/1670/1702 2323/2179/2195
f 2320/2176/2192 2323/2179/2195 1814/1670/1702
f 2315/2171/2187 2324/2180/2196 2312/2168/2185
f 2324/2180/2196 2315/2171/2187 2325/2181/2197
f 2315/2171/2187 2326/2182/2198 2325/2181/2197
f 2312/2168/2185 2324/2180/2196 2327/2183/2199
f 2320/2176/2192 1814/1670/1702 1817/1673/1705
f 1817/1673/1705 2319/2175/2191 2320/2176/2192
f 1817/1673/1705 1818/1674/1706 2319/2175/2191
f 1818/1674/1706 2316/2172/2188 2319/2175/2191
f 1818/1674/1706 1820/1676/1708 2316/2172/2188
f 1830/1686/1690 2316/2172/2188 1820/1676/1708
f 1830/1686/1690 2314/2170/2186 2316/2172/2188
f 1830/1686/1690 2315/2171/2187 2314/2170/2186
f 1830/1686/1690 1834/1690/1721 2315/2171/2187
f 1834/1690/1721 2326/2182/2198 2315/2171/2187
f 1834/1690/1721 2328/2184/2200 2326/2182/2198
f 1835/1691/1722 2328/2184/2200 1834/1690/1721
f 1835/1691/1722 2329/2185/2201 2328/2184/2200
f 2329/2185/2201 1835/1691/1722 1837/1693/1724
f 2329/2185/2201 1837/1693/1724 2330/2186/2184
f 1838/1694/1725 2330/2186/2184 1837/1693/1724
f 2331/2187/2202 2059/1915/1938 2332/2188/2203
f 2332/2188/2203 2333/2189/2204 2331/2187/2202
f 2331/2187/2202 2055/1911/1934 2059/1915/1938
f 2331/2187/2202 2051/1907/1930 2055/1911/1934
f 2332/2188/2203 2334/2190/2205 2333/2189/2204
f 2335/2191/2206 2334/2190/2205 2332/2188/2203
f 2334/2190/2205 2335/2191/2206 2336/2192/2207
f 2331/2187/2202 2333/2189/2204 2337/2193/2208
f 2337/2193/2208 2052/1908/1931 2331/2187/2202
f 2052/1908/1931 2051/1907/1930 2331/2187/2202
f 2064/1920/1943 2335/2191/2206 2332/2188/2203
f 2332/2188/2203 2059/1915/1938 2064/1920/1943
f 2087/1943/1966 2335/2191/2206 2064/1920/1943
f 2335/2191/2206 2087/1943/1966 2338/2194/2209
f 2336/2192/2207 2335/2191/2206 2338/2194/2209
f 2339/2195/2210 2336/2192/2207 2338/2194/2209
f 2065/1921/1944 2087/1943/1966 2064/1920/1943
f 2338/2194/2209 2087/1943/1966 2084/1940/1963
f 2338/2194/2209 2084/1940/1963 2340/2196/2211
f 2339/2195/2210 2338/2194/2209 2340/2196/2211
f 2340/2196/2211 2084/1940/1963 2085/1941/1964
f 1960/1816/1841 1984/1840/1865 2021/1877/1901
f 2021/1877/1901 1811/1667/1699 1960/1816/1841
f 1811/1667/1699 1955/1811/1836 1960/1816/1841
f 1811/1667/1699 1810/1666/1698 1955/1811/1836
f 1810/1666/1698 1805/1661/1693 1955/1811/1836
f 1985/1841/1866 2021/1877/1901 1984/1840/1865
f 1983/1839/1864 1984/1840/1865 1960/1816/1841
f 1983/1839/1864 1960/1816/1841 1958/1814/1839
f 1961/1817/1842 1983/1839/1864 1958/1814/1839
f 1805/1661/1693 1796/1652/1684 1954/1810/1835
f 1954/1810/1835 1796/1652/1684 1795/1651/1683
f 1954/1810/1835 1795/1651/1683 1951/1807/1832
f 2341/2197/2212 2242/2098/2118 2342/2198/2213
f 2342/2198/2213 2242/2098/2118 2241/2097/2117
f 2257/2113/2133 2242/2098/2118 2341/2197/2212
f 2234/2090/2110 2231/2087/2107 2343/2199/2214
f 2230/2086/2106 2343/2199/2214 2231/2087/2107
f 2230/2086/2106 2344/2200/2215 2343/2199/2214
f 2344/2200/2215 2230/2086/2106 2227/2083/2103
f 2344/2200/2215 2227/2083/2103 2345/2201/2216
f 2345/2201/2216 2227/2083/2103 2226/2082/2102
f 2345/2201/2216 2226/2082/2102 2346/2202/2217
f 2346/2202/2217 2226/2082/2102 2208/2064/2084
f 2346/2202/2217 2208/2064/2084 2207/2063/2083
f 2206/2062/2082 2204/2060/2080 2347/2203/2218
f 2348/2204/2219 2205/2061/2081 2199/2055/2075
f 1901/1757/1783 2349/2205/2220 2350/2206/2221
f 1901/1757/1783 2350/2206/2221 1900/1756/1782
f 2349/2205/2220 1901/1757/1783 1902/1758/1784
f 2349/2205/2220 1902/1758/1784 2351/2207/2222
f 2351/2207/2222 1902/1758/1784 1905/1761/1787
f 2351/2207/2222 1905/1761/1787 2352/2208/2223
f 2352/2208/2223 1905/1761/1787 1907/1763/1789
f 2352/2208/2223 1907/1763/1789 2353/2209/2224
f 2353/2209/2224 1907/1763/1789 1909/1765/1791
f 2353/2209/2224 1909/1765/1791 2354/2210/2225
f 2354/2210/2225 1909/1765/1791 1921/1777/1803
f 2354/2210/2225 1921/1777/1803 2355/2211/2226
f 2355/2211/2226 1921/1777/1803 1923/1779/1805
f 2355/2211/2226 1923/1779/1805 2356/2212/2227
f 2089/1945/1968 2090/1946/1969 2357/2213/2228
f 2090/1946/1969 2358/2214/2229 2357/2213/2228
f 2090/1946/1969 2104/1960/1983 2358/2214/2229
f 2358/2214/2229 2104/1960/1983 2123/1979/2001
f 2104/1960/1983 2121/1977/1999 2123/1979/2001
f 2104/1960/1983 2093/1949/1972 2121/1977/1999
f 2119/1975/1997 2121/1977/1999 2093/1949/1972
f 2119/1975/1997 2093/1949/1972 2094/1950/1973
f 2096/1952/1975 2119/1975/1997 2094/1950/1973
f 2096/1952/1975 2120/1976/1998 2119/1975/1997
f 2102/1958/1981 2120/1976/1998 2096/1952/1975
f 2115/1971/1993 2120/1976/1998 2102/1958/1981
f 2272/2128/2148 2284/2140/2159 2292/2148/2167
f 2270/2126/2146 2272/2128/2148 2292/2148/2167
f 2271/2127/2147 2270/2126/2146 2292/2148/2167
f 2271/2127/2147 2292/2148/2167 2296/2152/2171
f 2301/2157/2176 2271/2127/2147 2296/2152/2171
f 2301/2157/2176 2276/2132/2152 2271/2127/2147
f 2278/2134/2154 2276/2132/2152 2301/2157/2176
f 1989/1845/1870 2011/1867/1892 1974/1830/1855
f 1989/1845/1870 1974/1830/1855 1975/1831/1856
f 1978/1834/1859 1974/1830/1855 2011/1867/1892
f 1978/1834/1859 2011/1867/1892 2019/1875/1899
f 2175/2031/2052 2300/2156/2175 2297/2153/2172
f 2297/2153/2172 2176/2032/2053 2175/2031/2052
f 2297/2153/2172 2298/2154/2173 2176/2032/2053
f 2298/2154/2173 2178/2034/2055 2176/2032/2053
f 2298/2154/2173 2299/2155/2174 2178/2034/2055
f 2166/2022/2043 2178/2034/2055 2299/2155/2174
f 2166/2022/2043 2299/2155/2174 2143/1999/2020
f 2142/1998/2019 2166/2022/2043 2143/1999/2020
f 2299/2155/2174 2139/1995/2016 2143/1999/2020
f 2299/2155/2174 2138/1994/2015 2139/1995/2016
f 2136/1992/2013 2138/1994/2015 2294/2150/2169
f 2136/1992/2013 2294/2150/2169 2293/2149/2168
f 2137/1993/2014 2136/1992/2013 2293/2149/2168
f 2137/1993/2014 2289/2145/2164 2130/1986/2007
f 2289/2145/2164 2128/1984/2005 2130/1986/2007
f 2128/1984/2005 2287/2143/2162 2129/1985/2006
f 2359/2215/2184 2360/2216/2230 2361/2217/1736
f 2359/2215/2184 2361/2217/1736 1824/1680/1712
f 2362/2218/2231 2360/2216/2230 2359/2215/2184
f 2362/2218/2231 2363/2219/2232 2360/2216/2230
f 2364/2220/2233 2363/2219/2232 2362/2218/2231
f 2364/2220/2233 2362/2218/2231 2365/2221/2234
f 2366/2222/2235 2364/2220/2233 2365/2221/2234
f 2366/2222/2235 2365/2221/2234 2367/2223/1734
f 2360/2216/2230 1871/1727/1742 2361/2217/1736
f 2360/2216/2230 1872/1728/1754 1871/1727/1742
f 2367/2223/1734 1945/1801/1735 2366/2222/2235
f 2367/2223/1734 2368/2224/1727 1945/1801/1735
f 1945/1801/1735 2368/2224/1727 2026/1882/1905
f 1945/1801/1735 2026/1882/1905 1940/1796/1822
f 2026/1882/1905 1938/1794/1820 1940/1796/1822
f 2026/1882/1905 2025/1881/1904 1938/1794/1820
f 1938/1794/1820 2025/1881/1904 2028/1884/1907
f 1938/1794/1820 2028/1884/1907 1936/1792/1818
f 2028/1884/1907 1935/1791/1817 1936/1792/1818
f 2028/1884/1907 2030/1886/1909 1935/1791/1817
f 1935/1791/1817 2030/1886/1909 2032/1888/1911
f 1935/1791/1817 2032/1888/1911 1933/1789/1815
f 2032/1888/1911 1931/1787/1813 1933/1789/1815
f 2032/1888/1911 2034/1890/1913 1931/1787/1813
f 2034/1890/1913 1930/1786/1812 1931/1787/1813
f 2368/2224/1727 2023/1879/1894 2026/1882/1905
f 2368/2224/1727 1813/1669/1701 2023/1879/1894
f 2367/2223/1734 1813/1669/1701 2368/2224/1727
f 2367/2223/1734 1809/1665/1697 1813/1669/1701
f 2365/2221/2234 1809/1665/1697 2367/2223/1734
f 2365/2221/2234 1807/1663/1695 1809/1665/1697
f 2362/2218/2231 1807/1663/1695 2365/2221/2234
f 2362/2218/2231 1803/1659/1691 1807/1663/1695
f 2359/2215/2184 1803/1659/1691 2362/2218/2231
f 2359/2215/2184 1804/1660/1692 1803/1659/1691
f 1822/1678/1710 1804/1660/1692 2359/2215/2184
f 1822/1678/1710 2359/2215/2184 1824/1680/1712
f 2361/2217/1736 1825/1681/1713 1824/1680/1712
f 2361/2217/1736 1853/1709/1731 1825/1681/1713
f 1854/1710/1737 1853/1709/1731 2361/2217/1736
f 1854/1710/1737 2361/2217/1736 1871/1727/1742
f 1866/1722/1749 1854/1710/1737 1871/1727/1742
f 2366/2222/2235 1945/1801/1735 1944/1800/1826
f 2366/2222/2235 1944/1800/1826 1886/1742/1768
f 1882/1738/1764 2366/2222/2235 1886/1742/1768
f 1882/1738/1764 2364/2220/2233 2366/2222/2235
f 2363/2219/2232 2364/2220/2233 1882/1738/1764
f 2363/2219/2232 1882/1738/1764 1873/1729/1755
f 2360/2216/2230 2363/2219/2232 1873/1729/1755
f 2360/2216/2230 1873/1729/1755 1872/1728/1754
f 1886/1742/1768 1944/1800/1826 1891/1747/1773
f 1851/1707/1735 1850/1706/1734 1829/1685/1717
f 1851/1707/1735 1829/1685/1717 1827/1683/1715
f 1829/1685/1717 1850/1706/1734 1844/1700/1729
f 1829/1685/1717 1844/1700/1729 1833/1689/1720
f 2369/2225/2236 2370/2226/2237 2371/2227/2238
f 2369/2225/2236 2371/2227/2238 2372/2228/2029
f 2373/2229/2239 2371/2227/2238 2370/2226/2237
f 2373/2229/2239 2374/2230/2240 2371/2227/2238
f 2372/2228/2029 2375/2231/2241 2369/2225/2236
f 2372/2228/2029 2376/2232/2242 2375/2231/2241
f 2372/2228/2029 2377/2233/2243 2376/2232/2242
f 2372/2228/2029 2378/2234/2244 2377/2233/2243
f 2378/2234/2244 2379/2235/2245 2377/2233/2243
f 2378/2234/2244 2380/2236/2246 2379/2235/2245
f 2378/2234/2244 2381/2237/2247 2380/2236/2246
f 2378/2234/2244 2382/2238/2248 2381/2237/2247
f 2382/2238/2248 2378/2234/2244 2372/2228/2029
f 2382/2238/2248 2372/2228/2029 2371/2227/2238
f 2382/2238/2248 2383/2239/2249 2381/2237/2247
f 2382/2238/2248 2384/2240/2250 2383/2239/2249
f 2384/2240/2250 2382/2238/2248 2371/2227/2238
f 2384/2240/2250 2371/2227/2238 2374/2230/2240
f 2380/2236/2246 2381/2237/2247 2385/2241/2251
f 2380/2236/2246 2385/2241/2251 2386/2242/2252
f 2381/2237/2247 2383/2239/2249 2387/2243/2253
f 2381/2237/2247 2387/2243/2253 2385/2241/2251
f 2385/2241/2251 2387/2243/2253 2388/2244/2254
f 2385/2241/2251 2388/2244/2254 2389/2245/2255
f 2389/2245/2255 2386/2242/2252 2385/2241/2251
f 2390/2246/2256 2379/2235/2245 2380/2236/2246
f 2390/2246/2256 2380/2236/2246 2386/2242/2252
f 2386/2242/2252 2391/2247/2257 2390/2246/2256
f 2386/2242/2252 2392/2248/2258 2391/2247/2257
f 2389/2245/2255 2392/2248/2258 2386/2242/2252
f 2393/2249/2259 2392/2248/2258 2389/2245/2255
f 2393/2249/2259 2394/2250/2260 2392/2248/2258
f 2394/2250/2260 2393/2249/2259 2395/2251/2261
f 2394/2250/2260 2395/2251/2261 2396/2252/2262
f 2397/2253/2263 2394/2250/2260 2396/2252/2262
f 2397/2253/2263 2391/2247/2257 2392/2248/2258
f 2397/2253/2263 2392/2248/2258 2394/2250/2260
f 2397/2253/2263 2396/2252/2262 2398/2254/2264
f 2396/2252/2262 2395/2251/2261 2399/2255/2265
f 2400/2256/2266 2399/2255/2265 2395/2251/2261
f 2400/2256/2266 2395/2251/2261 2401/2257/2267
f 2401/2257/2267 2395/2251/2261 2393/2249/2259
f 2396/2252/2262 2399/2255/2265 2402/2258/2268
f 2399/2255/2265 2403/2259/2269 2402/2258/2268
f 2399/2255/2265 2404/2260/2270 2403/2259/2269
f 2405/2261/2271 2402/2258/2268 2403/2259/2269
f 2405/2261/2271 2398/2254/2264 2396/2252/2262
f 2405/2261/2271 2396/2252/2262 2402/2258/2268
f 2405/2261/2271 2403/2259/2269 2406/2262/2272
f 2401/2257/2267 2393/2249/2259 2407/2263/2273
f 2403/2259/2269 2404/2260/2270 2408/2264/2274
f 2409/2265/2275 2408/2264/2274 2404/2260/2270
f 2409/2265/2275 2410/2266/2276 2408/2264/2274
f 2410/2266/2276 2411/2267/2277 2408/2264/2274
f 2403/2259/2269 2408/2264/2274 2411/2267/2277
f 2410/2266/2276 2412/2268/2278 2411/2267/2277
f 2409/2265/2275 2413/2269/2279 2410/2266/2276
f 2409/2265/2275 2404/2260/2270 2414/2270/1796
f 2414/2270/1796 2404/2260/2270 2399/2255/2265
f 2414/2270/1796 2399/2255/2265 2400/2256/2266
f 2415/2271/2280 2411/2267/2277 2412/2268/2278
f 2412/2268/2278 2416/2272/2281 2415/2271/2280
f 2412/2268/2278 2417/2273/2282 2416/2272/2281
f 2415/2271/2280 2418/2274/2283 2411/2267/2277
f 2418/2274/2283 2406/2262/2272 2403/2259/2269
f 2418/2274/2283 2403/2259/2269 2411/2267/2277
f 2419/2275/2284 2417/2273/2282 2412/2268/2278
f 2419/2275/2284 2412/2268/2278 2410/2266/2276
f 2413/2269/2279 2419/2275/2284 2410/2266/2276
f 2420/2276/2285 2417/2273/2282 2419/2275/2284
f 2420/2276/2285 2421/2277/2286 2417/2273/2282
f 2421/2277/2286 2420/2276/2285 2422/2278/2287
f 2421/2277/2286 2422/2278/2287 2423/2279/2288
f 2424/2280/2289 2422/2278/2287 2420/2276/2285
f 2424/2280/2289 2420/2276/2285 2419/2275/2284
f 2424/2280/2289 2425/2281/2290 2422/2278/2287
f 2424/2280/2289 2419/2275/2284 2426/2282/2291
f 2413/2269/2279 2426/2282/2291 2419/2275/2284
f 2427/2283/2292 2416/2272/2281 2417/2273/2282
f 2427/2283/2292 2417/2273/2282 2421/2277/2286
f 2423/2279/2288 2427/2283/2292 2421/2277/2286
f 2423/2279/2288 2422/2278/2287 2428/2284/2293
f 2428/2284/2293 2422/2278/2287 2425/2281/2290
f 2423/2279/2288 2428/2284/2293 2429/2285/2294
f 2429/2285/2294 2430/2286/2295 2423/2279/2288
f 2423/2279/2288 2430/2286/2295 2427/2283/2292
f 2429/2285/2294 2431/2287/2296 2430/2286/2295
f 2429/2285/2294 2428/2284/2293 2432/2288/2297
f 2429/2285/2294 2432/2288/2297 2433/2289/2298
f 2431/2287/2296 2429/2285/2294 2433/2289/2298
f 2433/2289/2298 2432/2288/2297 2434/2290/2299
f 2433/2289/2298 2434/2290/2299 2435/2291/2300
f 2435/2291/2300 2434/2290/2299 2436/2292/2301
f 2435/2291/2300 2436/2292/2301 2437/2293/2302
f 2437/2293/2302 2436/2292/2301 2438/2294/2303
f 2437/2293/2302 2438/2294/2303 2439/2295/2304
f 2440/2296/2305 2438/2294/2303 2436/2292/2301
f 2440/2296/2305 2436/2292/2301 2441/2297/1780
f 2439/2295/2304 2442/2298/2306 2437/2293/2302
f 2442/2298/2306 2435/2291/2300 2437/2293/2302
f 2439/2295/2304 2443/2299/2307 2442/2298/2306
f 2444/2300/2308 2441/2297/1780 2436/2292/2301
f 2444/2300/2308 2436/2292/2301 2434/2290/2299
f 2445/2301/2309 2444/2300/2308 2434/2290/2299
f 2445/2301/2309 2434/2290/2299 2432/2288/2297
f 2446/2302/2310 2433/2289/2298 2435/2291/2300
f 2431/2287/2296 2433/2289/2298 2446/2302/2310
f 2446/2302/2310 2435/2291/2300 2447/2303/2311
f 2442/2298/2306 2447/2303/2311 2435/2291/2300
f 2432/2288/2297 2448/2304/2312 2445/2301/2309
f 2432/2288/2297 2428/2284/2293 2448/2304/2312
f 2428/2284/2293 2425/2281/2290 2448/2304/2312
f 2449/2305/2313 2450/2306/2314 2451/2307/2315
f 2449/2305/2313 2451/2307/2315 2452/2308/2316
f 2453/2309/2317 2452/2308/2316 2451/2307/2315
f 2453/2309/2317 2454/2310/2318 2452/2308/2316
f 2455/2311/2319 2450/2306/2314 2449/2305/2313
f 2455/2311/2319 2456/2312/2320 2450/2306/2314
f 2456/2312/2320 2457/2313/2321 2450/2306/2314
f 2457/2313/2321 2451/2307/2315 2450/2306/2314
f 2456/2312/2320 2458/2314/2322 2457/2313/2321
f 2457/2313/2321 2459/2315/2323 2451/2307/2315
f 2459/2315/2323 2453/2309/2317 2451/2307/2315
f 2460/2316/2324 2459/2315/2323 2457/2313/2321
f 2460/2316/2324 2457/2313/2321 2458/2314/2322
f 2460/2316/2324 2461/2317/2325 2459/2315/2323
f 2462/2318/2326 2461/2317/2325 2460/2316/2324
f 2462/2318/2326 2463/2319/2327 2461/2317/2325
f 2461/2317/2325 2464/2320/2328 2459/2315/2323
f 2459/2315/2323 2464/2320/2328 2453/2309/2317
f 2461/2317/2325 2465/2321/2328 2464/2320/2328
f 2466/2322/2329 2465/2321/2328 2461/2317/2325
f 2466/2322/2329 2461/2317/2325 2463/2319/2327
f 2467/2323/2330 2462/2318/2326 2460/2316/2324
f 2460/2316/2324 2458/2314/2322 2467/2323/2330
f 2467/2323/2330 2468/2324/2331 2462/2318/2326
f 2462/2318/2326 2468/2324/2331 2469/2325/2320
f 2462/2318/2326 2469/2325/2320 2470/2326/2332
f 2462/2318/2326 2470/2326/2332 2471/2327/2333
f 2462/2318/2326 2471/2327/2333 2463/2319/2327
f 2470/2326/2332 2472/2328/2334 2471/2327/2333
f 2470/2326/2332 2473/2329/2335 2472/2328/2334
f 2474/2330/1848 2471/2327/2333 2472/2328/2334
f 2474/2330/1848 2475/2331/2336 2471/2327/2333
f 2463/2319/2327 2471/2327/2333 2475/2331/2336
f 2463/2319/2327 2475/2331/2336 2466/2322/2329
f 2473/2329/2335 2476/2332/2337 2472/2328/2334
f 2476/2332/2337 2474/2330/1848 2472/2328/2334
f 2473/2329/2335 2477/2333/2338 2476/2332/2337
f 2478/2334/2339 2476/2332/2337 2477/2333/2338
f 2478/2334/2339 2479/2335/2340 2476/2332/2337
f 2479/2335/2340 2480/2336/2341 2476/2332/2337
f 2476/2332/2337 2480/2336/2341 2474/2330/1848
f 2479/2335/2340 2481/2337/2342 2480/2336/2341
f 2473/2329/2335 2482/2338/2343 2477/2333/2338
f 2473/2329/2335 2483/2339/2344 2482/2338/2343
f 2470/2326/2332 2469/2325/2320 2483/2339/2344
f 2470/2326/2332 2483/2339/2344 2473/2329/2335
f 2484/2340/2345 2479/2335/2340 2478/2334/2339
f 2478/2334/2339 2485/2341/2346 2484/2340/2345
f 2478/2334/2339 2486/2342/2347 2485/2341/2346
f 2477/2333/2338 2482/2338/2343 2486/2342/2347
f 2477/2333/2338 2486/2342/2347 2478/2334/2339
f 2484/2340/2345 2487/2343/2348 2479/2335/2340
f 2487/2343/2348 2481/2337/2342 2479/2335/2340
f 2488/2344/2349 2487/2343/2348 2484/2340/2345
f 2488/2344/2349 2489/2345/2350 2487/2343/2348
f 2489/2345/2350 2488/2344/2349 2490/2346/2351
f 2489/2345/2350 2490/2346/2351 2491/2347/2352
f 2492/2348/2353 2487/2343/2348 2489/2345/2350
f 2492/2348/2353 2493/2349/2354 2487/2343/2348
f 2487/2343/2348 2493/2349/2354 2481/2337/2342
f 2488/2344/2349 2494/2350/2355 2490/2346/2351
f 2488/2344/2349 2495/2351/2356 2494/2350/2355
f 2484/2340/2345 2485/2341/2346 2495/2351/2356
f 2484/2340/2345 2495/2351/2356 2488/2344/2349
f 2491/2347/2352 2490/2346/2351 2496/2352/2357
f 2491/2347/2352 2496/2352/2357 2497/2353/2358
f 2496/2352/2357 2498/2354/2359 2497/2353/2358
f 2496/2352/2357 2499/2355/2360 2498/2354/2359
f 2500/2356/2361 2491/2347/2352 2497/2353/2358
f 2498/2354/2359 2500/2356/2361 2497/2353/2358
f 2500/2356/2361 2501/2357/2362 2491/2347/2352
f 2489/2345/2350 2491/2347/2352 2501/2357/2362
f 2489/2345/2350 2501/2357/2362 2492/2348/2353
f 2502/2358/2363 2499/2355/2360 2496/2352/2357
f 2490/2346/2351 2494/2350/2355 2502/2358/2363
f 2490/2346/2351 2502/2358/2363 2496/2352/2357
f 2502/2358/2363 2503/2359/2364 2499/2355/2360
f 2504/2360/2365 2498/2354/2359 2499/2355/2360
f 2505/2361/2366 2498/2354/2359 2504/2360/2365
f 2505/2361/2366 2506/2362/2367 2498/2354/2359
f 2498/2354/2359 2506/2362/2367 2500/2356/2361
f 2504/2360/2365 2499/2355/2360 2507/2363/2368
f 2499/2355/2360 2503/2359/2364 2508/2364/2369
f 2499/2355/2360 2508/2364/2369 2507/2363/2368
f 2508/2364/2369 2509/2365/2370 2507/2363/2368
f 2508/2364/2369 2510/2366/2371 2509/2365/2370
f 2507/2363/2368 2509/2365/2370 2511/2367/2372
f 2507/2363/2368 2511/2367/2372 2504/2360/2365
f 2511/2367/2372 2505/2361/2366 2504/2360/2365
f 2512/2368/2373 2511/2367/2372 2509/2365/2370
f 2512/2368/2373 2509/2365/2370 2513/2369/2374
f 2513/2369/2374 2509/2365/2370 2510/2366/2371
f 2513/2369/2374 2514/2370/2375 2512/2368/2373
f 2513/2369/2374 2515/2371/2376 2514/2370/2375
f 2515/2371/2376 2516/2372/2377 2514/2370/2375
f 2515/2371/2376 2517/2373/2378 2516/2372/2377
f 2517/2373/2378 2518/2374/2379 2516/2372/2377
f 2517/2373/2378 2519/2375/2380 2518/2374/2379
f 2519/2375/2380 2520/2376/2381 2518/2374/2379
f 2519/2375/2380 2521/2377/2382 2520/2376/2381
f 2512/2368/2373 2522/2378/2383 2511/2367/2372
f 2512/2368/2373 2523/2379/2384 2522/2378/2383
f 2524/2380/2385 2514/2370/2375 2516/2372/2377
f 2524/2380/2385 2525/2381/2386 2514/2370/2375
f 2525/2381/2386 2523/2379/2384 2512/2368/2373
f 2525/2381/2386 2512/2368/2373 2514/2370/2375
f 2526/2382/2387 2524/2380/2385 2516/2372/2377
f 2526/2382/2387 2516/2372/2377 2518/2374/2379
f 2527/2383/2388 2526/2382/2387 2518/2374/2379
f 2527/2383/2388 2518/2374/2379 2520/2376/2381
f 2528/2384/2389 2515/2371/2376 2513/2369/2374
f 2528/2384/2389 2529/2385/2390 2515/2371/2376
f 2529/2385/2390 2517/2373/2378 2515/2371/2376
f 2530/2386/2391 2519/2375/2380 2517/2373/2378
f 2529/2385/2390 2530/2386/2391 2517/2373/2378
f 2530/2386/2391 2531/2387/2392 2519/2375/2380
f 2531/2387/2392 2521/2377/2382 2519/2375/2380
f 2531/2387/2392 2532/2388/2393 2521/2377/2382
f 2511/2367/2372 2522/2378/2383 2505/2361/2366
f 2513/2369/2374 2510/2366/2371 2528/2384/2389
f 1991/1847/1872 2533/2389/2394 2001/1857/1882
f 2534/2390/2395 2535/2391/2396 2536/2392/2397
f 2534/2390/2395 2536/2392/2397 2537/2393/2398
f 2537/2393/2398 2536/2392/2397 2538/2394/2399
f 2537/2393/2398 2538/2394/2399 2539/2395/2400
f 2535/2391/2396 2534/2390/2395 2540/2396/2401
f 2535/2391/2396 2540/2396/2401 2541/2397/2402
f 2535/2391/2396 2541/2397/2402 2542/2398/2403
f 2543/2399/2404 2541/2397/2402 2540/2396/2401
f 2543/2399/2404 2544/2400/2405 2541/2397/2402
f 2545/2401/2406 2544/2400/2405 2543/2399/2404
f 2545/2401/2406 2546/2402/2407 2544/2400/2405
f 2546/2402/2407 2545/2401/2406 2547/2403/2408
f 2547/2403/2408 2545/2401/2406 2548/2404/2409
f 2547/2403/2408 2548/2404/2409 2549/2405/2410
f 2547/2403/2408 2549/2405/2410 2550/2406/2411
f 2550/2406/2411 2549/2405/2410 2551/2407/2412
f 2550/2406/2411 2551/2407/2412 2552/2408/2413
f 2552/2408/2413 2551/2407/2412 2553/2409/2414
f 2552/2408/2413 2553/2409/2414 2554/2410/2415
f 2552/2408/2413 2554/2410/2415 2555/2411/2416
f 2556/2412/2417 2555/2411/2416 2554/2410/2415
f 2556/2412/2417 2557/2413/2418 2555/2411/2416
f 2558/2414/2419 2557/2413/2418 2556/2412/2417
f 2558/2414/2419 2559/2415/2420 2557/2413/2418
f 2559/2415/2420 2558/2414/2419 2560/2416/2421
f 2561/2417/2422 2560/2416/2421 2558/2414/2419
f 2562/2418/2423 2560/2416/2421 2561/2417/2422
f 2563/2419/2424 2562/2418/2423 2561/2417/2422
f 2563/2419/2424 2564/2420/2425 2562/2418/2423
f 2565/2421/2426 2564/2420/2425 2563/2419/2424
f 2565/2421/2426 2566/2422/2427 2564/2420/2425
f 2567/2423/2428 2566/2422/2427 2565/2421/2426
f 2567/2423/2428 2568/2424/2429 2566/2422/2427
f 2568/2424/2429 2567/2423/2428 2569/2425/2430
f 2570/2426/2431 2569/2425/2430 2567/2423/2428
f 2570/2426/2431 2571/2427/2432 2569/2425/2430
f 2571/2427/2432 2570/2426/2431 2572/2428/2433
f 2573/2429/2434 2560/2416/2421 2562/2418/2423
f 2573/2429/2434 2562/2418/2423 2574/2430/2434
f 2575/2431/2435 2576/2432/2436 2539/2395/2400
f 2577/2433/2437 2576/2432/2436 2575/2431/2435
f 2576/2432/2436 2577/2433/2437 2578/2434/2438
f 2576/2432/2436 2578/2434/2438 2579/2435/2439
f 2580/2436/2440 2579/2435/2439 2578/2434/2438
f 2575/2431/2435 2539/2395/2400 2538/2394/2399
f 2581/2437/2440 2582/2438/2441 2583/2439/2442
f 2584/2440/2443 2582/2438/2441 2581/2437/2440
f 2584/2440/2443 2585/2441/2444 2582/2438/2441
f 2586/2442/2445 2585/2441/2444 2584/2440/2443
f 2587/2443/2446 2585/2441/2444 2586/2442/2445
f 2587/2443/2446 2586/2442/2445 2588/2444/2447
f 2589/2445/2448 2587/2443/2446 2588/2444/2447
f 2589/2445/2448 2590/2446/2449 2587/2443/2446
f 2586/2442/2445 2591/2447/2450 2588/2444/2447
f 2586/2442/2445 2592/2448/2450 2591/2447/2450
f 2593/2449/2451 2591/2447/2450 2592/2448/2450
f 2593/2449/2451 2594/2450/2451 2591/2447/2450
f 2589/2445/2448 2595/2451/2452 2590/2446/2449
f 2596/2452/2453 2595/2451/2452 2589/2445/2448
f 2597/2453/2454 2595/2451/2452 2596/2452/2453
f 2597/2453/2454 2598/2454/2455 2595/2451/2452
f 2599/2455/2456 2598/2454/2455 2597/2453/2454
f 2599/2455/2456 2600/2456/2457 2598/2454/2455
f 2601/2457/2458 2600/2456/2457 2599/2455/2456
f 2601/2457/2458 2602/2458/2459 2600/2456/2457
f 2603/2459/2460 2602/2458/2459 2601/2457/2458
f 2603/2459/2460 2604/2460/2461 2602/2458/2459
f 2605/2461/2462 2604/2460/2461 2603/2459/2460
f 2606/2462/2463 2604/2460/2461 2605/2461/2462
f 2606/2462/2463 2607/2463/2464 2604/2460/2461
f 2608/2464/2465 2607/2463/2464 2606/2462/2463
f 2609/2465/2466 2606/2462/2463 2605/2461/2462
f 2609/2465/2466 2610/2466/2466 2606/2462/2463
f 2611/2467/2467 2610/2466/2466 2609/2465/2466
f 2611/2467/2467 2609/2465/2466 2612/2468/2467
f 2613/2469/2468 2607/2463/2464 2608/2464/2465
f 2613/2469/2468 2614/2470/2469 2607/2463/2464
f 2615/2471/2470 2614/2470/2469 2613/2469/2468
f 2614/2470/2469 2615/2471/2470 2616/2472/2471
f 2614/2470/2469 2616/2472/2471 2617/2473/2472
f 2551/2407/2412 2549/2405/2410 2618/2474/2473
f 2619/2475/2474 2620/2476/2474 2535/2391/2396
f 2619/2475/2474 2535/2391/2396 2542/2398/2403
f 2621/2477/2475 2622/2478/2476 2623/2479/2477
f 2622/2478/2476 2624/2480/2478 2623/2479/2477
f 2621/2477/2475 2623/2479/2477 2625/2481/2479
f 2626/2482/2480 2623/2479/2477 2624/2480/2478
f 2627/2483/2481 2623/2479/2477 2626/2482/2480
f 2628/2484/2482 2623/2479/2477 2627/2483/2481
f 2629/2485/2483 2623/2479/2477 2628/2484/2482
f 2625/2481/2479 2623/2479/2477 2630/2486/2484
f 2631/2487/2485 2623/2479/2477 2629/2485/2483
f 2632/2488/2486 2623/2479/2477 2631/2487/2485
f 2630/2486/2484 2623/2479/2477 2633/2489/2487
f 2633/2489/2487 2623/2479/2477 2632/2488/2486
f 1858/1714/1741 2634/2490/2488 1864/1720/1747
f 1858/1714/1741 2635/2491/2489 2634/2490/2488
f 1858/1714/1741 1860/1716/1743 2635/2491/2489
f 1987/1843/1868 1972/1828/1853 1973/1829/1854
f 2636/1698/2490 2637/1692/2491 2638/1694/2492
f 2636/1698/2490 2638/1694/2492 2639/1697/2493
f 2636/1698/2490 2639/1697/2493 2640/2164/2494
f 2636/1698/2490 2640/2164/2494 2641/1719/2495
f 2636/1698/2490 2642/1689/2496 2637/1692/2491
f 2636/1698/2490 2643/1699/2497 2642/1689/2496
f 2643/1699/2497 2636/1698/2490 2641/1719/2495
f 2643/1699/2497 2641/1719/2495 2644/1718/2498
f 2641/1719/2495 2645/1720/2499 2644/1718/2498
f 2638/1694/2492 2646/1703/2500 2639/1697/2493
f 2647/1705/2501 2642/1689/2496 2643/1699/2497
f 2647/1705/2501 2643/1699/2497 2644/1718/2498
f 2647/1705/2501 2648/1685/2502 2642/1689/2496
f 2642/1689/2496 2648/1685/2502 2649/1677/2503
f 2648/1685/2502 2650/1675/2504 2649/1677/2503
f 2650/1675/2504 2651/2172/2505 2649/1677/2503
f 2650/1675/2504 2652/2175/2506 2651/2172/2505
f 2648/1685/2502 2653/1683/2507 2650/1675/2504
f 2654/1672/2487 2652/2175/2506 2650/1675/2504
f 2654/1672/2487 2655/2176/2486 2652/2175/2506
f 2656/1681/2508 2654/1672/2487 2650/1675/2504
f 2656/1681/2508 2650/1675/2504 2653/1683/2507
f 2657/1708/2509 2656/1681/2508 2653/1683/2507
f 2648/1685/2502 2647/1705/2501 2657/1708/2509
f 2648/1685/2502 2657/1708/2509 2653/1683/2507
f 2658/1714/2510 2657/1708/2509 2647/1705/2501
f 2647/1705/2501 2644/1718/2498 2658/1714/2510
f 2658/1714/2510 2644/1718/2498 2645/1720/2499
f 2658/1714/2510 2659/1713/2511 2657/1708/2509
f 2657/1708/2509 2660/1710/2479 2656/1681/2508
f 2660/1710/2479 2657/1708/2509 2659/1713/2511
f 2660/1710/2479 2659/1713/2511 2661/1721/2512
f 2658/1714/2510 2662/1716/2513 2659/1713/2511
f 2659/1713/2511 2662/1716/2513 2663/1717/2514
f 2661/1721/2512 2659/1713/2511 2663/1717/2514
f 2664/1723/2515 2661/1721/2512 2663/1717/2514
f 2655/2176/2486 2665/2492/2516 2652/2175/2506
f 2665/2492/2516 2651/2172/2505 2652/2175/2506
f 2655/2176/2486 2666/2493/2517 2665/2492/2516
f 2651/2172/2505 2665/2492/2516 2667/2169/2518
f 2658/1714/2510 2668/2491/2519 2662/1716/2513
f 2658/1714/2510 2669/2490/2520 2668/2491/2519
f 2658/1714/2510 2645/1720/2499 2669/2490/2520
f 2670/2494/2521 2671/2170/2522 2667/2169/2518
f 2672/2168/2523 2670/2494/2521 2667/2169/2518
f 2670/2494/2521 2672/2168/2523 2673/2183/2524
f 2670/2494/2521 2673/2183/2524 2674/2495/2525
f 2651/2172/2505 2667/2169/2518 2671/2170/2522
f 2675/1687/2526 2651/2172/2505 2671/2170/2522
f 2675/1687/2526 2649/1677/2503 2651/2172/2505
f 2642/1689/2496 2649/1677/2503 2675/1687/2526
f 2676/1691/2527 2642/1689/2496 2675/1687/2526
f 2676/1691/2527 2675/1687/2526 2677/1690/2528
f 2675/1687/2526 2671/2170/2522 2677/1690/2528
f 2676/1691/2527 2637/1692/2491 2642/1689/2496
f 2676/1691/2527 2677/1690/2528 2678/2184/2529
f 2676/1691/2527 2678/2184/2529 2679/2185/2530
f 2679/2185/2530 2680/2186/1967 2676/1691/2527
f 2637/1692/2491 2676/1691/2527 2680/2186/1967
f 2638/1694/2492 2637/1692/2491 2680/2186/1967
f 2677/1690/2528 2681/2182/2531 2678/2184/2529
f 2677/1690/2528 2682/2171/2532 2681/2182/2531
f 2682/2171/2532 2683/2181/2533 2681/2182/2531
f 2684/2180/2534 2683/2181/2533 2682/2171/2532
f 2682/2171/2532 2670/2494/2521 2684/2180/2534
f 2670/2494/2521 2674/2495/2525 2684/2180/2534
f 2671/2170/2522 2682/2171/2532 2677/1690/2528
f 2670/2494/2521 2682/2171/2532 2671/2170/2522
f 2639/1697/2493 2685/2167/1954 2686/2166/2494
f 2685/2167/1954 2639/1697/2493 2687/1704/2535
f 2646/1703/2500 2687/1704/2535 2639/1697/2493
f 2639/1697/2493 2686/2166/2494 2640/2164/2494
f 2688/1911/2478 2689/1915/2536 2690/1919/2537
f 2688/1911/2478 2690/1919/2537 2691/1917/2538
f 2692/1924/2539 2691/1917/2538 2690/1919/2537
f 2692/1924/2539 2693/1925/2540 2691/1917/2538
f 2690/1919/2537 2689/1915/2536 2694/1920/2541
f 2690/1919/2537 2694/1920/2541 2695/1926/2542
f 2692/1924/2539 2690/1919/2537 2695/1926/2542
f 2692/1924/2539 2695/1926/2542 2696/1928/1726
f 2697/1943/2543 2695/1926/2542 2694/1920/2541
f 2697/1943/2543 2698/1929/2544 2695/1926/2542
f 2696/1928/1726 2695/1926/2542 2698/1929/2544
f 2696/1928/1726 2698/1929/2544 2699/1931/2545
f 2700/1940/2546 2698/1929/2544 2697/1943/2543
f 2700/1940/2546 2701/1932/2547 2698/1929/2544
f 2699/1931/2545 2698/1929/2544 2701/1932/2547
f 2699/1931/2545 2701/1932/2547 2702/1934/1816
f 2689/1915/2536 2703/2189/2548 2694/1920/2541
f 2689/1915/2536 2704/2193/2549 2703/2189/2548
f 2705/2190/2550 2697/1943/2543 2694/1920/2541
f 2705/2190/2550 2694/1920/2541 2703/2189/2548
f 2697/1943/2543 2705/2190/2550 2706/2192/2551
f 2697/1943/2543 2706/2192/2551 2707/2194/1693
f 2707/2194/1693 2700/1940/2546 2697/1943/2543
f 2707/2194/1693 2708/2196/2552 2700/1940/2546
f 2700/1940/2546 2709/1938/2553 2701/1932/2547
f 2701/1932/2547 2710/1936/2554 2702/1934/1816
f 2711/1937/1724 2702/1934/1816 2710/1936/2554
f 2712/2195/2555 2707/2194/1693 2706/2192/2551
f 2712/2195/2555 2708/2196/2552 2707/2194/1693
f 2702/1934/1816 2713/1948/2556 2699/1931/2545
f 2699/1931/2545 2713/1948/2556 2714/1951/2557
f 2715/1975/2558 2714/1951/2557 2713/1948/2556
f 2714/1951/2557 2715/1975/2558 2716/1976/2559
f 2714/1951/2557 2716/1976/2559 2717/1953/2560
f 2718/1955/2561 2717/1953/2560 2716/1976/2559
f 2718/1955/2561 2716/1976/2559 2719/1958/2562
f 2720/1972/2563 2716/1976/2559 2715/1975/2558
f 2720/1972/2563 2719/1958/2562 2716/1976/2559
f 2720/1972/2563 2715/1975/2558 2721/1973/2564
f 2715/1975/2558 2713/1948/2556 2722/1977/2565
f 2721/1973/2564 2715/1975/2558 2722/1977/2565
f 2721/1973/2564 2722/1977/2565 2723/1981/2566
f 2722/1977/2565 2713/1948/2556 2724/1946/2567
f 2722/1977/2565 2724/1946/2567 2725/1960/2568
f 2723/1981/2566 2722/1977/2565 2726/1979/2569
f 2725/1960/2568 2726/1979/2569 2722/1977/2565
f 2723/1981/2566 2726/1979/2569 2727/1982/2570
f 2720/1972/2563 2728/1965/2571 2719/1958/2562
f 2717/1953/2560 2718/1955/2561 2693/1925/2540
f 2717/1953/2560 2693/1925/2540 2692/1924/2539
f 2696/1928/1726 2717/1953/2560 2692/1924/2539
f 2696/1928/1726 2714/1951/2557 2717/1953/2560
f 2699/1931/2545 2714/1951/2557 2696/1928/1726
f 2724/1946/2567 2729/2214/2572 2725/1960/2568
f 2729/2214/2572 2726/1979/2569 2725/1960/2568
f 2724/1946/2567 2730/2213/2573 2729/2214/2572
f 2731/1945/2574 2730/2213/2573 2724/1946/2567
f 2731/1945/2574 2724/1946/2567 2702/1934/1816
f 2702/1934/1816 2724/1946/2567 2713/1948/2556
f 2731/1945/2574 2702/1934/1816 2711/1937/1724
f 2732/2496/2575 2688/1911/2478 2733/1906/2576
f 2688/1911/2478 2732/2496/2575 2689/1915/2536
f 2689/1915/2536 2732/2496/2575 2704/2193/2549
f 2700/1940/2546 2734/1941/2577 2709/1938/2553
f 2708/2196/2552 2734/1941/2577 2700/1940/2546
f 2709/1938/2553 2735/1935/2578 2701/1932/2547
f 2701/1932/2547 2735/1935/2578 2710/1936/2554
f 2224/2080/2100 2221/2077/2097 2210/2066/2086
f 2389/2245/2255 2388/2244/2254 2407/2263/2273
f 2389/2245/2255 2407/2263/2273 2393/2249/2259
o bottom
v -0.644527 4.955945 -0.143258
v -0.603044 5.081116 -0.115597
v -0.525598 5.097213 -0.240583
v -0.573372 4.971944 -0.274282
v -0.686267 4.934602 -0.000084
v -0.644527 5.059774 0.027582
v -0.442375 4.969748 -0.411043
v -0.400887 5.101719 -0.335707
v -0.692301 4.850945 -0.010809
v -0.662383 4.848660 -0.153101
v -0.603044 4.840237 -0.301837
v -0.489898 4.790397 -0.461475
v -0.317664 4.800620 -0.545124
v -0.281958 4.968795 -0.470374
v -0.121290 4.812685 -0.545318
v -0.305597 4.645489 -0.590412
v -0.115256 4.645489 -0.590412
v 0.009455 4.652197 -0.548775
v 0.009455 4.515722 -0.528479
v 0.140452 4.651721 -0.578443
v 0.134418 4.812782 -0.539284
v 0.330535 4.824951 -0.533445
v 0.354425 4.657754 -0.578540
v 0.217641 4.502985 -0.570020
v 0.134418 4.502985 -0.570020
v 0.509054 4.790582 -0.449911
v 0.491204 4.838040 -0.438604
v 0.592283 4.846270 -0.301934
v 0.449464 4.975375 -0.405099
v 0.574427 4.971944 -0.274282
v 0.532944 5.097213 -0.240583
v 0.414015 5.101623 -0.341745
v 0.300869 4.968893 -0.464341
v 0.277231 5.100856 -0.389507
v 0.122602 4.968795 -0.470374
v 0.104746 5.100767 -0.395043
v 0.651873 4.962074 -0.137321
v 0.610133 5.087149 -0.115694
v 0.687327 4.934699 0.005950
v 0.645839 5.065813 0.027485
v 0.009455 4.963045 -0.452681
v 0.009455 5.100953 -0.383474
v -0.091623 5.100767 -0.395043
v -0.109473 4.968795 -0.470374
v -0.264108 5.106894 -0.389604
v 0.693361 4.850945 -0.010809
v 0.669723 4.860815 -0.147770
v 0.009455 4.813065 -0.521688
v -0.638745 4.908283 0.208557
v -0.585188 5.045141 0.212394
v -0.644527 5.059774 0.027582
v -0.686267 4.934602 -0.000084
v -0.692301 4.850945 -0.010809
v -0.650561 4.818586 0.197922
v -0.507748 4.874398 0.322262
v -0.519816 4.779178 0.311722
v -0.359147 4.839461 0.370094
v -0.329481 4.988076 0.385817
v -0.472042 5.022438 0.301775
v -0.150962 4.971530 0.451464
v -0.156996 4.804624 0.424468
v 0.009455 4.959649 0.463221
v 0.009455 4.798777 0.436134
v 0.140452 4.804713 0.429999
v 0.134418 4.971627 0.457497
v 0.336569 4.839655 0.382166
v 0.312685 4.994109 0.385720
v 0.503020 4.880431 0.322165
v 0.467320 5.017096 0.313936
v 0.592283 5.045141 0.212394
v 0.634017 4.908283 0.208557
v 0.687327 4.934699 0.005950
v 0.645839 5.065813 0.027485
v 0.360459 4.708348 0.348564
v 0.104746 4.625458 0.385606
v 0.247313 4.571207 0.327131
v 0.009455 4.625555 0.391639
v 0.080862 4.446009 0.329141
v 0.009455 4.440065 0.334769
v 0.657655 4.824522 0.191792
v 0.693361 4.850945 -0.010809
v 0.526910 4.784708 0.311633
v -0.085589 4.445912 0.323108
v -0.061951 4.320251 0.265271
v 0.009455 4.314223 0.265368
v -0.115256 4.325910 0.241545
v -0.168812 4.445339 0.287407
v -0.121290 4.625361 0.379573
v -0.377003 4.696088 0.336692
v -0.246258 4.576641 0.321009
v 0.009455 4.224085 0.195903
v -0.079555 4.223892 0.183837
v 0.009455 4.156234 0.042092
v 0.080862 4.229925 0.183740
v 0.063011 4.162267 0.041995
v 0.074828 4.314223 0.265368
v 0.116568 4.319775 0.235609
v 0.009455 4.212223 -0.167025
v 0.080862 4.206286 -0.160895
v -0.061951 4.156234 0.042092
v -0.073773 4.206286 -0.160895
v 0.164084 4.439306 0.287504
v 0.009455 4.397510 -0.467235
v 0.140452 4.349478 -0.514243
v 0.098712 4.274914 -0.334504
v 0.009455 4.280947 -0.334601
v -0.115256 4.496952 -0.569923
v -0.133112 4.355608 -0.508307
v -0.097406 4.268687 -0.346473
v -0.073773 4.206286 -0.160895
v 0.009455 4.212223 -0.167025
v 0.080862 4.206286 -0.160895
v -0.180880 4.479355 -0.569640
v -0.603044 5.081116 -0.115597
v 0.009455 5.077499 0.003656
v -0.525598 5.097213 -0.240583
v -0.644527 5.059774 0.027582
v -0.585188 5.045141 0.212394
v -0.400887 5.101719 -0.335707
v -0.472042 5.022438 0.301775
v -0.329481 4.988076 0.385817
v -0.150962 4.971530 0.451464
v 0.009455 4.959649 0.463221
v 0.134418 4.971627 0.457497
v 0.312685 4.994109 0.385720
v 0.467320 5.017096 0.313936
v 0.592283 5.045141 0.212394
v 0.645839 5.065813 0.027485
v 0.610133 5.087149 -0.115694
v 0.532944 5.097213 -0.240583
v 0.414015 5.101623 -0.341745
v 0.277231 5.100856 -0.389507
v 0.104746 5.100767 -0.395043
v 0.009455 5.100953 -0.383474
v -0.091623 5.100767 -0.395043
v -0.264108 5.106894 -0.389604
vn -0.9088 0.2903 -0.2998
vn -0.5615 0.8189 -0.1191
vn -0.4693 0.8272 -0.3091
vn -0.7504 0.3962 -0.5290
vn -0.9688 0.2474 0.0155
vn -0.6540 0.7497 0.1016
vn -0.4996 0.4325 -0.7505
vn -0.2713 0.8703 -0.4111
vn -0.9999 0.0116 -0.0121
vn -0.9393 0.1010 -0.3279
vn -0.7814 0.3332 -0.5277
vn -0.5312 0.3298 -0.7804
vn -0.2090 0.3602 -0.9092
vn -0.1777 0.4402 -0.8801
vn 0.0750 0.3286 -0.9415
vn -0.1145 0.2095 -0.9711
vn 0.1381 -0.0198 -0.9902
vn 0.0119 0.0037 -0.9999
vn -0.0197 -0.2719 -0.9621
vn -0.1139 -0.0199 -0.9933
vn -0.0829 0.3284 -0.9409
vn 0.2335 0.3376 -0.9119
vn 0.1385 0.1862 -0.9727
vn -0.0197 -0.0438 -0.9988
vn -0.1775 -0.2009 -0.9634
vn 0.5563 0.3549 -0.7514
vn 0.5873 0.3708 -0.7194
vn 0.7768 0.2868 -0.5607
vn 0.5240 0.4016 -0.7511
vn 0.7783 0.3353 -0.5309
vn 0.4631 0.8303 -0.3102
vn 0.2641 0.8564 -0.4436
vn 0.1701 0.4408 -0.8813
vn 0.0746 0.8600 -0.5048
vn -0.0513 0.4716 -0.8803
vn -0.0197 0.8622 -0.5061
vn 0.9074 0.2924 -0.3019
vn 0.5560 0.8225 -0.1197
vn 0.9691 0.2421 0.0474
vn 0.6506 0.7475 0.1339
vn 0.0119 0.4087 -0.9126
vn 0.0118 0.8797 -0.4754
vn 0.0433 0.8616 -0.5058
vn 0.0752 0.4648 -0.8822
vn -0.0826 0.8767 -0.4739
vn 0.9996 0.0201 0.0193
vn 0.9384 0.1017 -0.3303
vn 0.0119 0.3365 -0.9416
vn -0.8398 0.1374 0.5252
vn -0.5289 0.7165 0.4548
vn -0.6540 0.7497 0.1015
vn -0.9688 0.2473 0.0158
vn -0.9999 0.0116 -0.0118
vn -0.8398 0.1373 0.5252
vn -0.4949 0.0101 0.8689
vn -0.4641 -0.1537 0.8723
vn -0.3014 -0.1689 0.9384
vn -0.2075 0.6038 0.7696
vn -0.3018 0.6732 0.6751
vn -0.1448 0.5341 0.8329
vn -0.2076 -0.1294 0.9696
vn -0.0196 0.4970 0.8675
vn -0.0196 -0.2389 0.9709
vn 0.1686 -0.1687 0.9711
vn 0.1061 0.5367 0.8370
vn 0.2943 -0.1693 0.9406
vn 0.1688 0.6133 0.7716
vn 0.4890 0.0101 0.8722
vn 0.2946 0.6748 0.6766
vn 0.5232 0.7195 0.4566
vn 0.8060 0.1938 0.5592
vn 0.9691 0.2420 0.0477
vn 0.2626 -0.2162 0.9404
vn 0.1684 -0.2943 0.9408
vn 0.2312 -0.3420 0.9108
vn -0.0196 -0.2389 0.9708
vn 0.2313 -0.4131 0.8808
vn -0.0196 -0.4121 0.9109
vn 0.8670 0.0042 0.4983
vn 0.9996 0.0201 0.0196
vn -0.2387 -0.4124 0.8792
vn -0.2386 -0.5229 0.8183
vn 0.0117 -0.5293 0.8483
vn -0.4013 -0.5218 0.7528
vn -0.3702 -0.3879 0.8441
vn -0.1760 -0.2939 0.9395
vn -0.2699 -0.2157 0.9384
vn -0.2696 -0.3962 0.8777
vn 0.0117 -0.7742 0.6329
vn -0.1132 -0.7904 0.6020
vn 0.0117 -0.9951 0.0981
vn 0.1675 -0.7815 0.6010
vn 0.0430 -0.9943 0.0980
vn 0.2313 -0.5239 0.8198
vn 0.4259 -0.4997 0.7542
vn 0.0118 -0.9505 -0.3104
vn -0.0197 -0.9505 -0.3103
vn -0.0195 -0.9950 0.0980
vn 0.0432 -0.9592 -0.2793
vn 0.3634 -0.3890 0.8465
vn -0.0197 -0.6451 -0.7639
vn -0.3029 -0.5670 -0.7660
vn -0.2071 -0.8555 -0.4747
vn 0.0117 -0.8800 -0.4749
vn 0.2014 -0.3033 -0.9313
vn 0.2958 -0.5684 -0.7678
vn 0.1996 -0.8568 -0.4754
vn 0.0433 -0.9592 -0.2794
vn -0.0196 -0.9504 -0.3104
vn 0.0435 -0.2643 -0.9635
vn -0.5616 0.8188 -0.1192
vn -0.0197 0.9913 0.1299
vn -0.4694 0.8271 -0.3091
vn -0.6541 0.7496 0.1015
vn -0.5290 0.7165 0.4548
vn -0.3018 0.6731 0.6752
vn -0.2076 0.6037 0.7697
vn -0.1448 0.5338 0.8331
vn -0.0196 0.4968 0.8677
vn 0.1063 0.5365 0.8372
vn 0.1689 0.6131 0.7717
vn 0.2947 0.6747 0.6767
vn 0.5233 0.7194 0.4567
vn 0.6507 0.7474 0.1339
vn 0.5562 0.8224 -0.1197
vn 0.4632 0.8302 -0.3103
vn 0.2642 0.8564 -0.4436
vn -0.0197 0.8622 -0.5062
vn 0.0119 0.8796 -0.4755
vn 0.0432 0.8616 -0.5058
vn -0.0825 0.8767 -0.4739
vt 0.886961 0.311879
vt 0.936919 0.327322
vt 0.921538 0.385261
vt 0.867735 0.373667
vt 0.906172 0.257804
vt 0.959976 0.273247
vt 0.844678 0.431606
vt 0.910018 0.439335
vt 0.860059 0.234617
vt 0.833158 0.284841
vt 0.802411 0.338915
vt 0.752453 0.400704
vt 0.763973 0.481816
vt 0.836988 0.497274
vt 0.763973 0.555214
vt 0.683268 0.458644
vt 0.694804 0.551348
vt 0.702480 0.605424
vt 0.644831 0.605424
vt 0.698634 0.659497
vt 0.767819 0.655634
vt 0.775509 0.732880
vt 0.698634 0.767647
vt 0.641001 0.725166
vt 0.644831 0.659497
vt 0.763973 0.813991
vt 0.790875 0.802413
vt 0.813931 0.864218
vt 0.848524 0.775376
vt 0.871580 0.837180
vt 0.929229 0.810142
vt 0.913863 0.759917
vt 0.836988 0.709707
vt 0.902327 0.705843
vt 0.836988 0.647904
vt 0.902327 0.640190
vt 0.894636 0.891254
vt 0.944595 0.868067
vt 0.917693 0.945329
vt 0.971496 0.918291
vt 0.833158 0.601558
vt 0.902327 0.597694
vt 0.902327 0.562943
vt 0.836988 0.559078
vt 0.906172 0.497274
vt 0.875425 0.964637
vt 0.848524 0.918291
vt 0.767819 0.601558
vt 0.114488 0.122618
vt 0.052995 0.138061
vt 0.029938 0.056950
vt 0.087587 0.033777
vt 0.145235 0.010604
vt 0.168292 0.099430
vt 0.129854 0.192135
vt 0.191348 0.172827
vt 0.141390 0.257804
vt 0.072206 0.269383
vt 0.064530 0.199865
vt 0.076051 0.346631
vt 0.152911 0.346631
vt 0.079896 0.420028
vt 0.156756 0.420028
vt 0.152911 0.481816
vt 0.076051 0.477967
vt 0.141390 0.566792
vt 0.068376 0.562943
vt 0.126009 0.644055
vt 0.060685 0.632461
vt 0.049149 0.701978
vt 0.110643 0.717438
vt 0.079896 0.806278
vt 0.022248 0.775376
vt 0.222095 0.589980
vt 0.237461 0.485681
vt 0.275898 0.539755
vt 0.237461 0.420028
vt 0.322011 0.474102
vt 0.318166 0.420028
vt 0.164446 0.736745
vt 0.133700 0.829450
vt 0.191348 0.659497
vt 0.318166 0.362088
vt 0.387350 0.373667
vt 0.387350 0.420028
vt 0.379660 0.342781
vt 0.325856 0.315744
vt 0.237461 0.346631
vt 0.222095 0.238481
vt 0.279744 0.288706
vt 0.437308 0.420028
vt 0.441154 0.358223
vt 0.518013 0.420028
vt 0.441154 0.477967
vt 0.518013 0.458644
vt 0.387350 0.466372
vt 0.387350 0.493410
vt 0.614099 0.423892
vt 0.610254 0.458644
vt 0.518013 0.381397
vt 0.610254 0.385261
vt 0.329702 0.512718
vt 0.587198 0.605424
vt 0.587198 0.686535
vt 0.510323 0.647904
vt 0.514168 0.605424
vt 0.641001 0.555214
vt 0.579507 0.528177
vt 0.510323 0.555214
vt 0.437308 0.570656
vt 0.441154 0.601558
vt 0.437308 0.632461
vt 0.625620 0.501139
vt 0.740917 0.207579
vt 0.598718 0.238481
vt 0.721706 0.176692
vt 0.748608 0.242345
vt 0.733227 0.288706
vt 0.690959 0.157369
vt 0.710170 0.311879
vt 0.675578 0.335051
vt 0.637156 0.350494
vt 0.598718 0.354359
vt 0.567971 0.350494
vt 0.521859 0.335051
vt 0.487266 0.315744
vt 0.460365 0.288706
vt 0.441154 0.246211
vt 0.448844 0.207579
vt 0.471901 0.176692
vt 0.498802 0.157369
vt 0.529549 0.145791
vt 0.571817 0.141926
vt 0.598718 0.141926
vt 0.621775 0.141926
vt 0.660212 0.141926
s 1
usemtl Tex_1112_0.dds
f 2736/2497/2579 2737/2498/2580 2738/2499/2581
f 2738/2499/2581 2739/2500/2582 2736/2497/2579
f 2737/2498/2580 2736/2497/2579 2740/2501/2583
f 2740/2501/2583 2741/2502/2584 2737/2498/2580
f 2742/2503/2585 2739/2500/2582 2738/2499/2581
f 2738/2499/2581 2743/2504/2586 2742/2503/2585
f 2744/2505/2587 2740/2501/2583 2736/2497/2579
f 2736/2497/2579 2745/2506/2588 2744/2505/2587
f 2739/2500/2582 2745/2506/2588 2736/2497/2579
f 2745/2506/2588 2739/2500/2582 2746/2507/2589
f 2739/2500/2582 2742/2503/2585 2746/2507/2589
f 2742/2503/2585 2747/2508/2590 2746/2507/2589
f 2748/2509/2591 2747/2508/2590 2742/2503/2585
f 2742/2503/2585 2749/2510/2592 2748/2509/2591
f 2749/2510/2592 2742/2503/2585 2743/2504/2586
f 2750/2511/2593 2748/2509/2591 2749/2510/2592
f 2751/2512/2594 2748/2509/2591 2750/2511/2593
f 2751/2512/2594 2747/2508/2590 2748/2509/2591
f 2750/2511/2593 2752/2513/2595 2751/2512/2594
f 2753/2514/2596 2752/2513/2595 2750/2511/2593
f 2753/2514/2596 2754/2515/2597 2752/2513/2595
f 2753/2514/2596 2755/2516/2598 2754/2515/2597
f 2756/2517/2599 2755/2516/2598 2753/2514/2596
f 2757/2518/2600 2755/2516/2598 2756/2517/2599
f 2757/2518/2600 2758/2519/2601 2755/2516/2598
f 2755/2516/2598 2758/2519/2601 2759/2520/2602
f 2759/2520/2602 2760/2521/2603 2755/2516/2598
f 2755/2516/2598 2760/2521/2603 2754/2515/2597
f 2761/2522/2604 2758/2519/2601 2757/2518/2600
f 2757/2518/2600 2762/2523/2605 2761/2522/2604
f 2763/2524/2606 2761/2522/2604 2762/2523/2605
f 2763/2524/2606 2762/2523/2605 2764/2525/2607
f 2764/2525/2607 2762/2523/2605 2757/2518/2600
f 2764/2525/2607 2765/2526/2608 2763/2524/2606
f 2766/2527/2609 2765/2526/2608 2764/2525/2607
f 2764/2525/2607 2767/2528/2610 2766/2527/2609
f 2767/2528/2610 2764/2525/2607 2768/2529/2611
f 2757/2518/2600 2768/2529/2611 2764/2525/2607
f 2768/2529/2611 2757/2518/2600 2756/2517/2599
f 2768/2529/2611 2769/2530/2612 2767/2528/2610
f 2769/2530/2612 2768/2529/2611 2770/2531/2613
f 2756/2517/2599 2770/2531/2613 2768/2529/2611
f 2771/2532/2614 2769/2530/2612 2770/2531/2613
f 2772/2533/2615 2765/2526/2608 2766/2527/2609
f 2766/2527/2609 2773/2534/2616 2772/2533/2615
f 2773/2534/2616 2774/2535/2617 2772/2533/2615
f 2775/2536/2618 2774/2535/2617 2773/2534/2616
f 2771/2532/2614 2770/2531/2613 2776/2537/2619
f 2776/2537/2619 2777/2538/2620 2771/2532/2614
f 2778/2539/2621 2777/2538/2620 2776/2537/2619
f 2776/2537/2619 2779/2540/2622 2778/2539/2621
f 2778/2539/2621 2779/2540/2622 2780/2541/2623
f 2780/2541/2623 2779/2540/2622 2749/2510/2592
f 2772/2533/2615 2774/2535/2617 2781/2542/2624
f 2781/2542/2624 2782/2543/2625 2772/2533/2615
f 2765/2526/2608 2772/2533/2615 2782/2543/2625
f 2782/2543/2625 2763/2524/2606 2765/2526/2608
f 2783/2544/2626 2776/2537/2619 2770/2531/2613
f 2776/2537/2619 2783/2544/2626 2779/2540/2622
f 2770/2531/2613 2756/2517/2599 2783/2544/2626
f 2756/2517/2599 2753/2514/2596 2783/2544/2626
f 2750/2511/2593 2783/2544/2626 2753/2514/2596
f 2779/2540/2622 2783/2544/2626 2750/2511/2593
f 2749/2510/2592 2779/2540/2622 2750/2511/2593
f 2743/2504/2586 2780/2541/2623 2749/2510/2592
f 2784/2545/2627 2785/2546/2628 2786/2547/2629
f 2786/2547/2629 2787/2548/2630 2784/2545/2627
f 2787/2548/2630 2788/2549/2631 2784/2545/2627
f 2789/2550/2632 2784/2545/2627 2788/2549/2631
f 2790/2551/2633 2784/2545/2627 2789/2550/2632
f 2785/2546/2628 2784/2545/2627 2790/2551/2633
f 2789/2550/2632 2791/2552/2634 2790/2551/2633
f 2792/2553/2635 2790/2551/2633 2791/2552/2634
f 2793/2554/2636 2790/2551/2633 2792/2553/2635
f 2793/2554/2636 2794/2555/2637 2790/2551/2633
f 2790/2551/2633 2794/2555/2637 2785/2546/2628
f 2795/2556/2638 2793/2554/2636 2792/2553/2635
f 2792/2553/2635 2796/2557/2639 2795/2556/2638
f 2797/2558/2640 2795/2556/2638 2796/2557/2639
f 2796/2557/2639 2798/2559/2641 2797/2558/2640
f 2797/2558/2640 2798/2559/2641 2799/2560/2642
f 2800/2561/2643 2797/2558/2640 2799/2560/2642
f 2800/2561/2643 2799/2560/2642 2801/2562/2644
f 2802/2563/2645 2800/2561/2643 2801/2562/2644
f 2802/2563/2645 2801/2562/2644 2803/2564/2646
f 2804/2565/2647 2802/2563/2645 2803/2564/2646
f 2805/2566/2648 2804/2565/2647 2803/2564/2646
f 2803/2564/2646 2806/2567/2649 2805/2566/2648
f 2805/2566/2648 2806/2567/2649 2807/2568/2650
f 2807/2568/2650 2808/2569/2618 2805/2566/2648
f 2809/2570/2651 2801/2562/2644 2799/2560/2642
f 2799/2560/2642 2810/2571/2652 2809/2570/2651
f 2799/2560/2642 2798/2559/2641 2810/2571/2652
f 2809/2570/2651 2810/2571/2652 2811/2572/2653
f 2798/2559/2641 2812/2573/2654 2810/2571/2652
f 2813/2574/2655 2810/2571/2652 2812/2573/2654
f 2812/2573/2654 2814/2575/2656 2813/2574/2655
f 2806/2567/2649 2815/2576/2657 2807/2568/2650
f 2815/2576/2657 2806/2567/2649 2803/2564/2646
f 2807/2568/2650 2815/2576/2657 2816/2577/2658
f 2803/2564/2646 2817/2578/2646 2815/2576/2657
f 2801/2562/2644 2809/2570/2651 2817/2578/2646
f 2817/2578/2646 2803/2564/2646 2801/2562/2644
f 2812/2573/2654 2818/2579/2659 2814/2575/2656
f 2814/2575/2656 2818/2579/2659 2819/2580/2660
f 2819/2580/2660 2820/2581/2661 2814/2575/2656
f 2821/2582/2662 2819/2580/2660 2818/2579/2659
f 2818/2579/2659 2822/2583/2663 2821/2582/2662
f 2818/2579/2659 2812/2573/2654 2823/2584/2664
f 2823/2584/2664 2822/2583/2663 2818/2579/2659
f 2798/2559/2641 2823/2584/2664 2812/2573/2654
f 2796/2557/2639 2823/2584/2664 2798/2559/2641
f 2824/2585/2665 2823/2584/2664 2796/2557/2639
f 2796/2557/2639 2792/2553/2635 2824/2585/2665
f 2791/2552/2634 2824/2585/2665 2792/2553/2635
f 2824/2585/2665 2825/2586/2666 2823/2584/2664
f 2823/2584/2664 2825/2586/2666 2822/2583/2663
f 2819/2580/2660 2826/2587/2667 2820/2581/2661
f 2827/2588/2668 2826/2587/2667 2819/2580/2660
f 2827/2588/2668 2819/2580/2660 2821/2582/2662
f 2828/2589/2669 2826/2587/2667 2827/2588/2668
f 2829/2590/2670 2826/2587/2667 2828/2589/2669
f 2828/2589/2669 2830/2591/2671 2829/2590/2670
f 2826/2587/2667 2829/2590/2670 2831/2592/2672
f 2826/2587/2667 2831/2592/2672 2820/2581/2661
f 2829/2590/2670 2832/2593/2673 2831/2592/2672
f 2830/2591/2671 2828/2589/2669 2833/2594/2674
f 2833/2594/2674 2834/2595/2675 2830/2591/2671
f 2828/2589/2669 2835/2596/2676 2833/2594/2674
f 2827/2588/2668 2835/2596/2676 2828/2589/2669
f 2833/2594/2674 2835/2596/2676 2836/2597/2677
f 2813/2574/2655 2831/2592/2672 2832/2593/2673
f 2813/2574/2655 2814/2575/2656 2831/2592/2672
f 2814/2575/2656 2820/2581/2661 2831/2592/2672
f 2832/2593/2673 2837/2598/2678 2813/2574/2655
f 2837/2598/2678 2810/2571/2652 2813/2574/2655
f 2811/2572/2653 2810/2571/2652 2837/2598/2678
f 2754/2515/2597 2760/2521/2603 2838/2599/2679
f 2760/2521/2603 2839/2600/2680 2838/2599/2679
f 2840/2601/2681 2838/2599/2679 2839/2600/2680
f 2841/2602/2682 2838/2599/2679 2840/2601/2681
f 2842/2603/2683 2754/2515/2597 2838/2599/2679
f 2838/2599/2679 2843/2604/2684 2842/2603/2683
f 2752/2513/2595 2754/2515/2597 2842/2603/2683
f 2841/2602/2682 2844/2605/2685 2838/2599/2679
f 2844/2605/2685 2843/2604/2684 2838/2599/2679
f 2841/2602/2682 2845/2606/2686 2844/2605/2685
f 2846/2607/2674 2845/2606/2686 2841/2602/2682
f 2841/2602/2682 2847/2608/2687 2846/2607/2674
f 2847/2608/2687 2841/2602/2682 2840/2601/2681
f 2759/2520/2602 2839/2600/2680 2760/2521/2603
f 2752/2513/2595 2842/2603/2683 2848/2609/2688
f 2842/2603/2683 2843/2604/2684 2848/2609/2688
f 2751/2512/2594 2752/2513/2595 2848/2609/2688
f 2849/2610/2689 2850/2611/2690 2851/2612/2691
f 2852/2613/2692 2850/2611/2690 2849/2610/2689
f 2853/2614/2693 2850/2611/2690 2852/2613/2692
f 2851/2612/2691 2850/2611/2690 2854/2615/2586
f 2855/2616/2694 2850/2611/2690 2853/2614/2693
f 2856/2617/2695 2850/2611/2690 2855/2616/2694
f 2857/2618/2696 2850/2611/2690 2856/2617/2695
f 2858/2619/2697 2850/2611/2690 2857/2618/2696
f 2859/2620/2698 2850/2611/2690 2858/2619/2697
f 2860/2621/2699 2850/2611/2690 2859/2620/2698
f 2861/2622/2700 2850/2611/2690 2860/2621/2699
f 2862/2623/2701 2850/2611/2690 2861/2622/2700
f 2863/2624/2702 2850/2611/2690 2862/2623/2701
f 2864/2625/2703 2850/2611/2690 2863/2624/2702
f 2865/2626/2704 2850/2611/2690 2864/2625/2703
f 2866/2627/2705 2850/2611/2690 2865/2626/2704
f 2867/2628/2612 2850/2611/2690 2866/2627/2705
f 2868/2629/2706 2850/2611/2690 2867/2628/2612
f 2869/2630/2707 2850/2611/2690 2868/2629/2706
f 2870/2631/2708 2850/2611/2690 2869/2630/2707
f 2871/2632/2709 2850/2611/2690 2870/2631/2708
f 2854/2615/2586 2850/2611/2690 2871/2632/2709
o shoes
v -0.757919 0.271916 0.377555
v -0.779797 0.213833 0.393575
v -0.724984 0.247536 0.362860
v -0.759930 0.288041 0.316944
v -0.821029 0.281850 0.369852
v -0.851958 0.207867 0.366514
v -0.870060 0.257107 0.332528
v -0.878608 0.228987 0.303812
v -0.831840 0.278507 0.286924
v -0.878608 0.228987 0.303812
v -0.946494 0.172481 0.261465
v -0.928393 0.133730 0.385306
v -0.889921 0.268345 0.186499
v -0.838633 0.311750 0.227547
v -0.934175 0.198695 0.139837
v -0.851958 0.207867 0.366514
v -0.865534 0.158344 0.414587
v -0.794882 0.169354 0.442572
v -0.779797 0.213833 0.393575
v -0.733029 0.163644 0.462784
v -0.724984 0.247536 0.362860
v -0.668662 0.209934 0.370001
v -0.678970 0.306492 0.275908
v -0.693804 0.138727 0.477265
v -0.635219 0.142618 0.375106
v -0.630191 0.242985 0.267373
v -0.673188 0.101004 0.476865
v -0.616615 0.150555 0.242708
v -0.616363 0.046168 0.319320
v -0.631951 0.044395 0.396799
v -0.665897 0.046596 0.471202
v -0.655835 -0.001170 0.440784
v -0.616866 -0.002118 0.319089
v -0.617620 0.058735 0.225067
v -0.728504 0.331611 0.273996
v -0.759930 0.288041 0.316944
v -0.783317 0.334393 0.259368
v -0.831840 0.278507 0.286924
v -0.623654 -0.004020 0.138064
v -0.724476 0.000469 0.542855
v -0.719196 0.047199 0.540093
v -0.768730 0.047302 0.577814
v -0.773255 0.000556 0.579570
v -0.827566 0.048039 0.592385
v -0.828320 0.001763 0.592123
v -0.866289 0.046353 0.581349
v -0.866540 0.001545 0.578548
v -0.912051 0.048618 0.534539
v -0.911548 0.000348 0.535314
v -0.941466 -0.000435 0.486541
v -0.943478 0.046870 0.488295
v -0.975412 0.044613 0.410378
v -0.978429 -0.000671 0.377910
v -0.994268 0.043028 0.343011
v -0.774010 0.046045 0.342963
v -0.991251 -0.003289 0.246184
v -0.996028 0.041965 0.245457
v -0.981698 0.103989 0.224340
v -0.974909 0.049569 0.155307
v -0.969630 -0.004928 0.144113
v -0.940963 0.078061 0.081925
v -0.943478 0.138801 0.106100
v -0.930404 -0.004785 0.059117
v -0.976166 0.088567 0.360384
v -0.794882 0.169354 0.442572
v -0.774010 0.046045 0.342963
v -0.733029 0.163644 0.462784
v -0.693804 0.138727 0.477265
v -0.673188 0.101004 0.476865
v -0.665897 0.046596 0.471202
v -0.865534 0.158344 0.414587
v -0.928393 0.133730 0.385306
v -0.976166 0.088567 0.360384
v -0.994268 0.043028 0.343011
v -0.623654 -0.004020 0.138064
v -0.621392 0.072443 0.170535
v -0.617620 0.058735 0.225067
v -0.626420 0.089224 0.087781
v -0.621140 0.124520 0.124936
v -0.626168 0.154364 0.041469
v -0.621894 0.183003 0.071188
v -0.617369 0.207707 -0.019237
v -0.613095 0.234781 0.006987
v -0.590463 0.240430 -0.079611
v -0.585937 0.276479 -0.058561
v -0.555265 0.307039 -0.128461
v -0.622649 0.198950 -0.157401
v -0.534392 0.322238 -0.215710
v -0.641002 0.167834 -0.215745
v -0.629437 0.167449 -0.271062
v -0.647287 -0.012339 -0.223412
v -0.638990 -0.012993 -0.264141
v -0.654578 0.167086 -0.293686
v -0.562807 0.335526 -0.296391
v -0.658601 -0.012270 -0.281754
v -0.689530 0.168723 -0.285666
v -0.727750 0.334628 -0.321024
v -0.642762 0.336267 -0.344183
v -0.683496 -0.012644 -0.273702
v -0.709643 0.171582 -0.232903
v -0.694558 -0.011568 -0.238014
v -0.796391 0.318721 -0.246838
v -0.755908 0.198896 -0.192105
v -0.835359 0.281505 -0.152692
v -0.818012 0.235464 -0.138375
v -0.841902 0.205270 -0.077035
v -0.859249 0.248945 -0.081760
v -0.875591 0.158326 -0.024981
v -0.888161 0.200724 -0.015599
v -0.904006 0.092594 0.015808
v -0.920096 0.145112 0.029046
v -0.930404 -0.004785 0.059117
v -0.940963 0.078061 0.081925
v -0.828320 0.001763 0.592123
v -0.866540 0.001545 0.578548
v -0.911548 0.000348 0.535314
v -0.773255 0.000556 0.579570
v -0.941466 -0.000435 0.486541
v -0.724476 0.000469 0.542855
v -0.978429 -0.000671 0.377910
v -0.655835 -0.001170 0.440784
v -0.991251 -0.003289 0.246184
v -0.616866 -0.002118 0.319089
v -0.969630 -0.004928 0.144113
v -0.623654 -0.004020 0.138064
v -0.930404 -0.004785 0.059117
v -0.617369 0.207707 -0.019237
v -0.841902 0.205270 -0.077035
v -0.818012 0.235464 -0.138375
v -0.590463 0.240430 -0.079611
v -0.875591 0.158326 -0.024981
v -0.626168 0.154364 0.041469
v -0.904006 0.092594 0.015808
v -0.626420 0.089224 0.087781
v -0.930404 -0.004785 0.059117
v -0.623654 -0.004020 0.138064
v -0.622649 0.198950 -0.157401
v -0.755908 0.198896 -0.192105
v -0.641002 0.167834 -0.215745
v -0.709643 0.171582 -0.232903
v -0.694558 -0.011568 -0.238014
v -0.647287 -0.012339 -0.223412
v -0.621140 0.124520 0.124936
v -0.920096 0.145112 0.029046
v -0.940963 0.078061 0.081925
v -0.621392 0.072443 0.170535
v -0.621894 0.183003 0.071188
v -0.888161 0.200724 -0.015599
v -0.617620 0.058735 0.225067
v -0.807201 0.045514 0.278591
v -0.613095 0.234781 0.006987
v -0.844919 0.250574 -0.074243
v -0.859249 0.248945 -0.081760
v -0.816504 0.284140 -0.145191
v -0.603290 0.278409 -0.063620
v -0.796391 0.318721 -0.246838
v -0.572361 0.302473 -0.130902
v -0.534392 0.322238 -0.215710
v -0.555265 0.307039 -0.128461
v -0.727750 0.334628 -0.321024
v -0.562807 0.335526 -0.296391
v -0.642762 0.336267 -0.344183
v -0.835359 0.281505 -0.152692
v -0.585937 0.276479 -0.058561
v -0.783317 0.334393 0.259368
v -0.728504 0.331611 0.273996
v -0.807201 0.045514 0.278591
v -0.678970 0.306492 0.275908
v -0.630191 0.242985 0.267373
v -0.616615 0.150555 0.242708
v -0.617620 0.058735 0.225067
v -0.838633 0.311750 0.227547
v -0.889921 0.268345 0.186499
v -0.934175 0.198695 0.139837
v -0.943478 0.138801 0.106100
v -0.940963 0.078061 0.081925
v -0.647287 -0.012339 -0.223412
v -0.694558 -0.011568 -0.238014
v -0.683496 -0.012644 -0.273702
v -0.638990 -0.012993 -0.264141
v -0.658601 -0.012270 -0.281754
v -0.554008 0.356696 -0.136802
v -0.564567 0.354729 -0.071389
v -0.585937 0.276479 -0.058561
v -0.555265 0.307039 -0.128461
v -0.555265 0.408685 -0.093880
v -0.557779 0.410580 -0.163817
v -0.555768 0.463518 -0.124436
v -0.569847 0.466313 -0.200926
v -0.558533 0.508806 -0.154331
v -0.570601 0.555482 -0.191791
v -0.581412 0.458301 -0.198785
v -0.608067 0.505925 -0.239781
v -0.598010 0.514407 -0.243941
v -0.601027 0.589039 -0.231561
v -0.642007 0.549982 -0.283743
v -0.647790 0.618653 -0.266741
v -0.647538 0.543169 -0.269552
v -0.570852 0.408528 -0.166299
v -0.568841 0.356639 -0.140321
v -0.572361 0.302473 -0.130902
v -0.571104 0.506819 -0.152790
v -0.579903 0.552067 -0.185199
v -0.570601 0.460980 -0.125904
v -0.571104 0.408637 -0.096896
v -0.580155 0.355686 -0.074422
v -0.603290 0.278409 -0.063620
v -0.579400 0.629003 -0.185932
v -0.570601 0.555482 -0.191791
v -0.601027 0.589039 -0.231561
v -0.630191 0.673919 -0.238959
v -0.590463 0.631167 -0.176412
v -0.566076 0.593442 -0.113945
v -0.543951 0.588471 -0.110345
v -0.545963 0.515015 -0.112183
v -0.579903 0.552067 -0.185199
v -0.567584 0.513385 -0.119700
v -0.560293 0.504525 -0.045125
v -0.545963 0.572801 -0.052759
v -0.572361 0.504404 -0.052666
v -0.582669 0.521281 0.027531
v -0.571858 0.584879 0.010417
v -0.594485 0.519174 0.021530
v -0.616615 0.547289 0.080927
v -0.599519 0.610376 0.063319
v -0.646784 0.574842 0.105635
v -0.626168 0.544654 0.073426
v -0.659109 0.569677 0.097163
v -0.686261 0.604537 0.107170
v -0.636979 0.640434 0.087478
v -0.709391 0.599267 0.092162
v -0.584931 0.586777 0.003346
v -0.559287 0.576750 -0.057348
v -0.612592 0.610693 0.051748
v -0.643767 0.638261 0.077455
v -0.648544 0.655546 -0.255768
v -0.646784 0.662764 -0.275999
v -0.624157 0.680780 -0.250138
v -0.630191 0.673919 -0.238959
v -0.593479 0.718262 -0.202457
v -0.621643 0.761566 -0.230309
v -0.646281 0.731938 -0.259006
v -0.633962 0.760666 -0.223757
v -0.652572 0.736665 -0.246504
v -0.611838 0.786772 -0.195506
v -0.603541 0.784689 -0.200004
v -0.562556 0.746550 -0.131993
v -0.605553 0.712845 -0.195324
v -0.586188 0.741579 -0.128393
v -0.554259 0.745526 -0.101804
v -0.573115 0.742501 -0.102258
v -0.560796 0.744502 -0.071608
v -0.575881 0.736442 -0.072485
v -0.569093 0.722637 -0.023980
v -0.580155 0.773422 0.006886
v -0.583423 0.718502 -0.030960
v -0.592977 0.687913 0.037427
v -0.613346 0.739173 0.066280
v -0.596502 0.685294 0.030931
v -0.636225 0.644658 0.099988
v -0.636979 0.640434 0.087478
v -0.696821 0.609715 0.116138
v -0.686261 0.604537 0.107170
v -0.652572 0.707557 0.101995
v -0.699586 0.677942 0.105488
v -0.758171 0.643109 0.097498
v -0.756159 0.641286 0.077909
v -0.702100 0.681211 0.089840
v -0.627425 0.738039 0.058252
v -0.594742 0.774890 0.004348
v -0.664137 0.708352 0.088902
v -0.770998 0.565550 0.090692
v -0.791111 0.613717 0.052202
v -0.761942 0.559331 0.079225
v -0.809715 0.529966 0.035940
v -0.827063 0.575232 -0.026647
v -0.836622 0.504168 -0.036067
v -0.796893 0.526357 0.030466
v -0.822286 0.502157 -0.036035
v -0.836119 0.496501 -0.106354
v -0.847936 0.561274 -0.112926
v -0.824297 0.495536 -0.103824
v -0.823543 0.509739 -0.158872
v -0.821783 0.583967 -0.171631
v -0.792368 0.534709 -0.201018
v -0.756662 0.573682 -0.248418
v -0.782060 0.623953 -0.218544
v -0.732527 0.663574 -0.256902
v -0.704112 0.609969 -0.275151
v -0.704866 0.685988 -0.270337
v -0.726744 0.662388 -0.236762
v -0.775272 0.624155 -0.205975
v -0.813738 0.587640 -0.162135
v -0.811224 0.509309 -0.154339
v -0.784826 0.530330 -0.191890
v -0.830331 0.566382 -0.107979
v -0.815498 0.578160 -0.032226
v -0.782312 0.612996 0.038630
v -0.646784 0.662764 -0.275999
v -0.648544 0.655546 -0.255768
v -0.647790 0.618653 -0.266741
v -0.645024 0.620446 -0.280348
v -0.642007 0.549982 -0.283743
v -0.644773 0.546374 -0.289217
v -0.647538 0.543169 -0.269552
v -0.655081 0.533227 -0.262352
v -0.698832 0.618833 -0.286860
v -0.695061 0.544290 -0.293709
v -0.696318 0.531079 -0.270867
v -0.700089 0.546446 -0.284692
v -0.700843 0.540599 -0.273031
v -0.704112 0.609969 -0.275151
v -0.704866 0.685988 -0.270337
v -0.698078 0.686792 -0.282922
v -0.705117 0.720861 -0.259834
v -0.699335 0.724577 -0.279003
v -0.646281 0.731938 -0.259006
v -0.705117 0.836012 -0.261180
v -0.698832 0.802144 -0.271700
v -0.647538 0.799856 -0.257582
v -0.650807 0.834754 -0.245565
v -0.646533 0.869753 -0.258202
v -0.651561 0.867928 -0.246600
v -0.652572 0.736665 -0.246504
v -0.698581 0.909745 -0.273428
v -0.644270 0.941621 -0.261367
v -0.697575 0.941395 -0.275445
v -0.703860 0.909834 -0.267897
v -0.704112 0.942610 -0.262389
v -0.704866 0.913994 -0.259415
v -0.638990 1.075680 -0.275590
v -0.695061 1.075478 -0.288159
v -0.644019 1.077407 -0.262039
v -0.649052 0.949348 -0.249920
v -0.700089 1.076191 -0.275095
v -0.638236 1.152032 -0.281342
v -0.688524 1.152844 -0.293424
v -0.646538 1.159881 -0.262352
v -0.696821 1.159703 -0.273419
v -0.698581 1.148091 -0.276249
v -0.695564 1.145878 -0.288786
v -0.635471 1.146040 -0.278731
v -0.640499 1.148285 -0.264178
v -0.637985 1.080797 -0.270140
v -0.699083 1.078584 -0.282677
v -0.648544 0.655546 -0.255768
v -0.647790 0.618653 -0.266741
v -0.638990 0.672573 -0.228879
v -0.603541 0.784689 -0.200004
v -0.597759 0.786173 -0.201536
v -0.558785 0.751059 -0.133072
v -0.562556 0.746550 -0.131993
v -0.552751 0.812863 -0.136578
v -0.583172 0.839705 -0.187807
v -0.554259 0.745526 -0.101804
v -0.545963 0.805586 -0.088687
v -0.553254 0.752116 -0.067205
v -0.560796 0.744502 -0.071608
v -0.572361 0.775919 0.005840
v -0.556773 0.822157 -0.027595
v -0.580155 0.773422 0.006886
v -0.627677 0.881175 -0.236253
v -0.592731 0.842364 -0.178797
v -0.633962 0.884856 -0.226254
v -0.574875 0.817947 -0.133140
v -0.558785 0.810597 -0.089773
v -0.569847 0.825611 -0.031674
v -0.597005 0.852113 0.021212
v -0.587446 0.850815 0.034313
v -0.645527 0.885414 0.059405
v -0.632957 0.886743 0.079499
v -0.620135 0.814235 0.074126
v -0.689027 0.858506 0.106108
v -0.703357 0.928695 0.092409
v -0.701597 0.930472 0.077791
v -0.751382 0.895712 0.074326
v -0.694055 0.853811 0.095623
v -0.754399 0.893824 0.050721
v -0.635471 0.815095 0.065060
v -0.594742 0.774890 0.004348
v -0.751634 0.969558 0.037435
v -0.756914 0.969265 0.050515
v -0.790860 0.918709 0.034229
v -0.784072 0.913958 0.020219
v -0.806950 0.995348 -0.016290
v -0.816504 0.937227 -0.033969
v -0.831594 0.949120 -0.107588
v -0.827068 1.007668 -0.094950
v -0.828325 0.948718 -0.163910
v -0.826314 1.008054 -0.164863
v -0.811475 0.939533 -0.203496
v -0.804687 0.997689 -0.214991
v -0.776780 0.920414 -0.235374
v -0.760182 0.974492 -0.250323
v -0.733281 0.894499 -0.252062
v -0.704112 0.942610 -0.262389
v -0.704866 0.913994 -0.259415
v -0.815749 1.008706 -0.092955
v -0.795888 0.995754 -0.022332
v -0.807704 0.931583 -0.040919
v -0.816755 0.944744 -0.160829
v -0.820778 0.944052 -0.110021
v -0.772004 0.917600 -0.222757
v -0.800413 0.935121 -0.196379
v -0.729510 0.893217 -0.237955
v -0.815749 1.010138 -0.160370
v -0.795888 0.999797 -0.208990
v -0.753142 0.977151 -0.241314
v -0.701346 0.945821 -0.250366
v -0.651561 0.867928 -0.246600
v -0.650807 0.834754 -0.245565
v -0.658857 0.832864 -0.237991
v -0.611838 0.786772 -0.195506
v -0.644270 0.941621 -0.261367
v -0.625163 0.886114 -0.241864
v -0.646533 0.869753 -0.258202
v -0.651561 0.867928 -0.246600
v -0.627677 0.881175 -0.236253
v -0.586691 0.913973 -0.198051
v -0.593234 0.975503 -0.218658
v -0.633962 0.884856 -0.226254
v -0.598010 0.909083 -0.189424
v -0.578898 0.922370 -0.144875
v -0.563813 0.924852 -0.146926
v -0.559790 0.993533 -0.160607
v -0.557528 0.934919 -0.083724
v -0.550991 1.003679 -0.092874
v -0.565824 0.932791 -0.028361
v -0.562807 1.000822 -0.019899
v -0.583423 0.921070 0.024631
v -0.593736 0.985176 0.039196
v -0.572612 0.930402 -0.083148
v -0.581663 0.930188 -0.033856
v -0.597256 0.918402 0.015119
v -0.613598 0.902554 0.061644
v -0.643767 0.961227 0.082326
v -0.620386 0.901801 0.046067
v -0.632957 0.886743 0.079499
v -0.701597 0.930472 0.077791
v -0.645527 0.885414 0.059405
v -0.564819 1.006184 -0.093417
v -0.572864 0.997061 -0.160160
v -0.604296 0.978114 -0.212665
v -0.649052 0.949348 -0.249920
v -0.704614 0.930303 0.067233
v -0.648298 0.964001 0.067195
v -0.604547 0.988525 0.028582
v -0.575629 1.002801 -0.021942
v -0.704866 0.913994 -0.259415
v -0.703860 0.909834 -0.267897
v -0.734035 0.890380 -0.258030
v -0.733281 0.894499 -0.252062
v -0.705117 0.836012 -0.261180
v -0.780552 0.859704 -0.226353
v -0.756159 0.805653 -0.241074
v -0.794882 0.779053 -0.206451
v -0.813989 0.830712 -0.184142
v -0.772255 0.862874 -0.216849
v -0.804687 0.832373 -0.174614
v -0.823040 0.753322 -0.148703
v -0.830085 0.815019 -0.127561
v -0.826314 0.752638 -0.097392
v -0.819521 0.818628 -0.122087
v -0.806950 0.783168 -0.012883
v -0.819521 0.834343 -0.051930
v -0.792117 0.865080 0.014466
v -0.764204 0.819556 0.060966
v -0.754399 0.893824 0.050721
v -0.818766 0.748797 -0.148630
v -0.786837 0.775545 -0.205389
v -0.752388 0.819427 0.052921
v -0.697575 0.853050 0.079537
v -0.694055 0.853811 0.095623
v -0.792619 0.785698 -0.011918
v -0.783820 0.864798 -0.003130
v -0.754148 0.896671 0.040115
v -0.808710 0.835187 -0.062001
v -0.748114 0.804801 -0.231506
v -0.701346 0.836165 -0.251628
v -0.770747 0.741079 0.059711
v -0.801670 0.703428 0.001473
v -0.756159 0.641286 0.077909
v -0.749371 0.634013 0.063442
v -0.791865 0.697752 -0.007488
v -0.826314 0.752638 -0.097392
v -0.814995 0.744066 -0.098763
v -0.806950 0.783168 -0.012883
v -0.792619 0.785698 -0.011918
v -0.760685 0.743391 0.047102
v -0.702100 0.681211 0.089840
v -0.708134 0.683986 0.074709
v -0.818766 0.748797 -0.148630
v -0.809464 0.741353 -0.142476
v -0.782060 0.703553 -0.210267
v -0.774266 0.700660 -0.202175
v -0.732527 0.663574 -0.256902
v -0.726744 0.662388 -0.236762
v -0.786837 0.775545 -0.205389
v -0.748114 0.747806 -0.241654
v -0.737555 0.747944 -0.233107
v -0.773764 0.777626 -0.201399
v -0.703106 0.723074 -0.247292
v -0.705117 0.720861 -0.259834
v -0.704866 0.685988 -0.270337
v -0.635471 1.146040 -0.278731
v -0.576635 1.145672 -0.238991
v -0.583423 1.080405 -0.231909
v -0.637985 1.080797 -0.270140
v -0.546717 1.082858 -0.173105
v -0.540432 1.147638 -0.179174
v -0.534649 1.084012 -0.101205
v -0.528107 1.148825 -0.105263
v -0.545963 1.084697 -0.027280
v -0.540683 1.150012 -0.031346
v -0.587697 1.085916 0.048642
v -0.582417 1.150705 0.043075
v -0.661874 1.086627 0.092890
v -0.658103 1.150969 0.090851
v -0.737052 1.087763 0.069734
v -0.738812 1.151748 0.076752
v -0.804436 1.086130 -0.000650
v -0.801922 1.150561 0.002841
v -0.832851 1.084109 -0.095172
v -0.834862 1.149482 -0.095718
v -0.835868 1.082363 -0.172594
v -0.839890 1.148246 -0.172646
v -0.809213 1.081435 -0.230417
v -0.815749 1.146320 -0.229950
v -0.760433 1.080837 -0.267626
v -0.765216 1.144134 -0.272163
v -0.699083 1.078584 -0.282677
v -0.695564 1.145878 -0.288786
v -0.698581 1.148091 -0.276249
v -0.759930 1.149331 -0.261680
v -0.807201 1.149936 -0.223973
v -0.791111 1.082433 -0.011654
v -0.731018 1.084472 0.052688
v -0.665897 1.084844 0.075815
v -0.598765 1.083265 0.040135
v -0.558785 1.082118 -0.031267
v -0.546465 1.080493 -0.101148
v -0.559539 1.079898 -0.169537
v -0.594491 1.078475 -0.226849
v -0.644019 1.077407 -0.262039
v -0.822035 1.080980 -0.102162
v -0.823046 1.080360 -0.172059
v -0.797648 1.080566 -0.221853
v -0.755405 1.079531 -0.255027
v -0.700089 1.076191 -0.275095
v -0.829834 1.151287 -0.171186
v -0.827068 1.153439 -0.099805
v -0.790357 1.154495 -0.002754
v -0.732778 1.154547 0.063129
v -0.661372 1.154765 0.076704
v -0.589965 1.154071 0.033467
v -0.552499 1.153005 -0.032909
v -0.537666 1.151842 -0.105311
v -0.550739 1.150695 -0.176708
v -0.586943 1.149799 -0.232520
v -0.640499 1.148285 -0.264178
v -0.859249 0.248945 -0.081760
v -0.863020 0.310682 -0.089792
v -0.842907 0.313168 -0.154207
v -0.835359 0.281505 -0.152692
v -0.833354 0.382710 -0.176948
v -0.828823 0.313217 -0.151190
v -0.818012 0.371154 -0.176259
v -0.808710 0.439002 -0.210545
v -0.824297 0.458030 -0.153013
v -0.791362 0.436910 -0.215540
v -0.767221 0.503153 -0.255835
v -0.792368 0.534709 -0.201018
v -0.750377 0.504694 -0.253848
v -0.736801 0.532530 -0.274410
v -0.756662 0.573682 -0.248418
v -0.700089 0.546446 -0.284692
v -0.704112 0.609969 -0.275151
v -0.700843 0.540599 -0.273031
v -0.816504 0.284140 -0.145191
v -0.784826 0.530330 -0.191890
v -0.808961 0.456675 -0.143436
v -0.845170 0.397318 -0.112807
v -0.834108 0.395388 -0.107747
v -0.849444 0.309766 -0.084245
v -0.844919 0.250574 -0.074243
v -0.872322 1.026007 -0.268254
v -0.871568 1.018368 -0.274166
v -0.880876 1.045065 -0.302757
v -0.879613 1.051187 -0.297323
v -0.862769 0.966268 -0.230076
v -0.850701 0.975598 -0.181440
v -0.888167 1.077946 -0.322395
v -0.879362 1.026023 -0.267249
v -0.885401 1.050701 -0.296310
v -0.860506 0.976165 -0.177426
v -0.846678 0.937914 -0.116460
v -0.837376 0.937346 -0.120474
v -0.834359 0.888950 -0.064876
v -0.826063 0.888902 -0.067893
v -0.824046 0.838810 -0.024337
v -0.816252 0.838753 -0.027862
v -0.819269 0.803853 -0.008689
v -0.812230 0.804275 -0.013725
v -0.886407 1.045089 -0.301248
v -0.856484 0.907074 -0.220576
v -0.856232 0.839731 -0.217483
v -0.859752 0.877634 -0.237201
v -0.869557 0.910200 -0.276452
v -0.869054 0.922314 -0.273630
v -0.875591 0.927344 -0.304889
v -0.867043 0.906628 -0.217049
v -0.863020 0.929843 -0.211890
v -0.857992 0.928854 -0.210868
v -0.869054 0.965773 -0.229565
v -0.881882 1.018401 -0.272155
v -0.878608 0.921325 -0.272608
v -0.877854 0.910727 -0.274952
v -0.867546 0.877107 -0.238702
v -0.861260 0.839739 -0.216980
v -0.884144 0.946645 -0.324309
v -0.883390 0.927368 -0.303381
v -0.858495 0.823946 -0.229299
v -0.863272 0.823444 -0.229291
v -0.865534 0.823510 -0.256453
v -0.854472 0.811426 -0.226080
v -0.865283 0.812407 -0.227605
v -0.853215 0.774929 -0.212419
v -0.857992 0.774442 -0.211406
v -0.853467 0.720851 -0.229152
v -0.860506 0.720356 -0.228641
v -0.860255 0.713368 -0.256696
v -0.864277 0.705130 -0.268633
v -0.850701 0.714055 -0.213956
v -0.864026 0.713384 -0.255691
v -0.857992 0.716114 -0.210972
v -0.848187 0.696249 -0.195058
v -0.850450 0.695762 -0.194044
v -0.847684 0.672019 -0.200709
v -0.829582 0.707020 -0.119289
v -0.846678 0.664981 -0.200596
v -0.836119 0.704052 -0.116224
v -0.819521 0.742612 -0.064035
v -0.826817 0.740666 -0.059980
v -0.814492 0.774268 -0.034370
v -0.821029 0.772378 -0.026796
v -0.851204 0.664008 -0.198569
v -0.853215 0.657587 -0.222604
v -0.851455 0.672036 -0.199703
v -0.810721 0.788633 -0.016994
v -0.826314 0.785146 -0.014926
v -0.885401 1.050701 -0.296310
v -0.886407 1.045089 -0.301248
v -0.881882 1.018401 -0.272155
v -0.879362 1.026023 -0.267249
v -0.888167 1.077946 -0.322395
v -0.869054 0.965773 -0.229565
v -0.860506 0.976165 -0.177426
v -0.863020 0.929843 -0.211890
v -0.846678 0.937914 -0.116460
v -0.848187 0.871471 -0.119919
v -0.834359 0.888950 -0.064876
v -0.867043 0.906628 -0.217049
v -0.867546 0.877107 -0.238702
v -0.878608 0.921325 -0.272608
v -0.877854 0.910727 -0.274952
v -0.861260 0.839739 -0.216980
v -0.883390 0.927368 -0.303381
v -0.884144 0.946645 -0.324309
v -0.852964 0.798267 -0.137350
v -0.865283 0.812407 -0.227605
v -0.842656 0.748470 -0.106377
v -0.863272 0.823444 -0.229291
v -0.857992 0.774442 -0.211406
v -0.865534 0.823510 -0.256453
v -0.860506 0.720356 -0.228641
v -0.857992 0.716114 -0.210972
v -0.850450 0.695762 -0.194044
v -0.851455 0.672036 -0.199703
v -0.864026 0.713384 -0.255691
v -0.864277 0.705130 -0.268633
v -0.836119 0.704052 -0.116224
v -0.840142 0.740262 -0.085124
v -0.851204 0.664008 -0.198569
v -0.853215 0.657587 -0.222604
v -0.826817 0.740666 -0.059980
v -0.833856 0.826974 -0.040748
v -0.824046 0.838810 -0.024337
v -0.826314 0.785146 -0.014926
v -0.819269 0.803853 -0.008689
v -0.848187 0.871471 -0.119919
v -0.867797 0.880392 -0.128108
v -0.833856 0.826974 -0.040748
v -0.910543 0.921032 -0.259528
v -0.917079 0.920578 -0.256503
v -0.902497 0.875362 -0.222078
v -0.926633 0.921212 -0.279646
v -0.845673 0.793217 -0.044732
v -0.893195 0.838919 -0.205401
v -0.826314 0.785146 -0.014926
v -0.839890 0.780274 -0.036478
v -0.821029 0.772378 -0.026796
v -0.826817 0.740666 -0.059980
v -0.850450 0.753245 -0.090864
v -0.896966 0.809114 -0.213471
v -0.888670 0.767054 -0.201732
v -0.888921 0.838887 -0.207412
v -0.894201 0.822073 -0.220720
v -0.897469 0.821115 -0.217687
v -0.897218 0.875282 -0.227106
v -0.921102 0.920142 -0.283652
v -0.905263 0.822723 -0.242857
v -0.888921 0.809090 -0.214979
v -0.884139 0.766543 -0.202227
v -0.888921 0.718475 -0.220565
v -0.894452 0.718531 -0.217045
v -0.870814 0.728639 -0.151324
v -0.842656 0.748470 -0.106377
v -0.862517 0.728590 -0.154340
v -0.840142 0.740262 -0.085124
v -0.894201 0.709460 -0.217905
v -0.889172 0.709427 -0.219916
v -0.904760 0.703348 -0.254021
v -0.901994 0.712621 -0.240586
v -0.898223 0.712086 -0.242589
v -0.934929 0.944892 -0.308189
v -0.852964 0.798267 -0.137350
v -0.842656 0.748470 -0.106377
v -0.862517 0.728590 -0.154340
v -0.888921 0.809090 -0.214979
v -0.884139 0.766543 -0.202227
v -0.888921 0.718475 -0.220565
v -0.889172 0.709427 -0.219916
v -0.904760 0.703348 -0.254021
v -0.898223 0.712086 -0.242589
v -0.894201 0.822073 -0.220720
v -0.888921 0.838887 -0.207412
v -0.905263 0.822723 -0.242857
v -0.897218 0.875282 -0.227106
v -0.848187 0.871471 -0.119919
v -0.910543 0.921032 -0.259528
v -0.921102 0.920142 -0.283652
v -0.934929 0.944892 -0.308189
v 0.758739 0.271916 0.377555
v 0.726050 0.247542 0.362860
v 0.780863 0.213833 0.393575
v 0.761002 0.288041 0.316944
v 0.822100 0.281850 0.369852
v 0.853024 0.207867 0.366514
v 0.871131 0.257112 0.332527
v 0.879679 0.228987 0.303812
v 0.832911 0.278507 0.286924
v 0.879679 0.228987 0.303812
v 0.929464 0.133735 0.385306
v 0.947566 0.172486 0.261465
v 0.890993 0.268345 0.186499
v 0.839699 0.311755 0.227547
v 0.935246 0.198695 0.139837
v 0.853024 0.207867 0.366514
v 0.866606 0.158344 0.414587
v 0.795948 0.169354 0.442572
v 0.780863 0.213833 0.393575
v 0.734095 0.163644 0.462784
v 0.726050 0.247542 0.362860
v 0.669728 0.209934 0.370001
v 0.680036 0.306497 0.275908
v 0.694875 0.138732 0.477265
v 0.636290 0.142624 0.375106
v 0.631514 0.242991 0.267373
v 0.674254 0.101004 0.476865
v 0.617681 0.150555 0.242708
v 0.617429 0.046168 0.319320
v 0.633022 0.044395 0.396799
v 0.666963 0.046596 0.471202
v 0.656906 -0.001170 0.440784
v 0.617932 -0.002118 0.319089
v 0.618686 0.058735 0.225067
v 0.729570 0.331611 0.273996
v 0.761002 0.288041 0.316944
v 0.784383 0.334393 0.259368
v 0.832911 0.278507 0.286924
v 0.624720 -0.004020 0.138064
v 0.725799 0.000469 0.542855
v 0.720268 0.047199 0.540093
v 0.769801 0.047302 0.577814
v 0.774327 0.000556 0.579570
v 0.828637 0.048039 0.592385
v 0.829391 0.001763 0.592123
v 0.867360 0.046353 0.581349
v 0.867360 0.001545 0.578548
v 0.913117 0.048618 0.534539
v 0.912614 0.000348 0.535314
v 0.942537 -0.000435 0.486541
v 0.944549 0.046870 0.488295
v 0.976483 0.044613 0.410378
v 0.979500 -0.000671 0.377910
v 0.995339 0.043028 0.343011
v 0.775081 0.046045 0.342963
v 0.992322 -0.003289 0.246184
v 0.997099 0.041965 0.245457
v 0.982769 0.103989 0.224340
v 0.975981 0.049569 0.155307
v 0.970696 -0.004928 0.144113
v 0.942035 0.078066 0.081925
v 0.944549 0.138806 0.106094
v 0.931475 -0.004785 0.059117
v 0.977238 0.088573 0.360384
v 0.795948 0.169354 0.442572
v 0.734095 0.163644 0.462784
v 0.775081 0.046045 0.342963
v 0.694875 0.138732 0.477265
v 0.674254 0.101004 0.476865
v 0.666963 0.046596 0.471202
v 0.866606 0.158344 0.414587
v 0.929464 0.133735 0.385306
v 0.977238 0.088573 0.360384
v 0.995339 0.043028 0.343011
v 0.624720 -0.004020 0.138064
v 0.618686 0.058735 0.225067
v 0.622457 0.072449 0.170535
v 0.627491 0.089224 0.087781
v 0.622206 0.124525 0.124936
v 0.627240 0.154364 0.041469
v 0.622960 0.183003 0.071188
v 0.618435 0.207707 -0.019237
v 0.614161 0.234781 0.006987
v 0.591534 0.240436 -0.079611
v 0.587008 0.276479 -0.058561
v 0.556331 0.307044 -0.128461
v 0.623463 0.198950 -0.157401
v 0.535463 0.322238 -0.215710
v 0.642073 0.167834 -0.215745
v 0.630508 0.167449 -0.271062
v 0.648358 -0.012339 -0.223412
v 0.640313 -0.012993 -0.264141
v 0.655649 0.167086 -0.293692
v 0.563873 0.335526 -0.296397
v 0.659420 -0.012270 -0.281754
v 0.690601 0.168723 -0.285666
v 0.728815 0.334628 -0.321024
v 0.643833 0.336267 -0.344183
v 0.684562 -0.012644 -0.273702
v 0.710714 0.171582 -0.232903
v 0.695378 -0.011568 -0.238014
v 0.797205 0.318721 -0.246838
v 0.756979 0.198896 -0.192105
v 0.836431 0.281505 -0.152692
v 0.819083 0.235469 -0.138375
v 0.842967 0.205270 -0.077035
v 0.860315 0.248951 -0.081760
v 0.876662 0.158326 -0.024981
v 0.889233 0.200724 -0.015599
v 0.905072 0.092594 0.015808
v 0.921162 0.145112 0.029046
v 0.931475 -0.004785 0.059117
v 0.942035 0.078066 0.081925
v 0.829391 0.001763 0.592123
v 0.774327 0.000556 0.579570
v 0.912614 0.000348 0.535314
v 0.867360 0.001545 0.578548
v 0.942537 -0.000435 0.486541
v 0.725799 0.000469 0.542855
v 0.979500 -0.000671 0.377910
v 0.656906 -0.001170 0.440784
v 0.992322 -0.003289 0.246184
v 0.617932 -0.002118 0.319089
v 0.970696 -0.004928 0.144113
v 0.624720 -0.004020 0.138064
v 0.931475 -0.004785 0.059117
v 0.618435 0.207707 -0.019237
v 0.591534 0.240436 -0.079611
v 0.819083 0.235469 -0.138375
v 0.842967 0.205270 -0.077035
v 0.876662 0.158326 -0.024981
v 0.627240 0.154364 0.041469
v 0.905072 0.092594 0.015808
v 0.627491 0.089224 0.087781
v 0.931475 -0.004785 0.059117
v 0.624720 -0.004020 0.138064
v 0.623463 0.198950 -0.157401
v 0.756979 0.198896 -0.192105
v 0.642073 0.167834 -0.215745
v 0.710714 0.171582 -0.232903
v 0.695378 -0.011568 -0.238014
v 0.648358 -0.012339 -0.223412
v 0.622206 0.124525 0.124936
v 0.622457 0.072449 0.170535
v 0.942035 0.078066 0.081925
v 0.921162 0.145112 0.029046
v 0.622960 0.183003 0.071188
v 0.889233 0.200724 -0.015599
v 0.618686 0.058735 0.225067
v 0.808273 0.045514 0.278591
v 0.614161 0.234781 0.006987
v 0.845984 0.250580 -0.074243
v 0.860315 0.248951 -0.081760
v 0.817575 0.284145 -0.145191
v 0.604356 0.278409 -0.063620
v 0.797205 0.318721 -0.246838
v 0.573427 0.302479 -0.130902
v 0.535463 0.322238 -0.215710
v 0.556331 0.307044 -0.128461
v 0.728815 0.334628 -0.321024
v 0.563873 0.335526 -0.296397
v 0.643833 0.336267 -0.344183
v 0.836431 0.281505 -0.152692
v 0.587008 0.276479 -0.058561
v 0.784383 0.334393 0.259368
v 0.808273 0.045514 0.278591
v 0.729570 0.331611 0.273996
v 0.680036 0.306497 0.275908
v 0.631514 0.242991 0.267373
v 0.617681 0.150555 0.242708
v 0.618686 0.058735 0.225067
v 0.839699 0.311755 0.227547
v 0.890993 0.268345 0.186499
v 0.935246 0.198695 0.139837
v 0.944549 0.138806 0.106094
v 0.942035 0.078066 0.081925
v 0.648358 -0.012339 -0.223412
v 0.640313 -0.012993 -0.264141
v 0.684562 -0.012644 -0.273702
v 0.695378 -0.011568 -0.238014
v 0.659420 -0.012270 -0.281754
v 0.555074 0.356696 -0.136802
v 0.556331 0.307044 -0.128461
v 0.587008 0.276479 -0.058561
v 0.565633 0.354729 -0.071389
v 0.556331 0.408691 -0.093880
v 0.558845 0.410585 -0.163817
v 0.556833 0.463518 -0.124436
v 0.570912 0.466318 -0.200926
v 0.559599 0.508806 -0.154331
v 0.571667 0.555482 -0.191791
v 0.582483 0.458301 -0.198785
v 0.609133 0.505925 -0.239781
v 0.599076 0.514407 -0.243941
v 0.602093 0.589045 -0.231561
v 0.643079 0.549982 -0.283743
v 0.648861 0.618653 -0.266741
v 0.648610 0.543169 -0.269552
v 0.571918 0.408534 -0.166299
v 0.569907 0.356639 -0.140321
v 0.573427 0.302479 -0.130902
v 0.572170 0.506819 -0.152790
v 0.580974 0.552067 -0.185199
v 0.571667 0.460980 -0.125904
v 0.572170 0.408642 -0.096896
v 0.581226 0.355686 -0.074422
v 0.604356 0.278409 -0.063620
v 0.580472 0.629003 -0.185932
v 0.602093 0.589045 -0.231561
v 0.571667 0.555482 -0.191791
v 0.631257 0.673919 -0.238959
v 0.591534 0.631173 -0.176412
v 0.567141 0.593448 -0.113945
v 0.545017 0.588477 -0.110345
v 0.546777 0.515015 -0.112183
v 0.580974 0.552067 -0.185199
v 0.568650 0.513385 -0.119700
v 0.561359 0.504525 -0.045125
v 0.547028 0.572801 -0.052759
v 0.573427 0.504404 -0.052666
v 0.583740 0.521281 0.027531
v 0.572924 0.584884 0.010417
v 0.595556 0.519174 0.021530
v 0.617932 0.547289 0.080927
v 0.600585 0.610376 0.063319
v 0.647855 0.574841 0.105629
v 0.627234 0.544654 0.073426
v 0.660175 0.569677 0.097163
v 0.687327 0.604542 0.107169
v 0.638050 0.640434 0.087478
v 0.710462 0.599272 0.092162
v 0.586003 0.586782 0.003346
v 0.560353 0.576750 -0.057348
v 0.613658 0.610693 0.051748
v 0.644839 0.638261 0.077455
v 0.649615 0.655546 -0.255768
v 0.631257 0.673919 -0.238959
v 0.625223 0.680780 -0.250138
v 0.647855 0.662764 -0.275999
v 0.594551 0.718262 -0.202457
v 0.622709 0.761572 -0.230309
v 0.647353 0.731938 -0.259006
v 0.635028 0.760671 -0.223757
v 0.653638 0.736665 -0.246504
v 0.612904 0.786772 -0.195506
v 0.604607 0.784689 -0.200004
v 0.563622 0.746550 -0.131999
v 0.606618 0.712845 -0.195324
v 0.587260 0.741579 -0.128399
v 0.555576 0.745526 -0.101804
v 0.574181 0.742501 -0.102258
v 0.561862 0.744502 -0.071608
v 0.576952 0.736442 -0.072485
v 0.570410 0.722637 -0.023980
v 0.581226 0.773427 0.006886
v 0.584494 0.718502 -0.030960
v 0.594048 0.687913 0.037427
v 0.614412 0.739173 0.066280
v 0.597568 0.685294 0.030931
v 0.637291 0.644658 0.099982
v 0.638050 0.640434 0.087478
v 0.697886 0.609715 0.116138
v 0.687327 0.604542 0.107169
v 0.653638 0.707557 0.101990
v 0.700657 0.677942 0.105488
v 0.759242 0.643115 0.097493
v 0.757231 0.641291 0.077909
v 0.703423 0.681211 0.089840
v 0.628491 0.738039 0.058252
v 0.595808 0.774895 0.004348
v 0.665203 0.708358 0.088902
v 0.772064 0.565550 0.090692
v 0.792177 0.613717 0.052202
v 0.763013 0.559331 0.079225
v 0.810781 0.529966 0.035940
v 0.828134 0.575232 -0.026647
v 0.837688 0.504168 -0.036067
v 0.797959 0.526357 0.030466
v 0.823357 0.502157 -0.036035
v 0.837185 0.496501 -0.106354
v 0.849001 0.561274 -0.112926
v 0.825369 0.495536 -0.103824
v 0.824614 0.509739 -0.158872
v 0.822854 0.583972 -0.171631
v 0.793434 0.534715 -0.201018
v 0.757733 0.573682 -0.248418
v 0.783126 0.623953 -0.218544
v 0.733592 0.663574 -0.256902
v 0.705183 0.609969 -0.275151
v 0.705937 0.685988 -0.270337
v 0.727810 0.662388 -0.236762
v 0.776338 0.624155 -0.205975
v 0.814809 0.587645 -0.162135
v 0.812295 0.509309 -0.154339
v 0.785891 0.530335 -0.191891
v 0.831402 0.566382 -0.107979
v 0.816569 0.578160 -0.032226
v 0.783377 0.612996 0.038630
v 0.647855 0.662764 -0.275999
v 0.646096 0.620446 -0.280348
v 0.648861 0.618653 -0.266741
v 0.649615 0.655546 -0.255768
v 0.643079 0.549982 -0.283743
v 0.645844 0.546374 -0.289217
v 0.648610 0.543169 -0.269552
v 0.656152 0.533227 -0.262352
v 0.699903 0.618833 -0.286860
v 0.696127 0.544290 -0.293709
v 0.697384 0.531079 -0.270867
v 0.701160 0.546446 -0.284692
v 0.701914 0.540599 -0.273031
v 0.705183 0.609969 -0.275151
v 0.705937 0.685988 -0.270337
v 0.699143 0.686792 -0.282922
v 0.706188 0.720861 -0.259834
v 0.700406 0.724577 -0.279003
v 0.647353 0.731938 -0.259006
v 0.706188 0.836012 -0.261180
v 0.699903 0.802150 -0.271700
v 0.648610 0.799856 -0.257582
v 0.651878 0.834754 -0.245565
v 0.647604 0.869753 -0.258202
v 0.652632 0.867928 -0.246600
v 0.653638 0.736665 -0.246504
v 0.699652 0.909745 -0.273428
v 0.645341 0.941627 -0.261367
v 0.698641 0.941400 -0.275445
v 0.704931 0.909834 -0.267897
v 0.705434 0.942616 -0.262389
v 0.705937 0.913994 -0.259415
v 0.640056 1.075680 -0.275590
v 0.696127 1.075478 -0.288159
v 0.645084 1.077407 -0.262039
v 0.650118 0.949354 -0.249920
v 0.701160 1.076191 -0.275095
v 0.639302 1.152032 -0.281342
v 0.689590 1.152850 -0.293424
v 0.647599 1.159886 -0.262358
v 0.697886 1.159708 -0.273419
v 0.699652 1.148097 -0.276250
v 0.696629 1.145878 -0.288786
v 0.636536 1.146040 -0.278731
v 0.641565 1.148285 -0.264183
v 0.639051 1.080797 -0.270140
v 0.700155 1.078584 -0.282677
v 0.649615 0.655546 -0.255768
v 0.648861 0.618653 -0.266741
v 0.640062 0.672573 -0.228879
v 0.604607 0.784689 -0.200004
v 0.563622 0.746550 -0.131999
v 0.559850 0.751059 -0.133077
v 0.598825 0.786173 -0.201536
v 0.553816 0.812863 -0.136584
v 0.584237 0.839705 -0.187807
v 0.555576 0.745526 -0.101804
v 0.547028 0.805586 -0.088687
v 0.554319 0.752116 -0.067205
v 0.561862 0.744502 -0.071608
v 0.573427 0.775925 0.005840
v 0.557839 0.822157 -0.027595
v 0.581226 0.773427 0.006886
v 0.628743 0.881175 -0.236253
v 0.593796 0.842364 -0.178797
v 0.635028 0.884856 -0.226254
v 0.575941 0.817947 -0.133145
v 0.559850 0.810597 -0.089773
v 0.570912 0.825611 -0.031674
v 0.598322 0.852113 0.021212
v 0.588517 0.850815 0.034308
v 0.646598 0.885420 0.059405
v 0.634022 0.886748 0.079499
v 0.621200 0.814235 0.074126
v 0.690093 0.858506 0.106108
v 0.704429 0.928695 0.092409
v 0.702669 0.930472 0.077791
v 0.752448 0.895717 0.074326
v 0.695121 0.853811 0.095623
v 0.755465 0.893830 0.050721
v 0.636536 0.815095 0.065060
v 0.595808 0.774895 0.004348
v 0.752700 0.969558 0.037435
v 0.757979 0.969265 0.050515
v 0.791925 0.918709 0.034223
v 0.784886 0.913958 0.020219
v 0.808016 0.995354 -0.016290
v 0.817575 0.937232 -0.033969
v 0.832659 0.949125 -0.107588
v 0.828134 1.007668 -0.094950
v 0.829391 0.948723 -0.163910
v 0.827380 1.008054 -0.164863
v 0.812541 0.939539 -0.203496
v 0.805753 0.997695 -0.214991
v 0.777846 0.920414 -0.235374
v 0.761248 0.974492 -0.250323
v 0.734598 0.894499 -0.252062
v 0.705434 0.942616 -0.262389
v 0.705937 0.913994 -0.259415
v 0.816815 1.008706 -0.092955
v 0.796702 0.995760 -0.022332
v 0.808770 0.931589 -0.040919
v 0.817826 0.944750 -0.160829
v 0.821849 0.944057 -0.110021
v 0.773069 0.917600 -0.222757
v 0.801479 0.935127 -0.196380
v 0.730575 0.893217 -0.237955
v 0.816815 1.010138 -0.160370
v 0.796954 0.999802 -0.208990
v 0.754208 0.977156 -0.241314
v 0.702417 0.945826 -0.250366
v 0.652632 0.867928 -0.246600
v 0.651878 0.834754 -0.245565
v 0.659923 0.832864 -0.237991
v 0.612904 0.786772 -0.195506
v 0.645341 0.941627 -0.261367
v 0.647604 0.869753 -0.258202
v 0.626229 0.886114 -0.241864
v 0.652632 0.867928 -0.246600
v 0.628743 0.881175 -0.236253
v 0.587757 0.913973 -0.198051
v 0.594048 0.975503 -0.218658
v 0.635028 0.884856 -0.226254
v 0.599076 0.909083 -0.189424
v 0.579963 0.922370 -0.144875
v 0.564879 0.924852 -0.146926
v 0.560856 0.993539 -0.160607
v 0.558593 0.934924 -0.083724
v 0.552057 1.003679 -0.092874
v 0.566890 0.932796 -0.028361
v 0.563873 1.000822 -0.019899
v 0.584489 0.921070 0.024631
v 0.594802 0.985176 0.039196
v 0.573678 0.930408 -0.083148
v 0.582729 0.930193 -0.033856
v 0.598322 0.918402 0.015119
v 0.614664 0.902554 0.061644
v 0.644839 0.961227 0.082326
v 0.621452 0.901801 0.046067
v 0.634022 0.886748 0.079499
v 0.702669 0.930472 0.077791
v 0.646598 0.885420 0.059405
v 0.565884 1.006184 -0.093417
v 0.573929 0.997066 -0.160160
v 0.605361 0.978114 -0.212665
v 0.650118 0.949354 -0.249920
v 0.705686 0.930303 0.067233
v 0.649364 0.964001 0.067195
v 0.605613 0.988525 0.028576
v 0.576695 1.002801 -0.021942
v 0.705937 0.913994 -0.259415
v 0.734598 0.894499 -0.252062
v 0.735101 0.890380 -0.258030
v 0.704931 0.909834 -0.267897
v 0.706188 0.836012 -0.261180
v 0.781617 0.859704 -0.226353
v 0.757225 0.805659 -0.241074
v 0.795948 0.779053 -0.206451
v 0.814809 0.830712 -0.184142
v 0.773321 0.862874 -0.216849
v 0.805753 0.832373 -0.174614
v 0.824112 0.753322 -0.148703
v 0.831151 0.815025 -0.127561
v 0.827380 0.752638 -0.097392
v 0.820592 0.818633 -0.122087
v 0.808016 0.783168 -0.012883
v 0.820592 0.834343 -0.051930
v 0.793182 0.865080 0.014466
v 0.765276 0.819556 0.060966
v 0.755465 0.893830 0.050721
v 0.819838 0.748797 -0.148630
v 0.787903 0.775550 -0.205389
v 0.753454 0.819427 0.052921
v 0.698641 0.853050 0.079537
v 0.695121 0.853811 0.095623
v 0.793685 0.785698 -0.011918
v 0.784886 0.864798 -0.003130
v 0.755214 0.896677 0.040114
v 0.809776 0.835187 -0.062001
v 0.749180 0.804807 -0.231506
v 0.702417 0.836165 -0.251628
v 0.771812 0.741079 0.059711
v 0.757231 0.641291 0.077909
v 0.802736 0.703428 0.001473
v 0.750442 0.634013 0.063442
v 0.792931 0.697752 -0.007488
v 0.827380 0.752638 -0.097392
v 0.816066 0.744066 -0.098763
v 0.808016 0.783168 -0.012883
v 0.793685 0.785698 -0.011918
v 0.761756 0.743391 0.047102
v 0.703423 0.681211 0.089840
v 0.709205 0.683986 0.074709
v 0.819838 0.748797 -0.148630
v 0.810530 0.741353 -0.142476
v 0.783126 0.703553 -0.210267
v 0.775332 0.700660 -0.202175
v 0.733592 0.663574 -0.256902
v 0.727810 0.662388 -0.236762
v 0.787903 0.775550 -0.205389
v 0.749180 0.747806 -0.241654
v 0.738369 0.747944 -0.233107
v 0.774829 0.777626 -0.201399
v 0.704177 0.723074 -0.247292
v 0.706188 0.720861 -0.259834
v 0.705937 0.685988 -0.270337
v 0.636536 1.146040 -0.278731
v 0.639051 1.080797 -0.270140
v 0.584489 1.080405 -0.231909
v 0.577701 1.145672 -0.238991
v 0.547783 1.082858 -0.173105
v 0.541497 1.147638 -0.179174
v 0.535715 1.084012 -0.101205
v 0.529178 1.148825 -0.105263
v 0.547028 1.084697 -0.027280
v 0.541749 1.150012 -0.031346
v 0.588768 1.085916 0.048642
v 0.583483 1.150705 0.043075
v 0.662940 1.086627 0.092890
v 0.659169 1.150969 0.090851
v 0.738118 1.087763 0.069734
v 0.739878 1.151748 0.076752
v 0.805502 1.086130 -0.000650
v 0.802987 1.150561 0.002841
v 0.833917 1.084109 -0.095172
v 0.835928 1.149482 -0.095718
v 0.836933 1.082363 -0.172594
v 0.840956 1.148246 -0.172646
v 0.810278 1.081435 -0.230417
v 0.816815 1.146320 -0.229950
v 0.761505 1.080837 -0.267626
v 0.766030 1.144134 -0.272163
v 0.700155 1.078584 -0.282677
v 0.696629 1.145878 -0.288786
v 0.699652 1.148097 -0.276250
v 0.760996 1.149336 -0.261686
v 0.808267 1.149942 -0.223973
v 0.792177 1.082433 -0.011654
v 0.732084 1.084472 0.052688
v 0.666963 1.084844 0.075815
v 0.599830 1.083265 0.040135
v 0.559850 1.082118 -0.031267
v 0.547531 1.080493 -0.101148
v 0.560605 1.079898 -0.169537
v 0.595556 1.078475 -0.226849
v 0.645084 1.077407 -0.262039
v 0.823100 1.080980 -0.102162
v 0.824112 1.080360 -0.172059
v 0.798713 1.080566 -0.221853
v 0.756471 1.079531 -0.255033
v 0.701160 1.076191 -0.275095
v 0.830900 1.151292 -0.171186
v 0.828134 1.153439 -0.099805
v 0.791171 1.154495 -0.002754
v 0.733844 1.154547 0.063129
v 0.662437 1.154765 0.076704
v 0.591031 1.154071 0.033467
v 0.553565 1.153005 -0.032909
v 0.538732 1.151842 -0.105311
v 0.551805 1.150695 -0.176708
v 0.588008 1.149799 -0.232520
v 0.641565 1.148285 -0.264183
v 0.860315 0.248951 -0.081760
v 0.836431 0.281505 -0.152692
v 0.843973 0.313168 -0.154207
v 0.864091 0.310682 -0.089792
v 0.834419 0.382710 -0.176948
v 0.829894 0.313217 -0.151190
v 0.819083 0.371154 -0.176259
v 0.809776 0.439002 -0.210545
v 0.825620 0.458036 -0.153013
v 0.792428 0.436910 -0.215540
v 0.768293 0.503153 -0.255835
v 0.793434 0.534715 -0.201018
v 0.751448 0.504694 -0.253848
v 0.737866 0.532530 -0.274410
v 0.757733 0.573682 -0.248418
v 0.701160 0.546446 -0.284692
v 0.705183 0.609969 -0.275151
v 0.701914 0.540599 -0.273031
v 0.817575 0.284145 -0.145191
v 0.785891 0.530335 -0.191891
v 0.810027 0.456675 -0.143436
v 0.846236 0.397318 -0.112807
v 0.835174 0.395388 -0.107747
v 0.850510 0.309766 -0.084245
v 0.845984 0.250580 -0.074243
v 0.873394 1.026007 -0.268254
v 0.880685 1.051193 -0.297323
v 0.881942 1.045065 -0.302757
v 0.872634 1.018368 -0.274166
v 0.863835 0.966268 -0.230076
v 0.851767 0.975598 -0.181440
v 0.889233 1.077946 -0.322395
v 0.880433 1.026023 -0.267249
v 0.886467 1.050706 -0.296310
v 0.861572 0.976171 -0.177426
v 0.847744 0.937919 -0.116460
v 0.838442 0.937352 -0.120474
v 0.835425 0.888956 -0.064876
v 0.827128 0.888907 -0.067893
v 0.825117 0.838810 -0.024337
v 0.817323 0.838753 -0.027862
v 0.820340 0.803853 -0.008689
v 0.813301 0.804275 -0.013725
v 0.887473 1.045089 -0.301248
v 0.857549 0.907074 -0.220576
v 0.857298 0.839731 -0.217483
v 0.860818 0.877639 -0.237202
v 0.870623 0.910200 -0.276452
v 0.870120 0.922314 -0.273630
v 0.876662 0.927350 -0.304890
v 0.868109 0.906628 -0.217049
v 0.864086 0.929849 -0.211890
v 0.859058 0.928860 -0.210868
v 0.870120 0.965773 -0.229565
v 0.882947 1.018401 -0.272155
v 0.879679 0.921325 -0.272608
v 0.878925 0.910727 -0.274952
v 0.868611 0.877112 -0.238702
v 0.862326 0.839739 -0.216980
v 0.885210 0.946650 -0.324309
v 0.884456 0.927374 -0.303381
v 0.859561 0.823952 -0.229299
v 0.864337 0.823449 -0.229291
v 0.866600 0.823516 -0.256453
v 0.855538 0.811431 -0.226081
v 0.866349 0.812413 -0.227605
v 0.854281 0.774934 -0.212419
v 0.859058 0.774448 -0.211406
v 0.854784 0.720851 -0.229152
v 0.861572 0.720356 -0.228641
v 0.861320 0.713368 -0.256696
v 0.865343 0.705130 -0.268633
v 0.851767 0.714055 -0.213956
v 0.865092 0.713384 -0.255691
v 0.859058 0.716114 -0.210972
v 0.849253 0.696249 -0.195058
v 0.851515 0.695762 -0.194044
v 0.848750 0.672019 -0.200709
v 0.830648 0.707026 -0.119289
v 0.847744 0.664981 -0.200596
v 0.837185 0.704052 -0.116224
v 0.820592 0.742612 -0.064035
v 0.827883 0.740666 -0.059980
v 0.815564 0.774273 -0.034370
v 0.822100 0.772383 -0.026796
v 0.852018 0.664008 -0.198569
v 0.854281 0.657587 -0.222604
v 0.852521 0.672036 -0.199703
v 0.811792 0.788633 -0.016994
v 0.827380 0.785146 -0.014926
v 0.886467 1.050706 -0.296310
v 0.880433 1.026023 -0.267249
v 0.882947 1.018401 -0.272155
v 0.887473 1.045089 -0.301248
v 0.889233 1.077946 -0.322395
v 0.870120 0.965773 -0.229565
v 0.861572 0.976171 -0.177426
v 0.864086 0.929849 -0.211890
v 0.847744 0.937919 -0.116460
v 0.849253 0.871471 -0.119919
v 0.835425 0.888956 -0.064876
v 0.868109 0.906628 -0.217049
v 0.868611 0.877112 -0.238702
v 0.879679 0.921325 -0.272608
v 0.878925 0.910727 -0.274952
v 0.862326 0.839739 -0.216980
v 0.884456 0.927374 -0.303381
v 0.885210 0.946650 -0.324309
v 0.854030 0.798267 -0.137355
v 0.866349 0.812413 -0.227605
v 0.843722 0.748470 -0.106377
v 0.864337 0.823449 -0.229291
v 0.859058 0.774448 -0.211406
v 0.866600 0.823516 -0.256453
v 0.861572 0.720356 -0.228641
v 0.859058 0.716114 -0.210972
v 0.851515 0.695762 -0.194044
v 0.852521 0.672036 -0.199703
v 0.865092 0.713384 -0.255691
v 0.865343 0.705130 -0.268633
v 0.837185 0.704052 -0.116224
v 0.841208 0.740262 -0.085124
v 0.852018 0.664008 -0.198569
v 0.854281 0.657587 -0.222604
v 0.827883 0.740666 -0.059980
v 0.834922 0.826980 -0.040748
v 0.825117 0.838810 -0.024337
v 0.827380 0.785146 -0.014926
v 0.820340 0.803853 -0.008689
v 0.849253 0.871471 -0.119919
v 0.834922 0.826980 -0.040748
v 0.868863 0.880397 -0.128108
v 0.911860 0.921032 -0.259528
v 0.918145 0.920578 -0.256503
v 0.903563 0.875362 -0.222078
v 0.927699 0.921212 -0.279646
v 0.846739 0.793217 -0.044732
v 0.894261 0.838919 -0.205401
v 0.827380 0.785146 -0.014926
v 0.840956 0.780274 -0.036478
v 0.822100 0.772383 -0.026796
v 0.827883 0.740666 -0.059980
v 0.851515 0.753245 -0.090864
v 0.898032 0.809119 -0.213471
v 0.889484 0.767060 -0.201732
v 0.889987 0.838887 -0.207412
v 0.895266 0.822078 -0.220720
v 0.898535 0.821121 -0.217687
v 0.898283 0.875282 -0.227106
v 0.922168 0.920142 -0.283652
v 0.906329 0.822728 -0.242857
v 0.889987 0.809095 -0.214979
v 0.885210 0.766549 -0.202227
v 0.889987 0.718475 -0.220565
v 0.895518 0.718531 -0.217045
v 0.871880 0.728639 -0.151324
v 0.843722 0.748470 -0.106377
v 0.863583 0.728590 -0.154340
v 0.841208 0.740262 -0.085124
v 0.895266 0.709465 -0.217906
v 0.890238 0.709433 -0.219917
v 0.905826 0.703353 -0.254021
v 0.903060 0.712621 -0.240586
v 0.899289 0.712086 -0.242589
v 0.936001 0.944898 -0.308189
v 0.854030 0.798267 -0.137355
v 0.863583 0.728590 -0.154340
v 0.843722 0.748470 -0.106377
v 0.889987 0.809095 -0.214979
v 0.885210 0.766549 -0.202227
v 0.889987 0.718475 -0.220565
v 0.890238 0.709433 -0.219917
v 0.905826 0.703353 -0.254021
v 0.899289 0.712086 -0.242589
v 0.895266 0.822078 -0.220720
v 0.889987 0.838887 -0.207412
v 0.906329 0.822728 -0.242857
v 0.898283 0.875282 -0.227106
v 0.849253 0.871471 -0.119919
v 0.911860 0.921032 -0.259528
v 0.922168 0.920142 -0.283652
v 0.936001 0.944898 -0.308189
vn 0.3432 0.6306 0.6961
vn -0.0588 0.1843 0.9811
vn 0.6194 0.4717 0.6276
vn 0.1543 0.9794 0.1306
vn -0.3255 0.7274 0.6041
vn -0.6313 0.1417 0.7625
vn -0.8529 0.4714 0.2243
vn -0.9604 0.2785 0.0073
vn -0.4224 0.9027 -0.0816
vn -0.6720 0.6542 0.3471
vn -0.8207 0.5484 0.1601
vn -0.6645 0.6393 0.3869
vn -0.7805 0.5954 0.1905
vn -0.6397 0.6694 0.3778
vn -0.9058 0.4186 -0.0656
vn -0.4593 0.7036 0.5423
vn -0.4198 0.7036 0.5733
vn -0.2314 0.7435 0.6274
vn -0.2002 0.7521 0.6279
vn 0.1302 0.7715 0.6228
vn 0.2318 0.7216 0.6524
vn 0.6110 0.5726 0.5466
vn 0.4845 0.6438 0.5923
vn 0.6108 0.5878 0.5305
vn 0.9126 0.2385 0.3320
vn 0.8646 0.3571 0.3536
vn 0.8657 0.2481 0.4348
vn 0.9915 0.0768 0.1054
vn 0.9915 0.0767 0.1054
vn 0.9502 0.0011 0.3115
vn 0.8340 0.2961 0.4657
vn 0.8869 -0.1625 0.4323
vn 0.9908 -0.0812 0.1079
vn 0.9994 -0.0202 -0.0273
vn 0.0513 0.7328 0.6785
vn -0.1607 0.7129 0.6826
vn -0.3501 0.7140 0.6063
vn -0.5232 0.6810 0.5123
vn 0.9987 -0.0048 -0.0512
vn 0.6972 -0.0634 0.7141
vn 0.5323 0.6668 0.5216
vn 0.3262 0.6595 0.6773
vn 0.4043 0.0108 0.9146
vn -0.0353 0.6448 0.7636
vn -0.0431 0.0121 0.9990
vn -0.4054 0.6209 0.6710
vn -0.5211 -0.0608 0.8513
vn -0.5703 0.6877 0.4492
vn -0.7717 -0.0721 0.6319
vn -0.8890 -0.0750 0.4517
vn -0.6627 0.6682 0.3383
vn -0.7283 0.6455 0.2298
vn -0.9522 -0.1961 0.2344
vn -0.9611 0.2566 0.1018
vn -0.0119 0.9999 0.0037
vn -0.9918 -0.0993 -0.0807
vn -0.9925 0.0889 -0.0838
vn -0.9534 0.2932 -0.0714
vn -0.9546 0.0385 -0.2953
vn -0.9431 -0.0093 -0.3325
vn -0.9216 -0.0101 -0.3881
vn -0.9401 0.2121 -0.2670
vn -0.8999 -0.0109 -0.4361
vn -0.8667 0.4694 0.1690
vn -0.2538 -0.6405 0.7248
vn -0.3172 -0.5160 0.7956
vn -0.4495 -0.5635 0.6931
vn -0.6144 -0.4316 0.6605
vn -0.7082 -0.2753 0.6501
vn -0.7559 -0.1661 0.6333
vn -0.1602 -0.6247 0.7643
vn -0.0587 -0.5229 0.8504
vn -0.0039 -0.3961 0.9182
vn -0.0039 -0.3571 0.9341
vn 0.9987 -0.0048 -0.0513
vn 0.9982 -0.0049 -0.0591
vn 0.9994 -0.0202 -0.0274
vn 0.9977 -0.0050 -0.0670
vn 0.9908 -0.1308 -0.0334
vn 0.9667 -0.2229 0.1259
vn 0.9667 -0.2311 0.1103
vn 0.9094 -0.3956 0.1284
vn 0.7766 -0.1439 0.6134
vn 0.9129 -0.3704 -0.1719
vn 0.8313 -0.5551 0.0286
vn 0.8547 -0.5097 -0.0982
vn 0.9111 -0.3800 0.1599
vn 0.8885 -0.3096 -0.3386
vn 0.9753 -0.0876 0.2028
vn 0.9536 -0.0562 -0.2959
vn 0.2094 -0.2011 -0.9569
vn 0.7070 -0.3770 -0.5983
vn 0.2253 -0.1223 -0.9666
vn -0.6261 -0.2443 -0.7405
vn -0.4765 -0.3007 -0.8262
vn 0.1383 -0.2879 -0.9476
vn -0.6896 -0.0786 -0.7199
vn -0.8665 -0.3546 -0.3512
vn -0.9467 -0.0562 -0.3173
vn -0.7263 -0.4055 -0.5550
vn -0.7255 -0.4747 -0.4983
vn -0.6579 -0.3144 -0.6844
vn -0.7584 -0.4362 -0.4843
vn -0.6968 -0.3604 -0.6202
vn -0.9604 -0.2490 -0.1254
vn -0.7833 -0.0768 -0.6168
vn -0.8304 -0.1150 -0.5452
vn -0.7674 -0.1085 -0.6319
vn -0.7986 -0.0136 -0.6017
vn -0.8999 -0.0109 -0.4360
vn -0.9216 -0.0102 -0.3881
vn -0.0118 -0.9993 0.0357
vn -0.0039 -0.9998 0.0200
vn -0.0039 -0.9998 0.0199
vn -0.0039 -0.9999 0.0121
vn 0.1371 -0.8507 -0.5075
vn 0.1378 -0.8393 -0.5259
vn 0.0273 -0.9969 -0.0738
vn 0.0196 -0.9989 -0.0427
vn 0.1776 -0.6629 -0.7274
vn 0.1768 -0.6754 -0.7160
vn 0.2090 -0.5142 -0.8318
vn 0.2171 -0.4521 -0.8652
vn 0.2171 -0.4521 -0.8651
vn -0.1209 -0.8699 0.4781
vn -0.2224 -0.5768 0.7860
vn -0.2148 -0.6088 0.7637
vn -0.2625 -0.0825 0.9614
vn -0.1927 0.6527 0.7327
vn -0.1926 0.6527 0.7327
vn 0.3740 0.8975 0.2336
vn -0.1143 0.8706 0.4785
vn -0.1691 0.7233 0.6695
vn -0.1844 0.7288 0.6594
vn -0.2170 0.8568 -0.4677
vn 0.2654 0.6906 -0.6728
vn -0.1295 0.8367 0.5321
vn -0.2003 0.8371 0.5090
vn -0.3574 0.8203 0.4464
vn -0.1376 0.9293 0.3428
vn -0.0907 0.9016 0.4231
vn -0.0745 0.9660 0.2474
vn -0.1223 0.9702 0.2094
vn -0.0512 0.9842 0.1695
vn -0.2714 0.9574 0.0987
vn -0.0354 0.9835 0.1772
vn -0.0276 0.9911 0.1299
vn -0.0276 0.9912 0.1298
vn -0.2240 0.9359 0.2719
vn -0.0513 0.8485 0.5267
vn 0.3679 -0.1374 -0.9197
vn 0.1303 -0.0199 -0.9913
vn 0.2655 0.6906 -0.6728
vn -0.0355 -0.0042 -0.9994
vn -0.1777 0.1146 -0.9774
vn -0.2883 0.1864 -0.9392
vn -0.2170 0.8569 -0.4676
vn 0.5824 -0.0487 -0.8115
vn 0.6911 -0.0156 -0.7226
vn 0.7806 0.0494 -0.6230
vn 0.8210 0.2097 -0.5310
vn -0.0196 -0.9996 0.0200
vn -0.0196 -0.9997 0.0121
vn -0.0039 -0.9987 -0.0505
vn 0.8421 -0.2410 -0.4825
vn 0.5556 0.1746 0.8129
vn 0.7766 -0.1439 0.6133
vn 0.9129 -0.3703 -0.1719
vn 0.6420 0.3302 0.6919
vn 0.7868 -0.2738 -0.5531
vn 0.6915 0.4166 0.5901
vn 0.7240 -0.2752 -0.6326
vn 0.7707 0.4539 0.4473
vn 0.9372 0.3180 -0.1435
vn 0.2008 -0.5447 -0.8143
vn 0.0591 -0.6690 -0.7409
vn 0.5416 -0.3091 -0.7818
vn 0.7490 0.1681 -0.6409
vn 0.5183 -0.1994 -0.8317
vn 0.7015 0.1832 -0.6887
vn -0.0827 -0.7388 -0.6689
vn 0.2171 -0.4676 -0.8569
vn 0.2095 -0.2956 -0.9321
vn 0.2016 -0.1618 -0.9660
vn 0.0118 0.5742 0.8186
vn 0.1379 0.6075 0.7822
vn -0.1294 0.4961 0.8586
vn -0.1689 0.4345 0.8847
vn -0.1999 0.3012 0.9324
vn -0.2234 0.2230 0.9489
vn 0.7647 0.6363 -0.1014
vn 0.8356 -0.2101 -0.5076
vn 0.7811 0.1927 -0.5939
vn 0.7100 0.6256 -0.3234
vn 0.3030 0.8758 0.3756
vn 0.2163 0.9140 0.3432
vn 0.8279 0.5593 0.0425
vn 0.7286 -0.6532 -0.2061
vn 0.1373 -0.8595 -0.4924
vn 0.1218 -0.9287 -0.3504
vn 0.5932 -0.7785 0.2050
vn 0.8506 0.4821 0.2099
vn 0.0431 -0.9991 0.0043
vn 0.5625 -0.6567 0.5023
vn 0.7953 0.5692 0.2085
vn -0.0352 -0.9531 0.3007
vn 0.4049 -0.5425 0.7360
vn 0.7851 0.5529 0.2792
vn 0.1527 -0.3021 0.9409
vn -0.1130 -0.8534 0.5088
vn -0.2926 -0.6245 0.7242
vn -0.1685 -0.2394 0.9562
vn 0.6202 0.6355 0.4599
vn -0.3636 -0.4997 0.7862
vn 0.2570 0.9500 -0.1774
vn 0.2005 0.9730 0.1141
vn 0.3276 0.8746 -0.3575
vn 0.3763 0.8211 -0.4292
vn 0.7205 -0.6831 -0.1190
vn 0.8183 -0.3591 -0.4489
vn 0.8588 -0.3269 -0.3945
vn 0.7030 -0.7105 0.0310
vn 0.8712 -0.4181 -0.2574
vn 0.3057 0.6036 -0.7363
vn 0.4791 0.4193 -0.7711
vn -0.3113 0.7997 -0.5134
vn -0.3748 0.7771 -0.5057
vn -0.2335 0.8191 -0.5239
vn 0.4886 0.5654 -0.6646
vn 0.4667 -0.8833 -0.0447
vn 0.5125 -0.8298 0.2207
vn 0.2696 -0.9554 0.1208
vn 0.2464 -0.9674 -0.0588
vn 0.2391 -0.9692 -0.0589
vn 0.5615 -0.8222 -0.0928
vn 0.3815 -0.9038 -0.1940
vn 0.8872 -0.4612 0.0113
vn 0.7068 0.4550 0.5417
vn 0.4754 -0.8336 -0.2813
vn 0.8867 -0.3861 0.2545
vn 0.3894 0.6051 0.6944
vn 0.6330 -0.7612 -0.1411
vn 0.5938 -0.3146 0.7405
vn 0.6967 -0.6690 0.2588
vn 0.1215 -0.3340 0.9347
vn 0.4424 -0.6916 0.5710
vn 0.0432 0.5357 0.8433
vn -0.3179 0.5501 0.7722
vn -0.6240 0.5002 0.6003
vn -0.5328 0.8388 -0.1121
vn -0.5388 0.8175 0.2032
vn -0.2641 0.8625 0.4317
vn -0.1688 0.8752 0.4533
vn -0.4278 0.8186 0.3833
vn -0.3948 -0.4366 0.8084
vn -0.8123 0.5562 0.1755
vn 0.1138 -0.8108 0.5741
vn -0.6381 -0.5195 0.5683
vn -0.8050 0.5866 0.0888
vn -0.7319 -0.6177 0.2878
vn -0.0508 -0.8884 0.4563
vn -0.1210 -0.9598 0.2535
vn -0.6391 -0.7589 -0.1251
vn -0.9058 0.4186 -0.0655
vn -0.0586 -0.9970 -0.0504
vn -0.5533 -0.6636 -0.5035
vn -0.8472 0.4567 -0.2714
vn -0.8670 -0.0120 -0.4981
vn -0.6818 0.1106 -0.7231
vn -0.7823 0.5254 -0.3347
vn -0.6503 0.3399 -0.6794
vn -0.5251 0.1168 -0.8430
vn -0.4769 -0.0180 -0.8788
vn -0.5074 0.8335 0.2187
vn -0.5313 0.8183 0.2191
vn -0.4694 0.8593 0.2031
vn 0.0432 -0.9358 -0.3500
vn -0.6834 -0.4794 0.5506
vn -0.3346 0.9417 0.0361
vn -0.3120 0.9334 -0.1770
vn -0.4143 0.8760 -0.2469
vn 0.5511 0.0858 -0.8300
vn 0.9904 -0.0017 0.1381
vn 0.9972 -0.0027 0.0750
vn 0.7728 0.0652 -0.6313
vn 0.9666 -0.2563 0.0080
vn 0.6287 -0.4883 -0.6052
vn 0.7985 -0.6016 0.0215
vn 0.2711 -0.8899 -0.3668
vn -0.4933 0.0847 -0.8657
vn -0.3977 -0.4343 -0.8082
vn -0.2557 -0.8533 -0.4545
vn -0.8839 -0.2772 -0.3767
vn -0.8205 -0.4801 -0.3103
vn -0.9004 0.0678 -0.4297
vn -0.4462 0.0923 -0.8901
vn -0.9282 -0.0099 -0.3719
vn -0.4382 0.1239 -0.8903
vn 0.6379 0.0789 -0.7661
vn -0.8537 -0.0830 -0.5141
vn -0.4223 0.0526 -0.9049
vn 0.9060 -0.0107 -0.4232
vn 0.9422 0.0014 0.3351
vn 0.6537 -0.0161 -0.7566
vn 0.9271 0.0021 0.3748
vn -0.3748 -0.0188 -0.9269
vn 0.5664 -0.0963 -0.8185
vn -0.4063 -0.0817 -0.9101
vn -0.8920 -0.0112 -0.4518
vn -0.9906 -0.0061 -0.1369
vn 0.8040 -0.1636 -0.5717
vn -0.3828 -0.1055 -0.9178
vn 0.9188 -0.1400 0.3690
vn 0.9335 0.0018 0.3585
vn -0.9152 -0.1123 -0.3871
vn 0.6709 0.5357 -0.5128
vn -0.2649 0.4968 -0.8265
vn 0.4063 0.9009 -0.1525
vn -0.3977 0.8164 -0.4187
vn -0.8550 0.3445 -0.3878
vn -0.7993 0.1522 -0.5813
vn 0.9691 0.1592 -0.1885
vn 0.8643 0.4572 0.2098
vn 0.9420 -0.3283 -0.0696
vn -0.7986 -0.3190 -0.5103
vn 0.4960 0.2685 -0.8258
vn 0.6304 0.1583 -0.7599
vn 0.3758 0.8563 0.3542
vn -0.1460 -0.1302 -0.9807
vn 0.4709 -0.4671 -0.7484
vn 0.7872 -0.4693 -0.4000
vn 0.5470 -0.7346 -0.4015
vn 0.8606 0.4771 -0.1782
vn 0.8292 0.4917 -0.2658
vn 0.9750 -0.2104 -0.0716
vn 0.8823 0.4706 -0.0115
vn 0.8299 -0.5036 0.2402
vn 0.5774 -0.7860 0.2208
vn 0.6723 -0.4905 0.5544
vn 0.8498 0.5193 0.0905
vn 0.1216 0.2626 0.9572
vn 0.7566 0.3998 -0.5175
vn 0.4372 0.8591 0.2659
vn 0.5479 0.8114 0.2038
vn 0.3028 0.9280 0.2172
vn 0.2949 0.9549 -0.0350
vn 0.3427 0.9144 -0.2156
vn 0.3747 0.8914 -0.2549
vn 0.8029 0.5381 0.2564
vn 0.3921 0.8789 -0.2716
vn 0.5963 0.4569 0.6601
vn 0.3408 -0.5243 0.7803
vn -0.1524 -0.3879 0.9090
vn 0.0983 0.6067 0.7888
vn 0.5008 0.8432 0.1955
vn -0.6766 -0.3140 0.6661
vn -0.4871 -0.7850 0.3829
vn -0.6049 -0.7822 0.1492
vn -0.2222 -0.8543 0.4700
vn -0.1286 -0.8371 0.5317
vn 0.3188 0.9207 0.2253
vn -0.1767 0.7446 0.6438
vn -0.8263 -0.3414 0.4480
vn -0.5841 -0.8110 0.0326
vn -0.5948 0.6959 0.4025
vn -0.8790 -0.4466 0.1673
vn -0.8885 -0.4575 0.0347
vn -0.7349 0.6662 0.1268
vn -0.8593 -0.4927 -0.1373
vn -0.7298 0.6474 -0.2195
vn -0.7727 -0.5198 -0.3643
vn -0.5318 0.5931 -0.6045
vn -0.6158 -0.5543 -0.5599
vn -0.1776 0.5113 -0.8408
vn -0.4923 -0.5427 -0.6806
vn -0.0039 0.3762 -0.9265
vn -0.1777 -0.0592 -0.9823
vn -0.0983 0.9886 0.1139
vn 0.0669 0.9757 0.2087
vn -0.5371 -0.8433 -0.0218
vn -0.3788 -0.9253 0.0188
vn -0.4421 -0.8965 -0.0287
vn -0.4796 -0.8768 0.0336
vn -0.4263 -0.9027 0.0575
vn -0.5041 -0.8635 0.0178
vn -0.1300 0.9874 -0.0907
vn 0.0118 0.9426 -0.3338
vn 0.2732 0.8684 -0.4139
vn 0.4002 0.8218 -0.4056
vn 0.4073 -0.0186 -0.9131
vn 0.2328 -0.4598 -0.8570
vn -0.2706 -0.7969 -0.5401
vn -0.3027 -0.7294 -0.6135
vn 0.4720 0.3080 -0.8260
vn 0.7476 -0.4236 -0.5115
vn 0.6903 -0.5944 -0.4125
vn 0.5601 -0.8272 -0.0454
vn 0.5789 -0.8154 -0.0066
vn 0.7701 -0.5847 -0.2552
vn 0.5423 0.5079 -0.6693
vn 0.3649 -0.8863 0.2851
vn 0.3413 -0.9186 0.1991
vn 0.2625 -0.9582 0.1134
vn 0.7674 -0.6351 -0.0882
vn 0.7641 0.5449 -0.3453
vn 0.7840 -0.6177 0.0611
vn 0.7957 0.6055 -0.0137
vn 0.7746 -0.6150 0.1475
vn 0.7248 0.6188 0.3030
vn 0.7748 -0.5740 0.2649
vn 0.5096 0.6219 0.5945
vn 0.2154 -0.9743 0.0666
vn 0.2227 -0.9736 -0.0508
vn 0.2951 -0.9430 -0.1541
vn 0.7511 -0.5326 0.3901
vn 0.0432 0.5594 0.8278
vn 0.4048 -0.8953 -0.1861
vn 0.5945 -0.5138 0.6186
vn -0.4124 0.6583 0.6297
vn 0.4670 -0.8627 -0.1942
vn 0.1778 0.9831 -0.0435
vn 0.1618 0.9464 -0.2796
vn 0.0197 0.8795 -0.4754
vn -0.0748 0.8299 -0.5528
vn -0.4854 0.8443 0.2272
vn -0.3350 0.8993 0.2812
vn -0.0589 0.9512 0.3028
vn 0.0985 0.9762 0.1931
vn -0.5883 0.6923 -0.4179
vn -0.5259 0.4352 -0.7308
vn -0.5732 0.3877 -0.7219
vn -0.6113 0.7575 -0.2291
vn -0.0512 -0.5298 -0.8466
vn -0.7377 0.4776 -0.4772
vn -0.2168 -0.5608 -0.7991
vn -0.5617 -0.4938 -0.6638
vn -0.8458 0.4640 -0.2632
vn -0.5561 0.8259 0.0932
vn -0.4214 0.8891 0.1787
vn -0.8270 -0.4790 -0.2942
vn -0.8919 0.4514 -0.0269
vn -0.9910 -0.1044 0.0839
vn -0.3111 0.9481 -0.0664
vn -0.8489 -0.2942 0.4390
vn -0.8507 0.5224 0.0583
vn -0.8372 0.4875 0.2477
vn -0.4031 -0.5480 0.7330
vn -0.7176 0.4517 0.5301
vn -0.5525 -0.7693 -0.3207
vn -0.0824 -0.8217 -0.5639
vn 0.3017 -0.9168 0.2617
vn 0.3954 -0.9017 0.1750
vn -0.0742 -0.5924 0.8022
vn 0.1686 -0.9161 0.3639
vn -0.4753 0.8572 -0.1984
vn -0.6036 0.7915 -0.0956
vn -0.3192 0.9228 -0.2158
vn 0.2941 -0.8578 -0.4215
vn 0.4121 -0.8643 -0.2884
vn -0.3345 0.5904 0.7345
vn -0.9107 -0.3846 0.1508
vn -0.8027 -0.3327 0.4949
vn -0.7235 -0.6787 -0.1260
vn -0.6700 -0.7201 -0.1805
vn -0.7627 -0.6460 -0.0327
vn -0.6136 -0.7798 -0.1243
vn -0.7812 0.3731 0.5005
vn 0.0671 0.8568 0.5112
vn 0.3277 0.8555 0.4009
vn 0.0825 0.4893 0.8682
vn 0.6298 0.7444 0.2218
vn -0.7641 -0.6401 -0.0799
vn -0.6231 -0.7789 0.0713
vn -0.8193 -0.4718 -0.3257
vn -0.5817 -0.7980 0.1573
vn -0.7192 -0.3438 -0.6037
vn -0.5420 -0.8283 0.1420
vn -0.5805 0.3635 -0.7286
vn -0.2332 0.5364 -0.8111
vn 0.3124 0.8515 -0.4211
vn 0.1780 0.8426 -0.5082
vn 0.4070 0.8440 -0.3494
vn -0.1306 0.4810 -0.8669
vn -0.5727 0.2204 -0.7896
vn 0.4789 0.5070 -0.7167
vn 0.6231 0.5024 -0.5995
vn 0.5472 -0.6734 -0.4971
vn 0.4208 -0.6744 -0.6067
vn 0.7218 -0.6469 -0.2460
vn 0.8057 0.5072 -0.3059
vn 0.7743 -0.6326 0.0141
vn 0.8504 0.5261 -0.0045
vn 0.7365 -0.6220 0.2660
vn 0.7950 0.5461 0.2640
vn 0.5610 -0.6069 0.5630
vn 0.6033 0.5651 0.5628
vn 0.1056 -0.5857 0.8036
vn 0.1455 0.5520 0.8210
vn -0.4036 -0.6122 0.6800
vn -0.4208 0.5427 0.7269
vn -0.6913 -0.5990 0.4041
vn -0.7355 0.5377 0.4123
vn -0.7700 -0.6190 0.1546
vn -0.8278 0.5400 0.1522
vn -0.7716 -0.6248 -0.1192
vn -0.8539 0.4973 -0.1536
vn -0.6011 -0.6556 -0.4570
vn -0.6895 0.4999 -0.5242
vn -0.3505 -0.6451 -0.6790
vn -0.3915 0.4898 -0.7790
vn -0.2245 -0.5915 -0.7744
vn -0.2094 0.4563 -0.8648
vn -0.0752 0.9496 -0.3043
vn -0.1542 0.9402 -0.3038
vn -0.2640 0.9382 -0.2239
vn -0.1756 -0.9779 0.1133
vn -0.0975 -0.9847 0.1446
vn -0.0039 -0.9906 0.1366
vn 0.0978 -0.9878 0.1215
vn 0.1912 -0.9781 0.0820
vn 0.2232 -0.9746 0.0196
vn 0.1838 -0.9823 -0.0351
vn 0.1367 -0.9822 -0.1287
vn 0.1289 -0.9759 -0.1758
vn -0.2065 -0.9775 0.0430
vn -0.1523 -0.9883 -0.0115
vn -0.0896 -0.9947 -0.0503
vn -0.0821 -0.9910 -0.1053
vn -0.0975 -0.9810 -0.1675
vn -0.3416 0.9375 -0.0661
vn -0.3673 0.9290 0.0443
vn -0.2646 0.9543 0.1387
vn -0.1303 0.9708 0.2016
vn 0.0434 0.9714 0.2333
vn 0.1924 0.9652 0.1770
vn 0.2643 0.9601 0.0911
vn 0.2949 0.9555 -0.0114
vn 0.2716 0.9547 -0.1216
vn 0.1703 0.9677 -0.1859
vn 0.1069 0.9752 -0.1939
vn -0.9604 -0.2490 -0.1255
vn -0.9130 0.0653 0.4026
vn -0.6030 -0.1584 -0.7819
vn -0.6578 -0.3144 -0.6844
vn -0.7363 -0.0778 -0.6721
vn 0.1541 -0.1698 -0.9734
vn -0.1221 -0.3732 -0.9197
vn -0.8355 0.4867 0.2550
vn -0.1613 -0.4663 -0.8698
vn -0.5163 -0.1830 -0.8367
vn -0.8670 -0.0119 -0.4981
vn 0.0747 -0.6216 -0.7798
vn -0.2723 -0.2713 -0.9232
vn -0.1460 -0.2247 -0.9634
vn 0.1693 -0.7233 -0.6694
vn 0.3044 -0.0192 -0.9524
vn -0.6834 -0.4793 0.5506
vn -0.3819 0.5903 0.7111
vn -0.8202 0.3952 0.4136
vn -0.3578 0.4418 0.8226
vn -0.3960 0.2065 0.8947
vn -0.4274 0.1203 0.8960
vn 0.7643 0.6018 0.2319
vn 0.6446 -0.4333 -0.6298
vn 0.5335 -0.4502 -0.7160
vn 0.7614 0.5692 0.3104
vn 0.6520 -0.3389 -0.6783
vn 0.7877 0.5925 0.1686
vn -0.1383 0.7927 -0.5937
vn -0.6234 0.5693 0.5359
vn -0.6250 0.5165 0.5853
vn -0.6020 0.6181 0.5056
vn -0.5375 0.6096 0.5826
vn 0.7849 0.5681 0.2473
vn -0.4822 0.5558 0.6772
vn 0.8167 0.4749 0.3278
vn -0.3255 0.4564 0.8281
vn 0.8405 0.3733 0.3926
vn -0.1607 0.0981 0.9821
vn 0.8722 0.1142 0.4757
vn -0.8044 -0.4419 -0.3971
vn 0.8272 0.4255 -0.3670
vn 0.7077 -0.3616 -0.6070
vn 0.6289 -0.5507 -0.5489
vn 0.7070 0.7007 0.0954
vn 0.6436 -0.4795 -0.5965
vn -0.9455 0.3256 -0.0014
vn -0.8458 -0.0597 -0.5302
vn 0.7173 0.0562 -0.6945
vn -0.7739 -0.4511 -0.4445
vn -0.8128 -0.4881 -0.3181
vn -0.7644 0.5427 0.3481
vn -0.7492 -0.6121 -0.2530
vn -0.7421 -0.5290 -0.4117
vn -0.8889 -0.0113 -0.4580
vn -0.1781 0.5771 -0.7970
vn -0.8125 -0.5033 -0.2942
vn 0.7031 0.5692 -0.4263
vn -0.7818 0.5900 -0.2019
vn -0.1700 0.2021 -0.9645
vn 0.7717 -0.2665 -0.5775
vn -0.8581 -0.4086 -0.3109
vn 0.6665 -0.0159 -0.7453
vn 0.7661 0.3206 -0.5570
vn -0.8995 0.3614 -0.2454
vn 0.6467 0.6157 -0.4503
vn -0.1855 -0.1381 -0.9729
vn 0.6911 -0.6413 -0.3334
vn -0.7514 0.6303 -0.1950
vn -0.9044 -0.4266 0.0108
vn 0.5977 -0.1985 -0.7767
vn -0.9385 -0.1191 -0.3240
vn 0.5984 0.4290 -0.6767
vn 0.8615 -0.4981 0.0985
vn 0.8469 -0.5318 0.0046
vn -0.3629 -0.8003 0.4774
vn 0.8851 -0.4340 0.1683
vn -0.1209 -0.7897 0.6015
vn 0.9427 -0.3015 0.1429
vn 0.0741 -0.7580 0.6480
vn -0.5265 -0.7704 0.3595
vn -0.1617 -0.4126 -0.8964
vn -0.9162 0.2665 -0.2992
vn 0.8394 -0.2803 0.4657
vn -0.4108 -0.3739 0.8315
vn -0.6250 0.5165 0.5854
vn -0.8043 -0.4420 -0.3971
vn -0.8127 -0.4881 -0.3182
vn -0.6234 0.5694 0.5359
vn -0.1383 0.7928 -0.5936
vn -0.7738 -0.4511 -0.4446
vn -0.5374 0.6097 0.5826
vn -0.7749 0.4980 0.3894
vn -0.4821 0.5559 0.6772
vn -0.9455 0.3256 -0.0013
vn -0.7421 -0.5289 -0.4118
vn -0.7492 -0.6121 -0.2531
vn -0.9913 -0.0490 0.1223
vn -0.8581 -0.4087 -0.3109
vn -0.7620 -0.6101 0.2170
vn -0.7817 0.5900 -0.2020
vn -0.8995 0.3614 -0.2455
vn -0.9162 0.2665 -0.2993
vn -0.7514 0.6303 -0.1951
vn -0.8488 -0.4453 0.2849
vn -0.5265 -0.7704 0.3596
vn -0.1616 -0.4126 -0.8964
vn -0.1208 -0.7897 0.6014
vn -0.8673 0.1996 0.4560
vn -0.3255 0.4565 0.8281
vn -0.4107 -0.3740 0.8315
vn -0.1606 0.0980 0.9821
vn -0.4902 0.7484 0.4468
vn -0.8673 0.1997 0.4560
vn 0.2014 0.9333 0.2972
vn -0.5625 0.6725 0.4809
vn -0.9212 -0.3815 -0.0762
vn -0.9111 -0.4111 -0.0286
vn -0.9044 0.0029 0.4267
vn -0.9924 0.0177 -0.1219
vn -0.4108 -0.3740 0.8315
vn -0.8017 -0.3244 0.5020
vn 0.0742 -0.7580 0.6480
vn -0.1208 -0.7897 0.6015
vn -0.8480 -0.4609 0.2615
vn -0.8903 -0.4224 -0.1698
vn -0.9146 -0.0104 -0.4042
vn -0.6036 0.0701 -0.7942
vn -0.3346 0.9051 -0.2625
vn -0.8987 0.4364 0.0440
vn -0.4976 -0.6711 -0.5496
vn -0.4742 -0.7635 -0.4385
vn -0.1455 -0.6374 -0.7566
vn -0.2564 -0.0194 -0.9664
vn -0.2010 0.7746 -0.5996
vn -0.9396 0.3329 -0.0801
vn -0.5909 -0.6778 0.4375
vn -0.7621 -0.6101 0.2169
vn 0.0664 -0.9516 0.3002
vn -0.5975 -0.7169 0.3592
vn 0.0117 -0.9749 0.2223
vn -0.9991 -0.0032 0.0431
vn -0.7736 0.6315 -0.0534
vn -0.1142 0.9109 -0.3965
vn -0.9829 -0.0010 0.1841
vn 0.9133 -0.0105 -0.4071
vn 0.9298 -0.0099 -0.3679
vn 0.9203 -0.0102 -0.3910
vn 0.9069 0.0606 -0.4169
vn 0.9217 -0.1285 -0.3659
vn 0.9141 -0.1367 -0.3817
vn 0.9141 -0.1368 -0.3817
vn 0.8911 0.1556 -0.4263
vn 0.8904 -0.0113 -0.4550
vn 0.8830 0.1951 -0.4269
vn 0.9064 -0.0819 -0.4144
vn 0.9068 0.1003 -0.4095
vn 0.9146 0.0927 -0.3935
vn -0.3501 0.6289 0.6942
vn -0.6242 0.4694 0.6246
vn 0.0510 0.1844 0.9815
vn -0.1620 0.9781 0.1305
vn 0.3184 0.7293 0.6056
vn 0.6266 0.1423 0.7662
vn 0.8507 0.4746 0.2259
vn 0.9598 0.2806 0.0073
vn 0.4158 0.9057 -0.0819
vn 0.6677 0.6576 0.3490
vn 0.6601 0.6427 0.3889
vn 0.8181 0.5520 0.1611
vn 0.7774 0.5991 0.1917
vn 0.6350 0.6728 0.3797
vn 0.9044 0.4216 -0.0660
vn 0.4530 0.7061 0.5442
vn 0.4133 0.7060 0.5752
vn 0.2240 0.7449 0.6285
vn 0.1926 0.7533 0.6288
vn -0.1379 0.7706 0.6222
vn -0.2392 0.7202 0.6512
vn -0.6159 0.5698 0.5440
vn -0.4904 0.6413 0.5901
vn -0.6157 0.5850 0.5279
vn -0.9139 0.2368 0.3297
vn -0.8665 0.3546 0.3512
vn -0.8676 0.2464 0.4319
vn -0.9916 0.0762 0.1046
vn -0.9510 0.0010 0.3091
vn -0.8364 0.2941 0.4626
vn -0.8886 -0.1614 0.4293
vn -0.9910 -0.0806 0.1071
vn -0.9994 -0.0200 -0.0271
vn -0.0591 0.7324 0.6783
vn 0.1531 0.7138 0.6835
vn 0.3432 0.7160 0.6079
vn 0.5174 0.6838 0.5144
vn -0.9987 -0.0048 -0.0508
vn -0.7012 -0.0630 0.7102
vn -0.5378 0.6640 0.5194
vn -0.3332 0.6577 0.6755
vn -0.4108 0.0107 0.9116
vn 0.0275 0.6449 0.7638
vn 0.0353 0.0121 0.9993
vn 0.3987 0.6228 0.6731
vn 0.5154 -0.0610 0.8548
vn 0.5650 0.6908 0.4512
vn 0.7685 -0.0725 0.6357
vn 0.8874 -0.0755 0.4548
vn 0.6582 0.6716 0.3400
vn 0.7246 0.6492 0.2311
vn 0.9514 -0.1976 0.2361
vn 0.9605 0.2586 0.1026
vn 0.0040 1.0000 0.0037
vn 0.9916 -0.1001 -0.0814
vn 0.9924 0.0896 -0.0845
vn 0.9527 0.2954 -0.0720
vn 0.9539 0.0388 -0.2975
vn 0.9422 -0.0093 -0.3350
vn 0.9204 -0.0102 -0.3909
vn 0.9392 0.2137 -0.2690
vn 0.8984 -0.0110 -0.4391
vn 0.8647 0.4726 0.1700
vn 0.2465 -0.6417 0.7263
vn 0.4432 -0.5655 0.6956
vn 0.3102 -0.5173 0.7976
vn 0.6094 -0.4337 0.6637
vn 0.7043 -0.2768 0.6537
vn 0.7525 -0.1671 0.6371
vn 0.1526 -0.6255 0.7652
vn 0.0510 -0.5231 0.8508
vn -0.0039 -0.3962 0.9182
vn -0.9987 -0.0047 -0.0509
vn -0.9983 -0.0049 -0.0587
vn -0.9978 -0.0050 -0.0664
vn -0.9910 -0.1298 -0.0332
vn -0.9672 -0.2212 0.1250
vn -0.9672 -0.2293 0.1094
vn -0.9108 -0.3928 0.1275
vn -0.7797 -0.1430 0.6096
vn -0.9142 -0.3677 -0.1706
vn -0.8337 -0.5515 0.0284
vn -0.8568 -0.5063 -0.0975
vn -0.9124 -0.3773 0.1588
vn -0.8902 -0.3074 -0.3363
vn -0.9757 -0.0869 0.2013
vn -0.9543 -0.0558 -0.2937
vn -0.2170 -0.2008 -0.9553
vn -0.7109 -0.3749 -0.5950
vn -0.2328 -0.1220 -0.9648
vn 0.6213 -0.2455 -0.7441
vn 0.4703 -0.3019 -0.8292
vn -0.1460 -0.2875 -0.9466
vn 0.6854 -0.0790 -0.7238
vn 0.8646 -0.3571 -0.3536
vn 0.9458 -0.0566 -0.3197
vn 0.7226 -0.4078 -0.5582
vn 0.7217 -0.4774 -0.5012
vn 0.6534 -0.3160 -0.6879
vn 0.7551 -0.4388 -0.4872
vn 0.6927 -0.3623 -0.6236
vn 0.9597 -0.2509 -0.1264
vn 0.7803 -0.0773 -0.6207
vn 0.8279 -0.1158 -0.5488
vn 0.7641 -0.1092 -0.6358
vn 0.7957 -0.0137 -0.6055
vn 0.8983 -0.0110 -0.4392
vn 0.0039 -0.9994 0.0357
vn 0.0040 -0.9994 0.0356
vn -0.0039 -0.9999 0.0122
vn -0.1448 -0.8497 -0.5070
vn -0.0274 -0.9987 -0.0427
vn -0.0351 -0.9967 -0.0738
vn -0.1455 -0.8383 -0.5254
vn -0.1852 -0.6619 -0.7263
vn -0.1844 -0.6745 -0.7149
vn -0.2165 -0.5134 -0.8304
vn -0.2246 -0.4513 -0.8637
vn -0.2246 -0.4513 -0.8636
vn 0.1132 -0.8707 0.4786
vn 0.1132 -0.8707 0.4785
vn 0.2150 -0.5778 0.7874
vn 0.2073 -0.6098 0.7649
vn 0.2552 -0.0827 0.9633
vn 0.1851 0.6537 0.7338
vn 0.1065 0.8714 0.4790
vn -0.3808 0.8948 0.2329
vn 0.1616 0.7243 0.6703
vn 0.1768 0.7298 0.6603
vn 0.2095 0.8583 -0.4685
vn -0.2728 0.6891 -0.6714
vn 0.1218 0.8375 0.5327
vn 0.1928 0.8384 0.5098
vn 0.3505 0.8226 0.4477
vn 0.1299 0.9303 0.3431
vn 0.0828 0.9022 0.4233
vn 0.0668 0.9665 0.2477
vn 0.1146 0.9711 0.2096
vn 0.0434 0.9846 0.1695
vn 0.2641 0.9594 0.0989
vn 0.0276 0.9838 0.1772
vn 0.0197 0.9913 0.1299
vn 0.2165 0.9375 0.2724
vn 0.0434 0.8488 0.5269
vn -0.3747 -0.1370 -0.9170
vn -0.1381 -0.0199 -0.9902
vn 0.0277 -0.0042 -0.9996
vn 0.1700 0.1148 -0.9787
vn 0.2811 0.1868 -0.9413
vn 0.2095 0.8583 -0.4684
vn -0.5876 -0.0485 -0.8077
vn -0.6952 -0.0155 -0.7186
vn -0.7837 0.0492 -0.6192
vn -0.8236 0.2083 -0.5275
vn 0.0118 -0.9997 0.0200
vn 0.0118 -0.9999 0.0121
vn 0.0117 -0.9997 0.0200
vn -0.8444 -0.2394 -0.4793
vn -0.9142 -0.3676 -0.1707
vn -0.5610 0.1738 0.8094
vn -0.6466 0.3285 0.6885
vn -0.7898 -0.2721 -0.5497
vn -0.6956 0.4143 0.5869
vn -0.7276 -0.2737 -0.6290
vn -0.7739 0.4511 0.4446
vn -0.9381 0.3157 -0.1425
vn -0.2083 -0.5438 -0.8130
vn -0.0669 -0.6687 -0.7405
vn -0.5471 -0.3077 -0.7784
vn -0.7525 0.1671 -0.6371
vn -0.5240 -0.1985 -0.8283
vn -0.7055 0.1822 -0.6849
vn 0.0748 -0.7392 -0.6693
vn -0.2246 -0.4668 -0.8554
vn -0.2170 -0.2951 -0.9305
vn -0.2092 -0.1615 -0.9644
vn -0.0196 0.5741 0.8185
vn -0.1457 0.6068 0.7814
vn 0.1217 0.4966 0.8594
vn 0.1612 0.4351 0.8858
vn 0.1924 0.3017 0.9338
vn 0.2159 0.2234 0.9505
vn -0.7680 0.6325 -0.1008
vn -0.7842 0.1915 -0.5903
vn -0.8380 -0.2088 -0.5042
vn -0.7139 0.6221 -0.3216
vn -0.3102 0.8737 0.3747
vn -0.2237 0.9124 0.3426
vn -0.8304 0.5556 0.0422
vn -0.7323 -0.6494 -0.2050
vn -0.1450 -0.8585 -0.4919
vn -0.1295 -0.9277 -0.3500
vn -0.5982 -0.7749 0.2041
vn -0.8527 0.4789 0.2085
vn -0.0509 -0.9987 0.0043
vn -0.5678 -0.6538 0.5001
vn -0.7982 0.5657 0.2072
vn 0.0274 -0.9533 0.3008
vn -0.4114 -0.5408 0.7337
vn -0.7881 0.5495 0.2775
vn -0.1604 -0.3018 0.9398
vn 0.1053 -0.8541 0.5093
vn 0.2855 -0.6259 0.7258
vn 0.1609 -0.2397 0.9574
vn -0.6250 0.6324 0.4577
vn 0.3568 -0.5011 0.7884
vn -0.2643 0.9481 -0.1770
vn -0.2080 0.9715 0.1139
vn -0.3346 0.8723 -0.3565
vn -0.3830 0.8186 -0.4279
vn -0.7243 -0.6793 -0.1183
vn -0.7070 -0.7066 0.0309
vn -0.8608 -0.3247 -0.3919
vn -0.8209 -0.3567 -0.4460
vn -0.8731 -0.4152 -0.2557
vn -0.3128 0.6022 -0.7345
vn -0.4852 0.4177 -0.7682
vn 0.3042 0.8017 -0.5146
vn 0.3680 0.7793 -0.5072
vn 0.2260 0.8206 -0.5249
vn -0.4946 0.5632 -0.6620
vn -0.4728 -0.8800 -0.0445
vn -0.5182 -0.8265 0.2198
vn -0.2768 -0.9533 0.1206
vn -0.2538 -0.9655 -0.0587
vn -0.2464 -0.9674 -0.0588
vn -0.5669 -0.8186 -0.0924
vn -0.3882 -0.9011 -0.1934
vn -0.8889 -0.4580 0.0113
vn -0.7108 0.4524 0.5386
vn -0.4814 -0.8305 -0.2803
vn -0.8883 -0.3834 0.2527
vn -0.3960 0.6033 0.6923
vn -0.6377 -0.7574 -0.1404
vn -0.5989 -0.3131 0.7371
vn -0.7008 -0.6654 0.2573
vn -0.1293 -0.3336 0.9338
vn -0.4486 -0.6892 0.5690
vn -0.0510 0.5355 0.8430
vn 0.3108 0.5515 0.7741
vn 0.6192 0.5027 0.6032
vn 0.5270 0.8424 -0.1126
vn 0.5332 0.8210 0.2041
vn 0.2568 0.8643 0.4326
vn 0.1612 0.8763 0.4539
vn 0.4213 0.8213 0.3846
vn 0.3882 -0.4379 0.8109
vn 0.8096 0.5598 0.1766
vn -0.1215 -0.8101 0.5736
vn 0.6335 -0.5221 0.5711
vn 0.8022 0.5903 0.0893
vn 0.7282 -0.6213 0.2895
vn 0.0430 -0.8887 0.4564
vn 0.1132 -0.9606 0.2537
vn 0.6345 -0.7627 -0.1257
vn 0.9043 0.4217 -0.0660
vn 0.0508 -0.9974 -0.0504
vn 0.5478 -0.6664 -0.5057
vn 0.8450 0.4598 -0.2732
vn 0.8651 -0.0120 -0.5015
vn 0.6776 0.1111 -0.7270
vn 0.7792 0.5286 -0.3368
vn 0.6457 0.3416 -0.6829
vn 0.5194 0.1172 -0.8465
vn 0.4708 -0.0181 -0.8821
vn 0.5015 0.8368 0.2196
vn 0.5257 0.8218 0.2200
vn 0.4632 0.8625 0.2039
vn -0.0510 -0.9354 -0.3498
vn 0.6792 -0.4819 0.5535
vn 0.3276 0.9441 0.0362
vn 0.3049 0.9357 -0.1774
vn 0.4077 0.8789 -0.2477
vn -0.5565 0.0855 -0.8264
vn -0.7760 0.0648 -0.6274
vn -0.9972 -0.0027 0.0744
vn -0.9906 -0.0017 0.1370
vn -0.9671 -0.2544 0.0080
vn -0.6335 -0.4858 -0.6022
vn -0.8013 -0.5978 0.0213
vn -0.2783 -0.8880 -0.3660
vn 0.4873 0.0851 -0.8691
vn 0.3910 -0.4357 -0.8107
vn 0.2483 -0.8549 -0.4554
vn 0.8822 -0.2791 -0.3793
vn 0.8179 -0.4832 -0.3123
vn 0.8989 0.0683 -0.4328
vn 0.9204 -0.0102 -0.3910
vn 0.4399 0.0927 -0.8933
vn 0.9271 -0.0100 -0.3747
vn 0.4318 0.1243 -0.8934
vn -0.6426 0.0785 -0.7622
vn 0.8516 -0.0836 -0.5176
vn 0.4158 0.0528 -0.9079
vn -0.9074 -0.0107 -0.4202
vn -0.9431 0.0014 0.3326
vn -0.6582 -0.0160 -0.7527
vn -0.9430 0.0014 0.3326
vn -0.9282 0.0021 0.3721
vn 0.3680 -0.0189 -0.9296
vn -0.5718 -0.0959 -0.8148
vn 0.3997 -0.0819 -0.9130
vn 0.9904 -0.0062 -0.1380
vn -0.8068 -0.1626 -0.5681
vn 0.3760 -0.1058 -0.9206
vn -0.9200 -0.1390 0.3664
vn -0.9345 0.0018 0.3559
vn 0.9139 -0.1131 -0.3899
vn -0.6752 0.5328 -0.5101
vn 0.2575 0.4978 -0.8282
vn -0.4128 0.8980 -0.1520
vn 0.3911 0.8189 -0.4201
vn 0.8528 0.3468 -0.3904
vn 0.7964 0.1531 -0.5850
vn -0.9696 0.1580 -0.1871
vn -0.8662 0.4541 0.2083
vn -0.9429 -0.3259 -0.0691
vn 0.7958 -0.3210 -0.5135
vn -0.5019 0.2674 -0.8225
vn -0.6352 0.1575 -0.7561
vn -0.3826 0.8538 0.3531
vn 0.1383 -0.1303 -0.9818
vn -0.5525 -0.7314 -0.3997
vn -0.7902 -0.4664 -0.3975
vn -0.4770 -0.4654 -0.7456
vn -0.8626 0.4739 -0.1770
vn -0.8316 0.4885 -0.2641
vn -0.9754 -0.2088 -0.0711
vn -0.8840 0.4674 -0.0114
vn -0.8323 -0.5003 0.2386
vn -0.5826 -0.7825 0.2198
vn -0.6766 -0.4879 0.5515
vn -0.8520 0.5158 0.0899
vn -0.1294 0.2623 0.9563
vn -0.7599 0.3973 -0.5144
vn -0.4436 0.8562 0.2650
vn -0.5534 0.8079 0.2029
vn -0.3100 0.9257 0.2167
vn -0.3020 0.9527 -0.0349
vn -0.3496 0.9119 -0.2150
vn -0.3815 0.8887 -0.2542
vn -0.8057 0.5347 0.2548
vn -0.3987 0.8762 -0.2708
vn -0.6013 0.4547 0.6570
vn -0.3478 -0.5229 0.7782
vn 0.1447 -0.3884 0.9101
vn -0.1061 0.6062 0.7882
vn -0.5067 0.8399 0.1947
vn 0.6723 -0.3156 0.6696
vn 0.4811 -0.7879 0.3843
vn 0.6000 -0.7859 0.1499
vn 0.2148 -0.8557 0.4707
vn 0.1209 -0.8379 0.5323
vn -0.3258 0.9183 0.2247
vn 0.1690 0.7456 0.6446
vn 0.8238 -0.3436 0.4510
vn 0.5789 -0.8147 0.0328
vn 0.5896 0.6991 0.4044
vn 0.8771 -0.4497 0.1685
vn 0.8869 -0.4607 0.0350
vn 0.7312 0.6701 0.1276
vn 0.8572 -0.4961 -0.1382
vn 0.7261 0.6512 -0.2208
vn 0.7695 -0.5229 -0.3665
vn 0.5261 0.5956 -0.6070
vn 0.6109 -0.5570 -0.5626
vn 0.1699 0.5120 -0.8420
vn 0.4863 -0.5448 -0.6832
vn -0.0040 0.3762 -0.9265
vn 0.1700 -0.0593 -0.9837
vn 0.0905 0.9894 0.1139
vn -0.0747 0.9751 0.2086
vn 0.5314 -0.8468 -0.0218
vn 0.3721 -0.9280 0.0188
vn 0.4358 -0.8996 -0.0288
vn 0.4736 -0.8801 0.0337
vn 0.4199 -0.9057 0.0577
vn 0.4982 -0.8669 0.0179
vn 0.1222 0.9883 -0.0908
vn -0.0197 0.9425 -0.3337
vn -0.2805 0.8665 -0.4130
vn -0.4069 0.8192 -0.4042
vn -0.4138 -0.0186 -0.9102
vn -0.2403 -0.4589 -0.8554
vn 0.2633 -0.7986 -0.5413
vn 0.2956 -0.7311 -0.6149
vn -0.4782 0.3069 -0.8229
vn -0.6944 -0.5912 -0.4103
vn -0.7511 -0.4211 -0.5085
vn -0.5654 -0.8236 -0.0453
vn -0.5841 -0.8117 -0.0066
vn -0.7733 -0.5811 -0.2537
vn -0.5478 0.5057 -0.6664
vn -0.3717 -0.8838 0.2842
vn -0.3482 -0.9162 0.1986
vn -0.2698 -0.9563 0.1131
vn -0.7706 -0.6313 -0.0877
vn -0.7674 0.5415 -0.3432
vn -0.7871 -0.6139 0.0608
vn -0.7986 0.6017 -0.0136
vn -0.7777 -0.6113 0.1466
vn -0.7285 0.6153 0.3012
vn -0.7779 -0.5705 0.2633
vn -0.5154 0.6194 0.5921
vn -0.2229 -0.9726 0.0664
vn -0.2300 -0.9719 -0.0507
vn -0.3022 -0.9408 -0.1537
vn -0.7545 -0.5295 0.3878
vn -0.0510 0.5592 0.8275
vn -0.4114 -0.8924 -0.1855
vn -0.5996 -0.5114 0.6157
vn 0.4059 0.6604 0.6317
vn -0.4731 -0.8595 -0.1935
vn -0.1854 0.9817 -0.0434
vn -0.1694 0.9452 -0.2792
vn -0.0276 0.8794 -0.4753
vn 0.0670 0.8304 -0.5531
vn 0.4793 0.8475 0.2280
vn 0.3280 0.9016 0.2819
vn 0.0511 0.9516 0.3029
vn -0.1063 0.9754 0.1930
vn 0.5831 0.6955 -0.4198
vn 0.6063 0.7612 -0.2302
vn 0.5679 0.3895 -0.7251
vn 0.5202 0.4370 -0.7338
vn 0.0434 -0.5300 -0.8469
vn 0.7341 0.4804 -0.4799
vn 0.2092 -0.5617 -0.8004
vn 0.5563 -0.4960 -0.6667
vn 0.8436 0.4671 -0.2649
vn 0.5506 0.8295 0.0937
vn 0.4149 0.8920 0.1793
vn 0.8245 -0.4821 -0.2961
vn 0.8903 0.4547 -0.0271
vn 0.9908 -0.1052 0.0846
vn 0.3039 0.9504 -0.0666
vn 0.8467 -0.2962 0.4419
vn 0.8485 0.5259 0.0587
vn 0.8349 0.4908 0.2493
vn 0.3965 -0.5497 0.7353
vn 0.7138 0.4542 0.5331
vn 0.5470 -0.7726 -0.3221
vn 0.0747 -0.8222 -0.5643
vn -0.3088 -0.9146 0.2610
vn -0.4020 -0.8989 0.1744
vn 0.0664 -0.5927 0.8026
vn -0.1762 -0.9148 0.3634
vn 0.4692 0.8604 -0.1991
vn 0.5986 0.7953 -0.0960
vn 0.3121 0.9251 -0.2164
vn -0.3013 -0.8558 -0.4205
vn -0.4186 -0.8615 -0.2874
vn 0.3275 0.5919 0.7364
vn 0.7999 -0.3348 0.4980
vn 0.9094 -0.3873 0.1519
vn 0.7198 -0.6825 -0.1267
vn 0.6657 -0.7238 -0.1814
vn 0.7594 -0.6498 -0.0329
vn 0.6087 -0.7835 -0.1249
vn 0.7781 0.3754 0.5036
vn -0.0749 0.8564 0.5109
vn -0.3348 0.8532 0.3999
vn -0.0903 0.4890 0.8676
vn -0.6346 0.7407 0.2206
vn 0.7608 -0.6439 -0.0803
vn 0.6183 -0.7827 0.0717
vn 0.8167 -0.4749 -0.3278
vn 0.5766 -0.8016 0.1580
vn 0.7154 -0.3457 -0.6072
vn 0.5364 -0.8318 0.1426
vn 0.5752 0.3652 -0.7319
vn 0.2257 0.5374 -0.8126
vn -0.3195 0.8494 -0.4200
vn -0.1857 0.8414 -0.5075
vn -0.4135 0.8412 -0.3483
vn 0.1228 0.4815 -0.8678
vn 0.5673 0.2214 -0.7932
vn -0.4849 0.5051 -0.7139
vn -0.4272 -0.6722 -0.6047
vn -0.5527 -0.6705 -0.4950
vn -0.6279 0.4999 -0.5965
vn -0.7255 -0.6433 -0.2446
vn -0.8085 0.5039 -0.3039
vn -0.7774 -0.6288 0.0140
vn -0.8526 0.5226 -0.0045
vn -0.7400 -0.6184 0.2645
vn -0.7978 0.5427 0.2625
vn -0.5663 -0.6042 0.5605
vn -0.6083 0.5624 0.5601
vn -0.1133 -0.5852 0.8029
vn -0.1532 0.5514 0.8201
vn 0.3970 -0.6141 0.6821
vn 0.4143 0.5445 0.7293
vn 0.6872 -0.6022 0.4063
vn 0.7319 0.5408 0.4147
vn 0.7668 -0.6228 0.1555
vn 0.8253 0.5435 0.1532
vn 0.7684 -0.6286 -0.1200
vn 0.8517 0.5007 -0.1546
vn 0.5960 -0.6587 -0.4592
vn 0.6853 0.5026 -0.5271
vn 0.3436 -0.6469 -0.6808
vn 0.3847 0.4912 -0.7814
vn 0.2170 -0.5925 -0.7758
vn 0.2018 0.4571 -0.8662
vn 0.0674 0.9501 -0.3045
vn 0.1465 0.9413 -0.3041
vn 0.2566 0.9401 -0.2244
vn 0.1681 -0.9792 0.1134
vn 0.0898 -0.9854 0.1447
vn -0.1055 -0.9870 0.1214
vn -0.1987 -0.9766 0.0819
vn -0.2306 -0.9729 0.0195
vn -0.1913 -0.9809 -0.0350
vn -0.1443 -0.9811 -0.1286
vn -0.1366 -0.9749 -0.1756
vn 0.1991 -0.9790 0.0430
vn 0.1447 -0.9894 -0.0115
vn 0.0819 -0.9954 -0.0503
vn 0.0743 -0.9917 -0.1053
vn 0.0897 -0.9818 -0.1676
vn 0.3347 0.9400 -0.0663
vn 0.3605 0.9317 0.0445
vn 0.2573 0.9563 0.1390
vn 0.1225 0.9717 0.2018
vn -0.0513 0.9711 0.2332
vn -0.2000 0.9637 0.1767
vn -0.2716 0.9581 0.0909
vn -0.3021 0.9532 -0.0114
vn -0.2789 0.9526 -0.1214
vn -0.1780 0.9664 -0.1856
vn -0.1147 0.9743 -0.1937
vn 0.6533 -0.3160 -0.6880
vn 0.5979 -0.1592 -0.7856
vn 0.9117 0.0658 0.4055
vn 0.7327 -0.0782 -0.6761
vn -0.1618 -0.1696 -0.9721
vn 0.1143 -0.3736 -0.9205
vn 0.8331 0.4899 0.2567
vn 0.1536 -0.4669 -0.8708
vn 0.5105 -0.1837 -0.8401
vn 0.8650 -0.0120 -0.5015
vn -0.0824 -0.6212 -0.7793
vn 0.2650 -0.2719 -0.9251
vn 0.6776 0.1112 -0.7270
vn 0.1383 -0.2249 -0.9645
vn 0.5194 0.1173 -0.8465
vn -0.1769 -0.7223 -0.6685
vn -0.3115 -0.0192 -0.9501
vn 0.6792 -0.4819 0.5536
vn 0.3752 0.5921 0.7132
vn 0.8176 0.3978 0.4163
vn 0.3509 0.4431 0.8249
vn 0.3894 0.2072 0.8975
vn 0.4209 0.1207 0.8990
vn -0.7675 0.5981 0.2305
vn -0.7646 0.5658 0.3086
vn -0.5391 -0.4483 -0.7130
vn -0.6492 -0.4311 -0.6266
vn -0.6565 -0.3372 -0.6748
vn -0.7906 0.5889 0.1676
vn 0.1306 0.7936 -0.5943
vn 0.6186 0.5721 0.5385
vn 0.6202 0.5191 0.5882
vn 0.5970 0.6210 0.5079
vn 0.5319 0.6122 0.5851
vn -0.7879 0.5646 0.2458
vn 0.4762 0.5579 0.6797
vn -0.8194 0.4718 0.3257
vn 0.3185 0.4576 0.8302
vn -0.8428 0.3709 0.3900
vn 0.1530 0.0982 0.9833
vn -0.8740 0.1134 0.4725
vn 0.8016 -0.4447 -0.3996
vn -0.8296 0.4228 -0.3646
vn -0.7116 -0.3596 -0.6036
vn -0.6336 -0.5480 -0.5462
vn -0.7109 0.6968 0.0949
vn -0.6482 -0.4771 -0.5935
vn 0.9446 0.3281 -0.0014
vn 0.8435 -0.0601 -0.5338
vn -0.7211 0.0559 -0.6906
vn 0.7707 -0.4538 -0.4472
vn 0.8101 -0.4912 -0.3201
vn 0.7612 0.5459 0.3501
vn 0.7458 -0.6157 -0.2544
vn 0.7386 -0.5320 -0.4141
vn 0.8872 -0.0113 -0.4612
vn 0.1703 0.5779 -0.7981
vn 0.8098 -0.5065 -0.2960
vn -0.7070 0.5660 -0.4239
vn 0.7787 0.5936 -0.2033
vn 0.1623 0.2024 -0.9658
vn -0.7748 -0.2649 -0.5740
vn 0.8560 -0.4115 -0.3130
vn -0.6709 -0.0158 -0.7414
vn 0.8516 -0.0835 -0.5175
vn -0.7694 0.3186 -0.5536
vn 0.8980 0.3640 -0.2472
vn -0.6512 0.6126 -0.4480
vn 0.1779 -0.1382 -0.9743
vn -0.6952 -0.6378 -0.3315
vn 0.7480 0.6341 -0.1962
vn 0.9030 -0.4296 0.0108
vn -0.6028 -0.1976 -0.7730
vn 0.9376 -0.1200 -0.3264
vn -0.6034 0.4270 -0.6734
vn -0.8635 -0.4947 0.0978
vn -0.8491 -0.5282 0.0046
vn 0.3562 -0.8025 0.4787
vn -0.8868 -0.4310 0.1671
vn 0.1132 -0.7904 0.6020
vn -0.9436 -0.2993 0.1418
vn -0.0818 -0.7576 0.6476
vn 0.5209 -0.7735 0.3610
vn 0.1540 -0.4132 -0.8975
vn 0.9149 0.2684 -0.3014
vn -0.8417 -0.2784 0.4626
vn 0.4042 -0.3751 0.8342
vn 0.6201 0.5191 0.5882
vn 0.6185 0.5722 0.5385
vn 0.8100 -0.4913 -0.3201
vn 0.8015 -0.4448 -0.3996
vn 0.1305 0.7935 -0.5944
vn 0.7707 -0.4539 -0.4473
vn 0.5969 0.6210 0.5080
vn 0.8435 -0.0600 -0.5338
vn 0.5318 0.6122 0.5851
vn 0.7717 0.5011 0.3917
vn 0.4761 0.5579 0.6798
vn 0.9447 0.3280 -0.0013
vn 0.7385 -0.5320 -0.4141
vn 0.7611 0.5460 0.3501
vn 0.7457 -0.6158 -0.2545
vn 0.8098 -0.5065 -0.2961
vn 0.1704 0.5779 -0.7981
vn 0.9912 -0.0494 0.1232
vn 0.8560 -0.4114 -0.3130
vn 0.7587 -0.6138 0.2182
vn 0.7786 0.5936 -0.2032
vn 0.8515 -0.0836 -0.5176
vn 0.1624 0.2022 -0.9658
vn 0.9029 -0.4296 0.0108
vn 0.9149 0.2685 -0.3014
vn 0.7479 0.6341 -0.1962
vn 0.1778 -0.1383 -0.9743
vn 0.3561 -0.8025 0.4786
vn 0.8466 -0.4483 0.2868
vn 0.5208 -0.7736 0.3610
vn 0.1539 -0.4131 -0.8976
vn 0.8653 0.2010 0.4591
vn 0.3184 0.4576 0.8302
vn 0.4042 -0.3752 0.8342
vn 0.7717 0.5011 0.3918
vn 0.4842 0.7513 0.4485
vn -0.2090 0.9318 0.2967
vn 0.5571 0.6755 0.4831
vn 0.9200 -0.3843 -0.0768
vn 0.9098 -0.4140 -0.0288
vn 0.9029 0.0029 0.4298
vn 0.9923 0.0178 -0.1229
vn 0.7989 -0.3264 0.5051
vn -0.0819 -0.7576 0.6476
vn 0.1131 -0.7904 0.6020
vn 0.8458 -0.4640 0.2632
vn 0.8887 -0.4254 -0.1709
vn 0.5985 0.0704 -0.7980
vn 0.3276 0.9074 -0.2632
vn 0.8972 0.4394 0.0443
vn 0.4917 -0.6737 -0.5517
vn 0.4681 -0.7663 -0.4401
vn 0.1378 -0.6382 -0.7575
vn 0.2490 -0.0195 -0.9683
vn 0.1934 0.7758 -0.6006
vn 0.9386 0.3354 -0.0807
vn 0.5857 -0.6810 0.4395
vn 0.7588 -0.6137 0.2182
vn -0.0741 -0.9510 0.3001
vn 0.5925 -0.7202 0.3609
vn -0.0195 -0.9748 0.2222
vn 0.9990 -0.0032 0.0435
vn 0.7704 0.6353 -0.0536
vn 0.1064 0.9117 -0.3969
vn 0.9826 -0.0010 0.1855
vn -0.9309 -0.0098 -0.3652
vn -0.9083 0.0603 -0.4139
vn -0.9229 -0.1276 -0.3632
vn -0.9154 -0.1358 -0.3789
vn -0.8927 0.1544 -0.4233
vn -0.8847 0.1938 -0.4239
vn -0.9078 -0.0813 -0.4114
vn -0.9082 0.0996 -0.4066
vn -0.9159 0.0920 -0.3907
vt 0.052781 0.899907
vt 0.010254 0.905760
vt 0.052781 0.870640
vt 0.094331 0.906747
vt 0.052781 0.935029
vt 0.010254 0.963325
vt 0.052781 0.972105
vt 0.052781 0.999432
vt 0.094331 0.964311
vt 0.336919 0.718451
vt 0.392004 0.732098
vt 0.352377 0.795516
vt 0.360113 0.654047
vt 0.320485 0.654047
vt 0.414237 0.654047
vt 0.307927 0.744792
vt 0.306950 0.777955
vt 0.256703 0.773072
vt 0.258625 0.741864
vt 0.214176 0.782838
vt 0.233509 0.713568
vt 0.191943 0.721377
vt 0.229633 0.654047
vt 0.187106 0.800399
vt 0.149416 0.741864
vt 0.186145 0.654047
vt 0.170687 0.822842
vt 0.131060 0.654047
vt 0.082734 0.730158
vt 0.111727 0.793575
vt 0.157153 0.857963
vt 0.112688 0.849183
vt 0.053742 0.741864
vt 0.073075 0.654047
vt 0.257664 0.654047
vt 0.263462 0.688198
vt 0.284718 0.654047
vt 0.308888 0.689167
vt 0.011215 0.608190
vt 0.158114 0.936014
vt 0.182284 0.914541
vt 0.206439 0.948691
vt 0.190982 0.975032
vt 0.240269 0.970164
vt 0.235431 0.997476
vt 0.266361 0.972105
vt 0.271199 0.999432
vt 0.305013 0.954545
vt 0.319524 0.981871
vt 0.356237 0.957472
vt 0.335943 0.933087
vt 0.377508 0.894054
vt 0.415198 0.896981
vt 0.406500 0.856977
vt 0.265400 0.831622
vt 0.483818 0.807222
vt 0.459648 0.789662
vt 0.441291 0.746732
vt 0.491554 0.719421
vt 0.528267 0.726245
vt 0.496376 0.654047
vt 0.455787 0.654047
vt 0.558236 0.654047
vt 0.387167 0.825769
vt 0.045045 0.572099
vt 0.046967 0.588689
vt 0.036347 0.574055
vt 0.031510 0.576982
vt 0.028611 0.581850
vt 0.027649 0.588689
vt 0.054704 0.573069
vt 0.063401 0.576982
vt 0.069200 0.582835
vt 0.072099 0.588689
vt 0.802747 0.065744
vt 0.794049 0.008180
vt 0.828840 0.008180
vt 0.745724 0.042330
vt 0.745724 0.008180
vt 0.691600 0.036477
vt 0.693538 0.008180
vt 0.631678 0.034521
vt 0.635554 0.008180
vt 0.574670 0.040375
vt 0.575631 0.008180
vt 0.526345 0.008180
vt 0.520546 0.101851
vt 0.482856 0.008180
vt 0.473182 0.142825
vt 0.433555 0.138912
vt 0.451926 0.262821
vt 0.423896 0.262821
vt 0.408438 0.138912
vt 0.446128 0.008180
vt 0.405539 0.262821
vt 0.383307 0.138912
vt 0.373632 0.008180
vt 0.408438 0.008180
vt 0.388128 0.262821
vt 0.341741 0.136972
vt 0.362036 0.262821
vt 0.328222 0.008180
vt 0.300191 0.093055
vt 0.266361 0.008180
vt 0.249928 0.040375
vt 0.194842 0.034521
vt 0.211276 0.008180
vt 0.139757 0.035507
vt 0.151354 0.008180
vt 0.080797 0.040375
vt 0.100130 0.008180
vt 0.008316 0.059891
vt 0.039246 0.008180
vt 0.934188 0.925278
vt 0.919692 0.923321
vt 0.900359 0.910644
vt 0.953521 0.916497
vt 0.885863 0.895040
vt 0.968017 0.899907
vt 0.864607 0.858934
vt 0.985412 0.857963
vt 0.853010 0.811135
vt 0.990234 0.810150
vt 0.855909 0.772102
vt 0.974777 0.744792
vt 0.865568 0.737952
vt 0.308888 0.246231
vt 0.215137 0.246231
vt 0.215137 0.217950
vt 0.308888 0.217950
vt 0.215137 0.275514
vt 0.308888 0.275514
vt 0.215137 0.305752
vt 0.308888 0.305752
vt 0.215137 0.344769
vt 0.308888 0.344769
vt 0.286656 0.190623
vt 0.240269 0.190623
vt 0.273121 0.164282
vt 0.251865 0.164282
vt 0.251865 0.095998
vt 0.273121 0.095998
vt 0.024750 0.444294
vt 0.195804 0.425747
vt 0.194842 0.476487
vt 0.024750 0.482340
vt 0.024750 0.396480
vt 0.188083 0.377949
vt 0.024750 0.508681
vt 0.098192 0.560392
vt 0.024750 0.338916
vt 0.176486 0.320385
vt 0.189044 0.320385
vt 0.180346 0.263791
vt 0.022812 0.275514
vt 0.197742 0.186727
vt 0.024750 0.215022
vt 0.024750 0.142825
vt 0.011215 0.211111
vt 0.178408 0.117455
vt 0.062440 0.094041
vt 0.130083 0.081349
vt 0.195804 0.264777
vt 0.011215 0.278440
vt 0.849134 0.916497
vt 0.865568 0.916497
vt 0.850111 1.000402
vt 0.882002 0.923321
vt 0.897459 0.941868
vt 0.905196 0.971135
vt 0.907134 1.000402
vt 0.829816 0.923321
vt 0.811444 0.937955
vt 0.794049 0.960398
vt 0.785351 0.979915
vt 0.780514 1.000402
vt 0.019913 0.812106
vt 0.038270 0.813076
vt 0.037308 0.827709
vt 0.019913 0.827709
vt 0.028611 0.832593
vt 0.908095 0.359418
vt 0.866529 0.336975
vt 0.866529 0.287220
vt 0.908095 0.317458
vt 0.866529 0.378919
vt 0.908095 0.400392
vt 0.866529 0.417953
vt 0.908095 0.448190
vt 0.866529 0.452103
vt 0.866529 0.491121
vt 0.916793 0.446249
vt 0.916793 0.500871
vt 0.908095 0.501858
vt 0.866529 0.529169
vt 0.908095 0.548685
vt 0.866529 0.568201
vt 0.916793 0.544787
vt 0.916793 0.401363
vt 0.916793 0.358433
vt 0.916793 0.311605
vt 0.857832 0.451116
vt 0.857832 0.488194
vt 0.857832 0.416967
vt 0.857832 0.378919
vt 0.857832 0.335989
vt 0.857832 0.287220
vt 0.644251 0.585762
vt 0.686778 0.564289
vt 0.686778 0.599410
vt 0.644251 0.640399
vt 0.637476 0.583806
vt 0.637476 0.529169
vt 0.644251 0.528198
vt 0.686778 0.513564
vt 0.696437 0.560392
vt 0.696437 0.514535
vt 0.686778 0.479414
vt 0.644251 0.486238
vt 0.696437 0.481370
vt 0.686778 0.440396
vt 0.644251 0.441366
vt 0.696437 0.441366
vt 0.686778 0.407216
vt 0.644251 0.399407
vt 0.686778 0.380876
vt 0.696437 0.407216
vt 0.696437 0.379905
vt 0.686778 0.347696
vt 0.644251 0.364286
vt 0.696437 0.346725
vt 0.637476 0.440396
vt 0.637476 0.486238
vt 0.637476 0.400392
vt 0.637476 0.367212
vt 0.991211 0.638443
vt 0.982513 0.640399
vt 0.982513 0.617956
vt 0.991211 0.616986
vt 0.982513 0.573069
vt 0.944823 0.577952
vt 0.944823 0.608190
vt 0.937087 0.578922
vt 0.937087 0.603323
vt 0.937087 0.552583
vt 0.944823 0.553568
vt 0.982513 0.524285
vt 0.991211 0.573069
vt 0.991211 0.525271
vt 0.982513 0.508681
vt 0.991211 0.508681
vt 0.982513 0.494047
vt 0.991211 0.491121
vt 0.982513 0.461854
vt 0.942885 0.464780
vt 0.991211 0.461854
vt 0.982513 0.417953
vt 0.942885 0.421849
vt 0.991211 0.418923
vt 0.982513 0.360389
vt 0.991211 0.362345
vt 0.982513 0.318429
vt 0.991211 0.318429
vt 0.942885 0.383802
vt 0.942885 0.345756
vt 0.942885 0.304781
vt 0.934188 0.301854
vt 0.934188 0.346725
vt 0.934188 0.419894
vt 0.934188 0.462824
vt 0.934188 0.381847
vt 0.982513 0.273558
vt 0.942885 0.269660
vt 0.991211 0.272587
vt 0.982513 0.238436
vt 0.942885 0.218920
vt 0.982513 0.205257
vt 0.991211 0.238436
vt 0.991211 0.206243
vt 0.982513 0.173063
vt 0.942885 0.168180
vt 0.991211 0.173063
vt 0.982513 0.145752
vt 0.942885 0.124278
vt 0.982513 0.116484
vt 0.982513 0.078421
vt 0.942885 0.076481
vt 0.942885 0.031595
vt 0.982513 0.035507
vt 0.942885 0.008180
vt 0.934188 0.033550
vt 0.934188 0.077452
vt 0.934188 0.125265
vt 0.991211 0.145752
vt 0.991211 0.119412
vt 0.934188 0.170137
vt 0.934188 0.218920
vt 0.934188 0.267704
vt 0.890700 0.680388
vt 0.894560 0.671607
vt 0.916793 0.671607
vt 0.916793 0.680388
vt 0.964141 0.671607
vt 0.966079 0.680388
vt 0.979614 0.671607
vt 0.989273 0.680388
vt 0.918730 0.711612
vt 0.968017 0.711612
vt 0.986374 0.711612
vt 0.968017 0.719421
vt 0.980575 0.719421
vt 0.923552 0.719421
vt 0.877165 0.719421
vt 0.876204 0.711612
vt 0.855909 0.719421
vt 0.853010 0.711612
vt 0.848173 0.680388
vt 0.783413 0.719421
vt 0.804685 0.711612
vt 0.805646 0.680388
vt 0.783413 0.671607
vt 0.760220 0.680388
vt 0.761196 0.671607
vt 0.845273 0.671607
vt 0.735088 0.711612
vt 0.713832 0.680388
vt 0.714794 0.711612
vt 0.736065 0.719421
vt 0.714794 0.723318
vt 0.733166 0.723318
vt 0.628779 0.680388
vt 0.627817 0.711612
vt 0.628779 0.671607
vt 0.709972 0.671607
vt 0.628779 0.723318
vt 0.579492 0.680388
vt 0.578531 0.711612
vt 0.564996 0.680388
vt 0.564996 0.711612
vt 0.570794 0.718451
vt 0.581430 0.718451
vt 0.582391 0.676490
vt 0.567895 0.675521
vt 0.625879 0.676490
vt 0.626856 0.718451
vt 0.662608 0.649180
vt 0.686778 0.638443
vt 0.637476 0.638443
vt 0.762158 0.552583
vt 0.756359 0.552583
vt 0.756359 0.507711
vt 0.763119 0.506724
vt 0.723491 0.520388
vt 0.723491 0.560392
vt 0.756359 0.494047
vt 0.723491 0.488194
vt 0.756359 0.481370
vt 0.762158 0.483312
vt 0.756359 0.445264
vt 0.723491 0.450147
vt 0.760220 0.445264
vt 0.721569 0.609176
vt 0.713832 0.559422
vt 0.713832 0.608190
vt 0.713832 0.520388
vt 0.713832 0.488194
vt 0.713832 0.449176
vt 0.713832 0.410143
vt 0.723491 0.409172
vt 0.713832 0.371125
vt 0.723491 0.366242
vt 0.756359 0.400392
vt 0.756359 0.349652
vt 0.723491 0.319415
vt 0.713832 0.318429
vt 0.756359 0.304781
vt 0.767956 0.349652
vt 0.767956 0.300868
vt 0.767956 0.396480
vt 0.767956 0.440396
vt 0.713832 0.270630
vt 0.723491 0.272587
vt 0.756359 0.270630
vt 0.767956 0.269660
vt 0.723491 0.233554
vt 0.756359 0.235510
vt 0.756359 0.197463
vt 0.723491 0.200389
vt 0.756359 0.165253
vt 0.723491 0.167209
vt 0.756359 0.135986
vt 0.723491 0.138912
vt 0.756359 0.102822
vt 0.723491 0.104778
vt 0.756359 0.068670
vt 0.723491 0.067701
vt 0.738964 0.060862
vt 0.713832 0.202330
vt 0.713832 0.234524
vt 0.767956 0.235510
vt 0.767956 0.164282
vt 0.767956 0.197463
vt 0.767956 0.102822
vt 0.767956 0.134045
vt 0.767956 0.068670
vt 0.713832 0.168180
vt 0.713832 0.137942
vt 0.713832 0.103792
vt 0.713832 0.068670
vt 0.737026 0.617956
vt 0.756359 0.605263
vt 0.765057 0.604293
vt 0.765057 0.555509
vt 0.567895 0.598440
vt 0.610422 0.597468
vt 0.610422 0.616000
vt 0.615259 0.614058
vt 0.615259 0.597468
vt 0.610422 0.555509
vt 0.567895 0.554538
vt 0.619120 0.592586
vt 0.619120 0.555509
vt 0.619120 0.518432
vt 0.610422 0.517461
vt 0.567895 0.516491
vt 0.610422 0.477457
vt 0.567895 0.481370
vt 0.610422 0.444294
vt 0.567895 0.447220
vt 0.610422 0.412099
vt 0.567895 0.416967
vt 0.619120 0.476487
vt 0.619120 0.443322
vt 0.619120 0.411114
vt 0.610422 0.383802
vt 0.567895 0.382832
vt 0.619120 0.385758
vt 0.610422 0.361359
vt 0.567895 0.344769
vt 0.619120 0.364286
vt 0.559197 0.481370
vt 0.559197 0.517461
vt 0.559197 0.554538
vt 0.559197 0.593557
vt 0.559197 0.343799
vt 0.559197 0.383802
vt 0.559197 0.417953
vt 0.559197 0.446249
vt 0.862669 0.002327
vt 0.870405 0.002327
vt 0.870405 0.028668
vt 0.862669 0.027697
vt 0.909056 0.033550
vt 0.870405 0.070627
vt 0.909056 0.072568
vt 0.909056 0.106719
vt 0.870405 0.111601
vt 0.862669 0.070627
vt 0.862669 0.113558
vt 0.909056 0.144766
vt 0.870405 0.151605
vt 0.909056 0.163312
vt 0.862669 0.154532
vt 0.909056 0.196476
vt 0.870405 0.193550
vt 0.870405 0.231597
vt 0.909056 0.238436
vt 0.870405 0.264777
vt 0.916793 0.144766
vt 0.916793 0.105748
vt 0.916793 0.241363
vt 0.916793 0.280381
vt 0.909056 0.279411
vt 0.916793 0.201360
vt 0.862669 0.229656
vt 0.862669 0.262821
vt 0.862669 0.191610
vt 0.916793 0.071599
vt 0.916793 0.033550
vt 0.572732 0.268674
vt 0.610422 0.260864
vt 0.610422 0.322342
vt 0.618158 0.323311
vt 0.618158 0.261851
vt 0.610422 0.204287
vt 0.618158 0.206243
vt 0.572732 0.223803
vt 0.564034 0.226730
vt 0.564034 0.267704
vt 0.572732 0.323311
vt 0.564034 0.320385
vt 0.610422 0.185755
vt 0.618158 0.183799
vt 0.610422 0.132089
vt 0.618158 0.131118
vt 0.610422 0.087202
vt 0.618158 0.088188
vt 0.570794 0.161356
vt 0.570794 0.123308
vt 0.562097 0.121352
vt 0.562097 0.158429
vt 0.562097 0.093055
vt 0.570794 0.090129
vt 0.592065 0.078421
vt 0.793088 0.652106
vt 0.793088 0.609176
vt 0.836576 0.607219
vt 0.836576 0.648193
vt 0.836576 0.563318
vt 0.793088 0.565275
vt 0.836576 0.516491
vt 0.793088 0.518432
vt 0.836576 0.472590
vt 0.793088 0.474531
vt 0.836576 0.428674
vt 0.793088 0.431600
vt 0.836576 0.383802
vt 0.793088 0.385758
vt 0.836576 0.337945
vt 0.793088 0.339901
vt 0.836576 0.293074
vt 0.793088 0.296001
vt 0.836576 0.246231
vt 0.793088 0.246231
vt 0.836576 0.204287
vt 0.793088 0.204287
vt 0.836576 0.163312
vt 0.793088 0.165253
vt 0.836576 0.123308
vt 0.793088 0.123308
vt 0.836576 0.086232
vt 0.793088 0.082334
vt 0.785351 0.085261
vt 0.785351 0.123308
vt 0.785351 0.165253
vt 0.842374 0.292088
vt 0.842374 0.337945
vt 0.842374 0.381847
vt 0.842374 0.426733
vt 0.842374 0.472590
vt 0.842374 0.516491
vt 0.842374 0.563318
vt 0.842374 0.608190
vt 0.842374 0.647223
vt 0.842374 0.244289
vt 0.842374 0.202330
vt 0.842374 0.163312
vt 0.842374 0.125265
vt 0.842374 0.088188
vt 0.785351 0.204287
vt 0.785351 0.246231
vt 0.785351 0.296001
vt 0.785351 0.340872
vt 0.785351 0.384773
vt 0.785351 0.431600
vt 0.785351 0.472590
vt 0.785351 0.518432
vt 0.785351 0.566245
vt 0.785351 0.610147
vt 0.785351 0.648193
vt 0.647150 0.342828
vt 0.647150 0.307707
vt 0.685802 0.295015
vt 0.685802 0.315502
vt 0.685802 0.245261
vt 0.695476 0.296001
vt 0.695476 0.243304
vt 0.685802 0.190623
vt 0.647150 0.200389
vt 0.695476 0.189653
vt 0.685802 0.133059
vt 0.647150 0.139898
vt 0.695476 0.125265
vt 0.685802 0.100866
vt 0.647150 0.098924
vt 0.685802 0.073554
vt 0.647150 0.053067
vt 0.695476 0.077452
vt 0.695476 0.317458
vt 0.638453 0.142825
vt 0.638453 0.202330
vt 0.647150 0.252085
vt 0.638453 0.253070
vt 0.638453 0.308678
vt 0.638453 0.343799
vt 0.592065 0.749658
vt 0.591089 0.755512
vt 0.565972 0.746732
vt 0.567895 0.740879
vt 0.630716 0.775999
vt 0.655848 0.756498
vt 0.544701 0.734055
vt 0.593027 0.744792
vt 0.568872 0.737952
vt 0.656809 0.749658
vt 0.700298 0.745761
vt 0.699336 0.752586
vt 0.743801 0.747718
vt 0.742824 0.753571
vt 0.785351 0.752586
vt 0.783413 0.758438
vt 0.809506 0.763322
vt 0.804685 0.767219
vt 0.564996 0.749658
vt 0.658747 0.811135
vt 0.690639 0.844299
vt 0.664546 0.833563
vt 0.633616 0.840402
vt 0.627817 0.833563
vt 0.613321 0.849183
vt 0.652949 0.806252
vt 0.651987 0.795516
vt 0.654887 0.793575
vt 0.627817 0.778926
vt 0.587228 0.761365
vt 0.623957 0.828696
vt 0.634577 0.845270
vt 0.663584 0.838446
vt 0.688701 0.847226
vt 0.595926 0.853080
vt 0.614282 0.854050
vt 0.692576 0.857963
vt 0.689677 0.856977
vt 0.680003 0.870640
vt 0.701274 0.861860
vt 0.698375 0.868684
vt 0.724468 0.873567
vt 0.722530 0.875523
vt 0.743801 0.905760
vt 0.739925 0.906747
vt 0.734127 0.922350
vt 0.732189 0.932101
vt 0.754421 0.901864
vt 0.732189 0.921381
vt 0.757321 0.905760
vt 0.771817 0.899907
vt 0.771817 0.901864
vt 0.782452 0.912600
vt 0.800809 0.858934
vt 0.786313 0.914541
vt 0.805646 0.859903
vt 0.809506 0.817959
vt 0.814343 0.817959
vt 0.808545 0.789662
vt 0.815305 0.787722
vt 0.790188 0.914541
vt 0.786313 0.930161
vt 0.780514 0.913571
vt 0.810483 0.775999
vt 0.820142 0.775028
vt 0.132982 0.617956
vt 0.132021 0.613073
vt 0.158114 0.611117
vt 0.157153 0.616986
vt 0.108827 0.621853
vt 0.201602 0.602336
vt 0.223835 0.628692
vt 0.224811 0.591615
vt 0.271199 0.634546
vt 0.295354 0.598440
vt 0.316625 0.630633
vt 0.231571 0.576982
vt 0.232532 0.553568
vt 0.196780 0.561362
vt 0.199680 0.555509
vt 0.258625 0.542832
vt 0.178408 0.552583
vt 0.161013 0.553568
vt 0.315648 0.554538
vt 0.264424 0.525271
vt 0.352377 0.541861
vt 0.258625 0.530154
vt 0.288594 0.512579
vt 0.245106 0.519418
vt 0.301152 0.477457
vt 0.311788 0.483312
vt 0.329183 0.479414
vt 0.335943 0.464780
vt 0.290517 0.462824
vt 0.287617 0.454045
vt 0.365911 0.515505
vt 0.365911 0.546728
vt 0.339818 0.461854
vt 0.330144 0.448190
vt 0.381369 0.556495
vt 0.353338 0.608190
vt 0.358175 0.622839
vt 0.384268 0.598440
vt 0.380407 0.612102
vt 0.450950 0.890157
vt 0.465446 0.887230
vt 0.427756 0.943808
vt 0.513771 0.813076
vt 0.517647 0.816003
vt 0.517647 0.853080
vt 0.530205 0.804295
vt 0.443229 0.961384
vt 0.523445 0.881376
vt 0.424857 0.976017
vt 0.441291 0.971135
vt 0.434531 0.983812
vt 0.462547 0.991622
vt 0.480919 0.971135
vt 0.538903 0.896010
vt 0.543740 0.925278
vt 0.525368 0.879420
vt 0.536965 0.884304
vt 0.536965 0.887230
vt 0.522469 0.852109
vt 0.534066 0.804295
vt 0.549538 0.876493
vt 0.543740 0.896981
vt 0.546639 0.924307
vt 0.569833 0.948691
vt 0.566934 0.951619
vt 0.523445 0.964311
vt 0.490578 0.976988
vt 0.524407 0.970164
vt 0.478981 0.982842
vt 0.568872 0.957472
vt 0.568872 0.961384
vt 0.592065 0.962355
vt 0.583368 0.956501
vt 0.585290 0.953574
vt 0.534066 0.779912
vt 0.608484 0.948691
vt 0.576593 0.925278
vt 0.603662 0.900894
vt 0.661646 0.935029
vt 0.643275 0.912600
vt 0.643275 0.878450
vt 0.641352 0.872597
vt 0.662608 0.860890
vt 0.656809 0.868684
vt 0.669383 0.940882
vt 0.664546 0.954545
vt 0.683879 0.935029
vt 0.685802 0.971135
vt 0.614282 0.996504
vt 0.717693 0.990651
vt 0.733166 0.983812
vt 0.756359 0.992592
s 1
usemtl Tex_1096_0.dds
f 2872/2633/2710 2873/2634/2711 2874/2635/2712
f 2872/2633/2710 2874/2635/2712 2875/2636/2713
f 2876/2637/2714 2872/2633/2710 2875/2636/2713
f 2876/2637/2714 2873/2634/2711 2872/2633/2710
f 2873/2634/2711 2876/2637/2714 2877/2638/2715
f 2878/2639/2716 2877/2638/2715 2876/2637/2714
f 2878/2639/2716 2879/2640/2717 2877/2638/2715
f 2878/2639/2716 2880/2641/2718 2879/2640/2717
f 2880/2641/2718 2878/2639/2716 2876/2637/2714
f 2880/2641/2718 2876/2637/2714 2875/2636/2713
f 2881/2642/2719 2882/2643/2720 2883/2644/2721
f 2882/2643/2720 2881/2642/2719 2884/2645/2722
f 2881/2642/2719 2885/2646/2723 2884/2645/2722
f 2882/2643/2720 2884/2645/2722 2886/2647/2724
f 2881/2642/2719 2883/2644/2721 2887/2648/2725
f 2888/2649/2726 2887/2648/2725 2883/2644/2721
f 2887/2648/2725 2888/2649/2726 2889/2650/2727
f 2887/2648/2725 2889/2650/2727 2890/2651/2728
f 2889/2650/2727 2891/2652/2729 2890/2651/2728
f 2892/2653/2730 2890/2651/2728 2891/2652/2729
f 2893/2654/2731 2892/2653/2730 2891/2652/2729
f 2894/2655/2732 2892/2653/2730 2893/2654/2731
f 2893/2654/2731 2891/2652/2729 2895/2656/2733
f 2896/2657/2734 2893/2654/2731 2895/2656/2733
f 2897/2658/2735 2893/2654/2731 2896/2657/2734
f 2897/2658/2735 2894/2655/2732 2893/2654/2731
f 2895/2656/2733 2898/2659/2736 2896/2657/2734
f 2899/2660/2737 2897/2658/2735 2896/2657/2734
f 2899/2660/2737 2896/2657/2734 2900/2661/2738
f 2900/2661/2738 2896/2657/2734 2901/2662/2739
f 2901/2662/2739 2896/2657/2734 2898/2659/2736
f 2901/2662/2739 2898/2659/2736 2902/2663/2740
f 2903/2664/2741 2901/2662/2739 2902/2663/2740
f 2904/2665/2742 2901/2662/2739 2903/2664/2741
f 2904/2665/2742 2900/2661/2738 2901/2662/2739
f 2905/2666/2743 2900/2661/2738 2904/2665/2742
f 2905/2666/2743 2899/2660/2737 2900/2661/2738
f 2894/2655/2732 2906/2667/2744 2892/2653/2730
f 2906/2667/2744 2907/2668/2745 2892/2653/2730
f 2907/2668/2745 2906/2667/2744 2908/2669/2746
f 2909/2670/2747 2907/2668/2745 2908/2669/2746
f 2885/2646/2723 2909/2670/2747 2908/2669/2746
f 2881/2642/2719 2909/2670/2747 2885/2646/2723
f 2910/2671/2748 2905/2666/2743 2904/2665/2742
f 2903/2664/2741 2902/2663/2740 2911/2672/2749
f 2902/2663/2740 2912/2673/2750 2911/2672/2749
f 2911/2672/2749 2912/2673/2750 2913/2674/2751
f 2911/2672/2749 2913/2674/2751 2914/2675/2752
f 2914/2675/2752 2913/2674/2751 2915/2676/2753
f 2914/2675/2752 2915/2676/2753 2916/2677/2754
f 2916/2677/2754 2915/2676/2753 2917/2678/2755
f 2916/2677/2754 2917/2678/2755 2918/2679/2756
f 2918/2679/2756 2917/2678/2755 2919/2680/2757
f 2912/2673/2750 2919/2680/2757 2913/2674/2751
f 2915/2676/2753 2913/2674/2751 2919/2680/2757
f 2915/2676/2753 2919/2680/2757 2917/2678/2755
f 2918/2679/2756 2919/2680/2757 2920/2681/2758
f 2919/2680/2757 2921/2682/2759 2920/2681/2758
f 2919/2680/2757 2922/2683/2760 2921/2682/2759
f 2912/2673/2750 2922/2683/2760 2919/2680/2757
f 2902/2663/2740 2922/2683/2760 2912/2673/2750
f 2902/2663/2740 2923/2684/2761 2922/2683/2760
f 2921/2682/2759 2922/2683/2760 2923/2684/2761
f 2921/2682/2759 2923/2684/2761 2924/2685/2762
f 2924/2685/2762 2923/2684/2761 2925/2686/2763
f 2902/2663/2740 2925/2686/2763 2923/2684/2761
f 2902/2663/2740 2926/2687/2764 2925/2686/2763
f 2924/2685/2762 2925/2686/2763 2927/2688/2765
f 2925/2686/2763 2928/2689/2766 2927/2688/2765
f 2925/2686/2763 2929/2690/2767 2928/2689/2766
f 2928/2689/2766 2929/2690/2767 2930/2691/2768
f 2927/2688/2765 2928/2689/2766 2930/2691/2768
f 2927/2688/2765 2930/2691/2768 2931/2692/2769
f 2931/2692/2769 2930/2691/2768 2932/2693/2770
f 2933/2694/2771 2932/2693/2770 2930/2691/2768
f 2933/2694/2771 2930/2691/2768 2929/2690/2767
f 2886/2647/2724 2933/2694/2771 2929/2690/2767
f 2931/2692/2769 2932/2693/2770 2934/2695/2772
f 2886/2647/2724 2929/2690/2767 2882/2643/2720
f 2935/2696/2773 2882/2643/2720 2929/2690/2767
f 2925/2686/2763 2935/2696/2773 2929/2690/2767
f 2935/2696/2773 2883/2644/2721 2882/2643/2720
f 2936/2697/2774 2937/2698/2775 2938/2699/2776
f 2938/2699/2776 2937/2698/2775 2939/2700/2777
f 2937/2698/2775 2940/2701/2778 2939/2700/2777
f 2937/2698/2775 2941/2702/2779 2940/2701/2778
f 2936/2697/2774 2942/2703/2780 2937/2698/2775
f 2942/2703/2780 2943/2704/2781 2937/2698/2775
f 2943/2704/2781 2944/2705/2782 2937/2698/2775
f 2945/2706/2783 2937/2698/2775 2944/2705/2782
f 2946/2707/2784 2947/2708/2785 2948/2709/2786
f 2947/2708/2785 2946/2707/2784 2949/2710/2787
f 2947/2708/2785 2949/2710/2787 2950/2711/2787
f 2951/2712/2788 2950/2711/2787 2949/2710/2787
f 2951/2712/2788 2952/2713/2788 2950/2711/2787
f 2953/2714/2789 2952/2713/2788 2951/2712/2788
f 2953/2714/2789 2954/2715/2790 2952/2713/2788
f 2955/2716/2791 2954/2715/2790 2953/2714/2789
f 2955/2716/2791 2956/2717/2792 2954/2715/2790
f 2957/2718/2793 2956/2717/2792 2955/2716/2791
f 2958/2719/2794 2957/2718/2793 2955/2716/2791
f 2959/2720/2795 2957/2718/2793 2958/2719/2794
f 2958/2719/2794 2960/2721/2796 2959/2720/2795
f 2959/2720/2795 2960/2721/2796 2961/2722/2797
f 2962/2723/2798 2961/2722/2797 2960/2721/2796
f 2962/2723/2798 2963/2724/2799 2961/2722/2797
f 2964/2725/2800 2961/2722/2797 2963/2724/2799
f 2961/2722/2797 2964/2725/2800 2965/2726/2801
f 2965/2726/2801 2959/2720/2795 2961/2722/2797
f 2964/2725/2800 2963/2724/2799 2966/2727/2802
f 2967/2728/2803 2964/2725/2800 2966/2727/2802
f 2964/2725/2800 2967/2728/2803 2968/2729/2804
f 2964/2725/2800 2968/2729/2804 2969/2730/2805
f 2964/2725/2800 2969/2730/2805 2965/2726/2801
f 2967/2728/2803 2966/2727/2802 2970/2731/2806
f 2971/2732/2807 2967/2728/2803 2970/2731/2806
f 2971/2732/2807 2970/2731/2806 2972/2733/2808
f 2967/2728/2803 2973/2734/2809 2968/2729/2804
f 2967/2728/2803 2971/2732/2807 2973/2734/2809
f 2973/2734/2809 2971/2732/2807 2974/2735/2810
f 2974/2735/2810 2975/2736/2811 2973/2734/2809
f 2974/2735/2810 2976/2737/2812 2975/2736/2811
f 2975/2736/2811 2976/2737/2812 2977/2738/2813
f 2975/2736/2811 2977/2738/2813 2978/2739/2814
f 2979/2740/2815 2978/2739/2814 2977/2738/2813
f 2979/2740/2815 2980/2741/2816 2978/2739/2814
f 2980/2741/2816 2979/2740/2815 2981/2742/2817
f 2980/2741/2816 2981/2742/2817 2982/2743/2818
f 2982/2743/2818 2981/2742/2817 2983/2744/2819
f 2982/2743/2818 2983/2744/2819 2984/2745/2820
f 2985/2746/2821 2986/2747/2821 2987/2748/2822
f 2985/2746/2821 2987/2748/2822 2988/2749/2822
f 2988/2749/2822 2987/2748/2822 2989/2750/2822
f 2988/2749/2822 2989/2750/2822 2990/2751/2822
f 2990/2751/2822 2989/2750/2822 2991/2752/2823
f 2990/2751/2822 2991/2752/2823 2992/2753/2822
f 2992/2753/2822 2991/2752/2823 2993/2754/2822
f 2992/2753/2822 2993/2754/2822 2994/2755/2822
f 2994/2755/2822 2993/2754/2822 2995/2756/2824
f 2994/2755/2822 2995/2756/2824 2996/2757/2822
f 2996/2757/2822 2995/2756/2824 2997/2758/2824
f 2998/2759/2825 2999/2760/2826 3000/2761/2827
f 2998/2759/2825 3000/2761/2827 3001/2762/2828
f 2998/2759/2825 3002/2763/2829 2999/2760/2826
f 2998/2759/2825 3003/2764/2830 3002/2763/2829
f 3003/2764/2830 3004/2765/2831 3002/2763/2829
f 3003/2764/2830 3005/2766/2831 3004/2765/2831
f 3005/2766/2831 3006/2767/2832 3004/2765/2831
f 3005/2766/2831 3007/2768/2833 3006/2767/2832
f 3008/2769/2834 3001/2762/2828 3000/2761/2827
f 3008/2769/2834 3000/2761/2827 3009/2770/2834
f 3010/2771/2835 3008/2769/2834 3009/2770/2834
f 3010/2771/2835 3009/2770/2834 3011/2772/2836
f 3010/2771/2835 3011/2772/2836 3012/2773/2837
f 3010/2771/2835 3012/2773/2837 3013/2774/2837
f 3014/2775/2838 3015/2776/2839 3016/2777/2840
f 3014/2775/2838 3016/2777/2840 3017/2778/2841
f 3018/2779/2842 3015/2776/2839 3014/2775/2838
f 3018/2779/2842 3019/2780/2843 3015/2776/2839
f 3016/2777/2840 3020/2781/2844 3017/2778/2841
f 3016/2777/2840 3021/2782/2845 3020/2781/2844
f 3022/2783/2846 3019/2780/2843 3018/2779/2842
f 3022/2783/2846 3023/2784/2847 3019/2780/2843
f 3023/2784/2847 3024/2785/2848 3019/2780/2843
f 3025/2786/2849 3023/2784/2847 3022/2783/2846
f 3025/2786/2849 3022/2783/2846 3026/2787/2850
f 3026/2787/2850 3027/2788/2851 3025/2786/2849
f 3026/2787/2850 3028/2789/2852 3027/2788/2851
f 3027/2788/2851 3028/2789/2852 3029/2790/2853
f 3028/2789/2852 3030/2791/2854 3029/2790/2853
f 3027/2788/2851 3029/2790/2853 3031/2792/2855
f 3031/2792/2855 3029/2790/2853 3032/2793/2856
f 3031/2792/2855 3032/2793/2856 3033/2794/2857
f 3025/2786/2849 3027/2788/2851 3034/2795/2858
f 3022/2783/2846 3035/2796/2859 3026/2787/2850
f 3036/2797/2860 3037/2798/2861 3038/2799/2862
f 3038/2799/2862 3037/2798/2861 3039/2800/2863
f 3040/2801/2864 3038/2799/2862 3039/2800/2863
f 3041/2802/2865 3038/2799/2862 3040/2801/2864
f 3041/2802/2865 3042/2803/2866 3038/2799/2862
f 3036/2797/2860 3038/2799/2862 3043/2804/2867
f 3044/2805/2868 3043/2804/2867 3038/2799/2862
f 3044/2805/2868 3038/2799/2862 3045/2806/2869
f 3038/2799/2862 3046/2807/2870 3045/2806/2869
f 3038/2799/2862 3047/2808/2840 3046/2807/2870
f 3048/2809/2871 3049/2810/2871 3050/2811/2872
f 3048/2809/2871 3050/2811/2872 3051/2812/2872
f 3051/2812/2872 3050/2811/2872 3052/2813/2873
f 3053/2814/2874 3054/2815/2875 3055/2816/2876
f 3053/2814/2874 3055/2816/2876 3056/2817/2877
f 3053/2814/2874 3057/2818/2878 3054/2815/2875
f 3053/2814/2874 3058/2819/2879 3057/2818/2878
f 3057/2818/2878 3058/2819/2879 3059/2820/2880
f 3060/2821/2881 3059/2820/2880 3058/2819/2879
f 3060/2821/2881 3061/2822/2882 3059/2820/2880
f 3062/2823/2883 3061/2822/2882 3060/2821/2881
f 3063/2824/2884 3060/2821/2881 3058/2819/2879
f 3060/2821/2881 3063/2824/2884 3064/2825/2885
f 3060/2821/2881 3064/2825/2885 3065/2826/2886
f 3065/2826/2886 3062/2823/2883 3060/2821/2881
f 3065/2826/2886 3066/2827/2887 3062/2823/2883
f 3066/2827/2887 3065/2826/2886 3067/2828/2888
f 3066/2827/2887 3067/2828/2888 3068/2829/2889
f 3069/2830/2890 3067/2828/2888 3065/2826/2886
f 3069/2830/2890 3065/2826/2886 3064/2825/2885
f 3063/2824/2884 3058/2819/2879 3070/2831/2891
f 3070/2831/2891 3058/2819/2879 3053/2814/2874
f 3070/2831/2891 3053/2814/2874 3071/2832/2892
f 3056/2817/2877 3071/2832/2892 3053/2814/2874
f 3056/2817/2877 3072/2833/2893 3071/2832/2892
f 3062/2823/2883 3073/2834/2894 3061/2822/2882
f 3062/2823/2883 3074/2835/2895 3073/2834/2894
f 3075/2836/2896 3061/2822/2882 3073/2834/2894
f 3075/2836/2896 3059/2820/2880 3061/2822/2882
f 3076/2837/2897 3059/2820/2880 3075/2836/2896
f 3076/2837/2897 3057/2818/2878 3059/2820/2880
f 3077/2838/2898 3057/2818/2878 3076/2837/2897
f 3077/2838/2898 3054/2815/2875 3057/2818/2878
f 3078/2839/2899 3054/2815/2875 3077/2838/2898
f 3078/2839/2899 3055/2816/2876 3054/2815/2875
f 3079/2840/2900 3080/2841/2901 3081/2842/2902
f 3082/2843/2903 3079/2840/2900 3081/2842/2902
f 3083/2844/2904 3079/2840/2900 3082/2843/2903
f 3084/2845/2905 3079/2840/2900 3083/2844/2904
f 3084/2845/2905 3085/2846/2906 3079/2840/2900
f 3085/2846/2906 3080/2841/2901 3079/2840/2900
f 3085/2846/2906 3086/2847/2907 3080/2841/2901
f 3087/2848/2908 3080/2841/2901 3086/2847/2907
f 3087/2848/2908 3086/2847/2907 3088/2849/2909
f 3088/2849/2909 3086/2847/2907 3089/2850/2910
f 3089/2850/2910 3086/2847/2907 3090/2851/2911
f 3086/2847/2907 3085/2846/2906 3090/2851/2911
f 3088/2849/2909 3089/2850/2910 3091/2852/2912
f 3092/2853/2913 3091/2852/2912 3089/2850/2910
f 3089/2850/2910 3090/2851/2911 3092/2853/2913
f 3090/2851/2911 3093/2854/2914 3092/2853/2913
f 3092/2853/2913 3094/2855/2915 3091/2852/2912
f 3094/2855/2915 3092/2853/2913 3095/2856/2916
f 3092/2853/2913 3093/2854/2914 3095/2856/2916
f 3093/2854/2914 3096/2857/2917 3095/2856/2916
f 3095/2856/2916 3096/2857/2917 3097/2858/2918
f 3098/2859/2919 3095/2856/2916 3097/2858/2918
f 3094/2855/2915 3095/2856/2916 3098/2859/2919
f 3098/2859/2919 3097/2858/2918 3099/2860/2920
f 3099/2860/2920 3097/2858/2918 3100/2861/2921
f 3100/2861/2921 3097/2858/2918 3101/2862/2922
f 3097/2858/2918 3096/2857/2917 3101/2862/2922
f 3099/2860/2920 3100/2861/2921 3102/2863/2923
f 3103/2864/2924 3093/2854/2914 3090/2851/2911
f 3103/2864/2924 3090/2851/2911 3104/2865/2925
f 3104/2865/2925 3090/2851/2911 3085/2846/2906
f 3104/2865/2925 3085/2846/2906 3084/2845/2905
f 3105/2866/2926 3096/2857/2917 3093/2854/2914
f 3105/2866/2926 3093/2854/2914 3103/2864/2924
f 3106/2867/2927 3101/2862/2922 3096/2857/2917
f 3106/2867/2927 3096/2857/2917 3105/2866/2926
f 3107/2868/2928 3108/2869/2929 3109/2870/2930
f 3107/2868/2928 3109/2870/2930 3110/2871/2931
f 3111/2872/2932 3110/2871/2931 3109/2870/2930
f 3109/2870/2930 3112/2873/2933 3111/2872/2932
f 3109/2870/2930 3113/2874/2934 3112/2873/2933
f 3113/2874/2934 3109/2870/2930 3108/2869/2929
f 3113/2874/2934 3114/2875/2935 3112/2873/2933
f 3113/2874/2934 3115/2876/2936 3114/2875/2935
f 3116/2877/2937 3112/2873/2933 3114/2875/2935
f 3116/2877/2937 3117/2878/2938 3112/2873/2933
f 3111/2872/2932 3112/2873/2933 3117/2878/2938
f 3111/2872/2932 3117/2878/2938 3118/2879/2939
f 3111/2872/2932 3119/2880/2940 3110/2871/2931
f 3120/2881/2941 3119/2880/2940 3111/2872/2932
f 3120/2881/2941 3111/2872/2932 3118/2879/2939
f 3120/2881/2941 3118/2879/2939 3121/2882/2942
f 3120/2881/2941 3121/2882/2942 3122/2883/2943
f 3122/2883/2943 3121/2882/2942 3123/2884/2944
f 3122/2883/2943 3123/2884/2944 3124/2885/2945
f 3124/2885/2945 3123/2884/2944 3125/2886/2946
f 3125/2886/2946 3123/2884/2944 3126/2887/2947
f 3124/2885/2945 3125/2886/2946 3127/2888/2948
f 3127/2888/2948 3125/2886/2946 3128/2889/2949
f 3128/2889/2949 3125/2886/2946 3126/2887/2947
f 3129/2890/2950 3128/2889/2949 3126/2887/2947
f 3127/2888/2948 3128/2889/2949 3130/2891/2951
f 3131/2892/2952 3130/2891/2951 3128/2889/2949
f 3131/2892/2952 3128/2889/2949 3129/2890/2950
f 3131/2892/2952 3132/2893/2953 3130/2891/2951
f 3133/2894/2954 3132/2893/2953 3131/2892/2952
f 3133/2894/2954 3134/2895/2955 3132/2893/2953
f 3135/2896/2956 3131/2892/2952 3129/2890/2950
f 3136/2897/2957 3131/2892/2952 3135/2896/2956
f 3133/2894/2954 3131/2892/2952 3136/2897/2957
f 3137/2898/2958 3133/2894/2954 3136/2897/2957
f 3136/2897/2957 3138/2899/2959 3137/2898/2958
f 3136/2897/2957 3139/2900/2960 3138/2899/2959
f 3139/2900/2960 3136/2897/2957 3135/2896/2956
f 3126/2887/2947 3140/2901/2961 3129/2890/2950
f 3126/2887/2947 3141/2902/2962 3140/2901/2961
f 3142/2903/2963 3135/2896/2956 3129/2890/2950
f 3142/2903/2963 3129/2890/2950 3140/2901/2961
f 3139/2900/2960 3135/2896/2956 3142/2903/2963
f 3143/2904/2964 3134/2895/2955 3133/2894/2954
f 3143/2904/2964 3133/2894/2954 3137/2898/2958
f 3143/2904/2964 3137/2898/2958 3144/2905/2965
f 3143/2904/2964 3145/2906/2966 3134/2895/2955
f 3145/2906/2966 3143/2904/2964 3146/2907/2967
f 3146/2907/2967 3143/2904/2964 3144/2905/2965
f 3146/2907/2967 3144/2905/2965 3147/2908/2968
f 3148/2909/2969 3146/2907/2967 3147/2908/2968
f 3145/2906/2966 3146/2907/2967 3149/2910/2970
f 3149/2910/2970 3146/2907/2967 3148/2909/2969
f 3149/2910/2970 3148/2909/2969 3150/2911/2971
f 3150/2911/2971 3148/2909/2969 3151/2912/2972
f 3151/2912/2972 3148/2909/2969 3152/2913/2973
f 3148/2909/2969 3147/2908/2968 3152/2913/2973
f 3150/2911/2971 3151/2912/2972 3153/2914/2974
f 3153/2914/2974 3151/2912/2972 3154/2915/2975
f 3154/2915/2975 3151/2912/2972 3152/2913/2973
f 3154/2915/2975 3152/2913/2973 3155/2916/2976
f 3155/2916/2976 3156/2917/2977 3154/2915/2975
f 3157/2918/2978 3156/2917/2977 3155/2916/2976
f 3157/2918/2978 3155/2916/2976 3158/2919/2979
f 3157/2918/2978 3158/2919/2979 3159/2920/2980
f 3157/2918/2978 3159/2920/2980 3160/2921/2981
f 3161/2922/2982 3160/2921/2981 3159/2920/2980
f 3162/2923/2983 3159/2920/2980 3158/2919/2979
f 3162/2923/2983 3158/2919/2979 3163/2924/2984
f 3163/2924/2984 3158/2919/2979 3155/2916/2976
f 3163/2924/2984 3155/2916/2976 3164/2925/2985
f 3164/2925/2985 3155/2916/2976 3152/2913/2973
f 3153/2914/2974 3154/2915/2975 3165/2926/2986
f 3165/2926/2986 3154/2915/2975 3156/2917/2977
f 3165/2926/2986 3156/2917/2977 3166/2927/2987
f 3164/2925/2985 3152/2913/2973 3167/2928/2988
f 3167/2928/2988 3152/2913/2973 3147/2908/2968
f 3167/2928/2988 3147/2908/2968 3168/2929/2989
f 3144/2905/2965 3168/2929/2989 3147/2908/2968
f 3144/2905/2965 3169/2930/2990 3168/2929/2989
f 3137/2898/2958 3169/2930/2990 3144/2905/2965
f 3137/2898/2958 3138/2899/2959 3169/2930/2990
f 3170/2931/2991 3171/2932/2992 3172/2933/2993
f 3170/2931/2991 3172/2933/2993 3173/2934/2994
f 3174/2935/2995 3173/2934/2994 3172/2933/2993
f 3174/2935/2995 3175/2936/2996 3173/2934/2994
f 3176/2937/2997 3175/2936/2996 3174/2935/2995
f 3176/2937/2997 3177/2938/2998 3175/2936/2996
f 3175/2936/2996 3178/2939/2999 3173/2934/2994
f 3170/2931/2991 3173/2934/2994 3178/2939/2999
f 3175/2936/2996 3179/2940/3000 3178/2939/2999
f 3180/2941/3001 3179/2940/3000 3175/2936/2996
f 3180/2941/3001 3175/2936/2996 3177/2938/2998
f 3181/2942/3002 3179/2940/3000 3180/2941/3001
f 3181/2942/3002 3180/2941/3001 3182/2943/3003
f 3183/2944/3004 3178/2939/2999 3179/2940/3000
f 3183/2944/3004 3179/2940/3000 3181/2942/3002
f 3184/2945/2770 3178/2939/2999 3183/2944/3004
f 3184/2945/2770 3185/2946/3005 3178/2939/2999
f 3170/2931/2991 3178/2939/2999 3185/2946/3005
f 3185/2946/3005 3184/2945/2770 3186/2947/3006
f 3185/2946/3005 3186/2947/3006 3187/2948/3007
f 3188/2949/3008 3185/2946/3005 3187/2948/3007
f 3188/2949/3008 3170/2931/2991 3185/2946/3005
f 3189/2950/3009 3187/2948/3007 3186/2947/3006
f 3189/2950/3009 3190/2951/3010 3187/2948/3007
f 3188/2949/3008 3187/2948/3007 3190/2951/3010
f 3188/2949/3008 3190/2951/3010 3191/2952/3011
f 3188/2949/3008 3191/2952/3011 3192/2953/3012
f 3193/2954/3013 3192/2953/3012 3191/2952/3011
f 3193/2954/3013 3194/2955/3012 3192/2953/3012
f 3188/2949/3008 3192/2953/3012 3195/2956/3014
f 3191/2952/3011 3190/2951/3010 3196/2957/3015
f 3191/2952/3011 3196/2957/3015 3193/2954/3013
f 3196/2957/3015 3197/2958/3016 3193/2954/3013
f 3196/2957/3015 3198/2959/3017 3197/2958/3016
f 3199/2960/3018 3196/2957/3015 3190/2951/3010
f 3199/2960/3018 3190/2951/3010 3189/2950/3009
f 3196/2957/3015 3199/2960/3018 3200/2961/2772
f 3196/2957/3015 3200/2961/2772 3198/2959/3017
f 3201/2962/3019 3200/2961/2772 3199/2960/3018
f 3198/2959/3017 3202/2963/3020 3197/2958/3016
f 3198/2959/3017 3203/2964/3021 3202/2963/3020
f 3197/2958/3016 3202/2963/3020 3204/2965/3022
f 3197/2958/3016 3204/2965/3022 3205/2966/3023
f 3206/2967/3024 3203/2964/3021 3198/2959/3017
f 3206/2967/3024 3198/2959/3017 3200/2961/2772
f 3207/2968/3025 3202/2963/3020 3203/2964/3021
f 3207/2968/3025 3203/2964/3021 3208/2969/3026
f 3208/2969/3026 3209/2970/3027 3207/2968/3025
f 3208/2969/3026 3210/2971/3028 3209/2970/3027
f 3211/2972/3029 3210/2971/3028 3208/2969/3026
f 3211/2972/3029 3208/2969/3026 3212/2973/3030
f 3212/2973/3030 3208/2969/3026 3203/2964/3021
f 3213/2974/3031 3207/2968/3025 3209/2970/3027
f 3213/2974/3031 3209/2970/3027 3214/2975/3032
f 3215/2976/3033 3202/2963/3020 3207/2968/3025
f 3215/2976/3033 3207/2968/3025 3213/2974/3031
f 3204/2965/3022 3202/2963/3020 3215/2976/3033
f 3212/2973/3030 3203/2964/3021 3216/2977/3034
f 3216/2977/3034 3203/2964/3021 3206/2967/3024
f 3217/2978/3035 3082/2843/2903 3218/2979/3036
f 3082/2843/2903 3081/2842/2902 3218/2979/3036
f 3083/2844/2904 3082/2843/2903 3219/2980/3037
f 3220/2981/3038 3221/2982/3039 3222/2983/3040
f 3220/2981/3038 3222/2983/3040 3223/2984/3041
f 3221/2982/3039 3224/2985/3042 3222/2983/3040
f 3221/2982/3039 3225/2986/3043 3224/2985/3042
f 3224/2985/3042 3226/2987/3044 3222/2983/3040
f 3223/2984/3041 3222/2983/3040 3226/2987/3044
f 3224/2985/3042 3227/2988/3045 3226/2987/3044
f 3228/2989/3046 3226/2987/3044 3227/2988/3045
f 3226/2987/3044 3228/2989/3046 3229/2990/3047
f 3230/2991/3048 3229/2990/3047 3228/2989/3046
f 3231/2992/3049 3230/2991/3048 3228/2989/3046
f 3227/2988/3045 3231/2992/3049 3228/2989/3046
f 3230/2991/3048 3232/2993/3050 3229/2990/3047
f 3221/2982/3039 3233/2994/3051 3225/2986/3043
f 3233/2994/3051 3234/2995/3052 3225/2986/3043
f 3233/2994/3051 3235/2996/3053 3234/2995/3052
f 3236/2997/3054 3224/2985/3042 3225/2986/3043
f 3236/2997/3054 3225/2986/3043 3234/2995/3052
f 3237/2998/3055 3227/2988/3045 3224/2985/3042
f 3237/2998/3055 3224/2985/3042 3236/2997/3054
f 3238/2999/3056 3231/2992/3049 3227/2988/3045
f 3238/2999/3056 3227/2988/3045 3237/2998/3055
f 3239/3000/3057 3231/2992/3049 3238/2999/3056
f 3239/3000/3057 3240/3001/3058 3231/2992/3049
f 3240/3001/3058 3230/2991/3048 3231/2992/3049
f 3241/3002/3059 3240/3001/3058 3239/3000/3057
f 3241/3002/3059 3242/3003/3060 3240/3001/3058
f 3240/3001/3058 3243/3004/3061 3230/2991/3048
f 3243/3004/3061 3240/3001/3058 3242/3003/3060
f 3243/3004/3061 3242/3003/3060 3244/3005/3062
f 3245/3006/3063 3244/3005/3062 3242/3003/3060
f 3242/3003/3060 3246/3007/3064 3245/3006/3063
f 3247/3008/3065 3244/3005/3062 3245/3006/3063
f 3247/3008/3065 3248/3009/3066 3244/3005/3062
f 3247/3008/3065 3249/3010/3067 3248/3009/3066
f 3250/3011/3068 3243/3004/3061 3244/3005/3062
f 3250/3011/3068 3244/3005/3062 3248/3009/3066
f 3251/3012/3069 3243/3004/3061 3250/3011/3068
f 3251/3012/3069 3230/2991/3048 3243/3004/3061
f 3251/3012/3069 3232/2993/3050 3230/2991/3048
f 3245/3006/3063 3246/3007/3064 3252/3013/3070
f 3245/3006/3063 3252/3013/3070 3253/3014/3071
f 3245/3006/3063 3253/3014/3071 3247/3008/3065
f 3253/3014/3071 3254/3015/3072 3247/3008/3065
f 3249/3010/3067 3247/3008/3065 3254/3015/3072
f 3249/3010/3067 3254/3015/3072 3255/3016/3073
f 3252/3013/3070 3256/3017/3074 3253/3014/3071
f 3254/3015/3072 3253/3014/3071 3256/3017/3074
f 3257/3018/3075 3254/3015/3072 3256/3017/3074
f 3255/3016/3073 3254/3015/3072 3257/3018/3075
f 3258/3019/3076 3257/3018/3075 3256/3017/3074
f 3258/3019/3076 3256/3017/3074 3259/3020/3077
f 3260/3021/3078 3258/3019/3076 3259/3020/3077
f 3260/3021/3078 3259/3020/3077 3261/3022/3079
f 3262/3023/3080 3260/3021/3078 3261/3022/3079
f 3262/3023/3080 3261/3022/3079 3263/3024/3081
f 3264/3025/3082 3262/3023/3080 3263/3024/3081
f 3264/3025/3082 3263/3024/3081 3265/3026/3083
f 3265/3026/3083 3266/3027/3084 3264/3025/3082
f 3265/3026/3083 3267/3028/3085 3266/3027/3084
f 3266/3027/3084 3267/3028/3085 3268/3029/3086
f 3269/3030/3087 3259/3020/3077 3256/3017/3074
f 3269/3030/3087 3256/3017/3074 3270/3031/3088
f 3252/3013/3070 3270/3031/3088 3256/3017/3074
f 3271/3032/3089 3257/3018/3075 3258/3019/3076
f 3255/3016/3073 3257/3018/3075 3271/3032/3089
f 3262/3023/3080 3272/3033/3090 3260/3021/3078
f 3273/3034/3091 3260/3021/3078 3272/3033/3090
f 3271/3032/3089 3258/3019/3076 3273/3034/3091
f 3273/3034/3091 3258/3019/3076 3260/3021/3078
f 3274/3035/3092 3264/3025/3082 3266/3027/3084
f 3275/3036/3093 3264/3025/3082 3274/3035/3092
f 3262/3023/3080 3275/3036/3093 3272/3033/3090
f 3275/3036/3093 3262/3023/3080 3264/3025/3082
f 3274/3035/3092 3266/3027/3084 3276/3037/3094
f 3277/3038/3095 3259/3020/3077 3269/3030/3087
f 3277/3038/3095 3261/3022/3079 3259/3020/3077
f 3278/3039/3096 3261/3022/3079 3277/3038/3095
f 3278/3039/3096 3263/3024/3081 3261/3022/3079
f 3279/3040/3097 3263/3024/3081 3278/3039/3096
f 3279/3040/3097 3265/3026/3083 3263/3024/3081
f 3280/3041/3098 3265/3026/3083 3279/3040/3097
f 3280/3041/3098 3267/3028/3085 3265/3026/3083
f 3281/3042/3099 3233/2994/3051 3282/3043/3100
f 3221/2982/3039 3282/3043/3100 3233/2994/3051
f 3221/2982/3039 3283/3044/3101 3282/3043/3100
f 3221/2982/3039 3284/3045/3102 3283/3044/3101
f 3284/3045/3102 3221/2982/3039 3220/2981/3038
f 3285/3046/3103 3286/3047/3104 3287/3048/3105
f 3288/3049/3106 3287/3048/3105 3286/3047/3104
f 3288/3049/3106 3286/3047/3104 3289/3050/3107
f 3290/3051/3108 3289/3050/3107 3286/3047/3104
f 3291/3052/3109 3290/3051/3108 3286/3047/3104
f 3291/3052/3109 3286/3047/3104 3285/3046/3103
f 3292/3053/3110 3289/3050/3107 3290/3051/3108
f 3292/3053/3110 3290/3051/3108 3293/3054/3111
f 3294/3055/3112 3293/3054/3111 3290/3051/3108
f 3294/3055/3112 3290/3051/3108 3295/3056/3113
f 3295/3056/3113 3290/3051/3108 3296/3057/3114
f 3290/3051/3108 3291/3052/3109 3296/3057/3114
f 3297/3058/3115 3295/3056/3113 3296/3057/3114
f 3297/3058/3115 3294/3055/3112 3295/3056/3113
f 3297/3058/3115 3296/3057/3114 3298/3059/3116
f 3299/3060/3117 3297/3058/3115 3298/3059/3116
f 3299/3060/3117 3298/3059/3116 3300/3061/3118
f 3300/3061/3118 3301/3062/3119 3299/3060/3117
f 3300/3061/3118 3302/3063/3120 3301/3062/3119
f 3297/3058/3115 3303/3064/3121 3294/3055/3112
f 3303/3064/3121 3297/3058/3115 3299/3060/3117
f 3303/3064/3121 3299/3060/3117 3304/3065/3122
f 3304/3065/3122 3299/3060/3117 3301/3062/3119
f 3304/3065/3122 3301/3062/3119 3305/3066/3123
f 3305/3066/3123 3301/3062/3119 3306/3067/3124
f 3302/3063/3120 3306/3067/3124 3301/3062/3119
f 3302/3063/3120 3307/3068/3125 3306/3067/3124
f 3305/3066/3123 3306/3067/3124 3308/3069/3126
f 3308/3069/3126 3306/3067/3124 3309/3070/3127
f 3307/3068/3125 3309/3070/3127 3306/3067/3124
f 3307/3068/3125 3310/3071/3128 3309/3070/3127
f 3308/3069/3126 3309/3070/3127 3311/3072/3129
f 3312/3073/3130 3298/3059/3116 3296/3057/3114
f 3312/3073/3130 3296/3057/3114 3313/3074/3131
f 3313/3074/3131 3296/3057/3114 3291/3052/3109
f 3313/3074/3131 3291/3052/3109 3314/3075/3132
f 3314/3075/3132 3291/3052/3109 3285/3046/3103
f 3314/3075/3132 3285/3046/3103 3315/3076/3133
f 3316/3077/3134 3310/3071/3128 3307/3068/3125
f 3316/3077/3134 3307/3068/3125 3317/3078/3135
f 3317/3078/3135 3307/3068/3125 3302/3063/3120
f 3317/3078/3135 3302/3063/3120 3318/3079/3136
f 3318/3079/3136 3302/3063/3120 3300/3061/3118
f 3318/3079/3136 3300/3061/3118 3319/3080/3137
f 3319/3080/3137 3300/3061/3118 3298/3059/3116
f 3319/3080/3137 3298/3059/3116 3312/3073/3130
f 3320/3081/3138 3321/3082/3139 3322/3083/3140
f 3320/3081/3138 3322/3083/3140 3323/3084/3141
f 3322/3083/3140 3321/3082/3139 3324/3085/3142
f 3325/3086/3143 3322/3083/3140 3324/3085/3142
f 3323/3084/3141 3322/3083/3140 3325/3086/3143
f 3325/3086/3143 3324/3085/3142 3326/3087/3144
f 3327/3088/3145 3325/3086/3143 3326/3087/3144
f 3327/3088/3145 3328/3089/3146 3325/3086/3143
f 3329/3090/3147 3325/3086/3143 3328/3089/3146
f 3323/3084/3141 3325/3086/3143 3329/3090/3147
f 3329/3090/3147 3328/3089/3146 3330/3091/3148
f 3328/3089/3146 3327/3088/3145 3331/3092/3149
f 3330/3091/3148 3328/3089/3146 3332/3093/3150
f 3332/3093/3150 3328/3089/3146 3331/3092/3149
f 3331/3092/3149 3333/3094/3151 3332/3093/3150
f 3330/3091/3148 3332/3093/3150 3334/3095/3152
f 3335/3096/3153 3332/3093/3150 3333/3094/3151
f 3335/3096/3153 3336/3097/3154 3332/3093/3150
f 3334/3095/3152 3332/3093/3150 3336/3097/3154
f 3335/3096/3153 3337/3098/3155 3336/3097/3154
f 3335/3096/3153 3338/3099/3156 3337/3098/3155
f 3339/3100/3157 3337/3098/3155 3338/3099/3156
f 3327/3088/3145 3340/3101/3158 3331/3092/3149
f 3331/3092/3149 3340/3101/3158 3333/3094/3151
f 3327/3088/3145 3341/3102/3159 3340/3101/3158
f 3341/3102/3159 3327/3088/3145 3326/3087/3144
f 3342/3103/3160 3338/3099/3156 3335/3096/3153
f 3343/3104/3161 3338/3099/3156 3342/3103/3160
f 3343/3104/3161 3344/3105/3162 3338/3099/3156
f 3339/3100/3157 3338/3099/3156 3344/3105/3162
f 3342/3103/3160 3335/3096/3153 3345/3106/3163
f 3346/3107/3164 3337/3098/3155 3339/3100/3157
f 3346/3107/3164 3339/3100/3157 3347/3108/3165
f 3348/3109/3166 3336/3097/3154 3337/3098/3155
f 3348/3109/3166 3337/3098/3155 3346/3107/3164
f 3334/3095/3152 3336/3097/3154 3348/3109/3166
f 3341/3102/3159 3326/3087/3144 3349/3110/3167
f 3349/3110/3167 3326/3087/3144 3324/3085/3142
f 3349/3110/3167 3324/3085/3142 3350/3111/3168
f 3351/3112/3169 3352/3113/3170 3353/3114/3171
f 3354/3115/3172 3353/3114/3171 3352/3113/3170
f 3354/3115/3172 3352/3113/3170 3355/3116/3173
f 3356/3117/3174 3355/3116/3173 3352/3113/3170
f 3356/3117/3174 3357/3118/3175 3355/3116/3173
f 3358/3119/3176 3356/3117/3174 3352/3113/3170
f 3358/3119/3176 3352/3113/3170 3351/3112/3169
f 3359/3120/3177 3358/3119/3176 3351/3112/3169
f 3359/3120/3177 3351/3112/3169 3360/3121/3178
f 3360/3121/3178 3351/3112/3169 3361/3122/3179
f 3361/3122/3179 3351/3112/3169 3353/3114/3171
f 3360/3121/3178 3361/3122/3179 3362/3123/3180
f 3357/3118/3175 3356/3117/3174 3363/3124/3181
f 3357/3118/3175 3363/3124/3181 3364/3125/3182
f 3364/3125/3182 3363/3124/3181 3365/3126/3183
f 3364/3125/3182 3365/3126/3183 3366/3127/3184
f 3367/3128/3185 3366/3127/3184 3365/3126/3183
f 3367/3128/3185 3368/3129/3186 3366/3127/3184
f 3363/3124/3181 3369/3130/3187 3365/3126/3183
f 3369/3130/3187 3370/3131/3188 3365/3126/3183
f 3367/3128/3185 3365/3126/3183 3370/3131/3188
f 3369/3130/3187 3371/3132/3189 3370/3131/3188
f 3369/3130/3187 3372/3133/3190 3371/3132/3189
f 3373/3134/3191 3370/3131/3188 3371/3132/3189
f 3373/3134/3191 3374/3135/3192 3370/3131/3188
f 3374/3135/3192 3367/3128/3185 3370/3131/3188
f 3374/3135/3192 3375/3136/3193 3367/3128/3185
f 3376/3137/3194 3377/3138/3195 3378/3139/3196
f 3376/3137/3194 3378/3139/3196 3379/3140/3197
f 3377/3138/3195 3380/3141/3198 3378/3139/3196
f 3377/3138/3195 3381/3142/3199 3380/3141/3198
f 3381/3142/3199 3382/3143/3200 3380/3141/3198
f 3381/3142/3199 3383/3144/3201 3382/3143/3200
f 3383/3144/3201 3384/3145/3202 3382/3143/3200
f 3383/3144/3201 3385/3146/3203 3384/3145/3202
f 3385/3146/3203 3386/3147/3204 3384/3145/3202
f 3385/3146/3203 3387/3148/3205 3386/3147/3204
f 3387/3148/3205 3388/3149/3206 3386/3147/3204
f 3387/3148/3205 3389/3150/3207 3388/3149/3206
f 3389/3150/3207 3390/3151/3208 3388/3149/3206
f 3389/3150/3207 3391/3152/3209 3390/3151/3208
f 3391/3152/3209 3392/3153/3210 3390/3151/3208
f 3391/3152/3209 3393/3154/3211 3392/3153/3210
f 3393/3154/3211 3394/3155/3212 3392/3153/3210
f 3393/3154/3211 3395/3156/3213 3394/3155/3212
f 3395/3156/3213 3396/3157/3214 3394/3155/3212
f 3395/3156/3213 3397/3158/3215 3396/3157/3214
f 3397/3158/3215 3398/3159/3216 3396/3157/3214
f 3397/3158/3215 3399/3160/3217 3398/3159/3216
f 3400/3161/3218 3398/3159/3216 3399/3160/3217
f 3400/3161/3218 3399/3160/3217 3401/3162/3219
f 3402/3163/3220 3400/3161/3218 3401/3162/3219
f 3402/3163/3220 3401/3162/3219 3403/3164/3221
f 3404/3165/3222 3403/3164/3221 3401/3162/3219
f 3404/3165/3222 3401/3162/3219 3405/3166/3223
f 3405/3166/3223 3401/3162/3219 3399/3160/3217
f 3405/3166/3223 3399/3160/3217 3406/3167/3224
f 3406/3167/3224 3399/3160/3217 3397/3158/3215
f 3407/3168/3225 3392/3153/3210 3394/3155/3212
f 3408/3169/3226 3392/3153/3210 3407/3168/3225
f 3408/3169/3226 3390/3151/3208 3392/3153/3210
f 3409/3170/3227 3390/3151/3208 3408/3169/3226
f 3409/3170/3227 3388/3149/3206 3390/3151/3208
f 3410/3171/3228 3388/3149/3206 3409/3170/3227
f 3410/3171/3228 3386/3147/3204 3388/3149/3206
f 3411/3172/3229 3386/3147/3204 3410/3171/3228
f 3411/3172/3229 3384/3145/3202 3386/3147/3204
f 3412/3173/3230 3384/3145/3202 3411/3172/3229
f 3412/3173/3230 3382/3143/3200 3384/3145/3202
f 3413/3174/3231 3382/3143/3200 3412/3173/3230
f 3413/3174/3231 3380/3141/3198 3382/3143/3200
f 3414/3175/3232 3380/3141/3198 3413/3174/3231
f 3414/3175/3232 3378/3139/3196 3380/3141/3198
f 3415/3176/3233 3378/3139/3196 3414/3175/3232
f 3415/3176/3233 3379/3140/3197 3378/3139/3196
f 3407/3168/3225 3394/3155/3212 3416/3177/3234
f 3416/3177/3234 3394/3155/3212 3396/3157/3214
f 3416/3177/3234 3396/3157/3214 3417/3178/3235
f 3417/3178/3235 3396/3157/3214 3398/3159/3216
f 3417/3178/3235 3398/3159/3216 3418/3179/3236
f 3400/3161/3218 3418/3179/3236 3398/3159/3216
f 3400/3161/3218 3419/3180/3237 3418/3179/3236
f 3402/3163/3220 3419/3180/3237 3400/3161/3218
f 3402/3163/3220 3420/3181/3238 3419/3180/3237
f 3406/3167/3224 3397/3158/3215 3421/3182/3239
f 3421/3182/3239 3397/3158/3215 3395/3156/3213
f 3421/3182/3239 3395/3156/3213 3422/3183/3240
f 3422/3183/3240 3395/3156/3213 3393/3154/3211
f 3422/3183/3240 3393/3154/3211 3423/3184/3241
f 3423/3184/3241 3393/3154/3211 3391/3152/3209
f 3423/3184/3241 3391/3152/3209 3424/3185/3242
f 3424/3185/3242 3391/3152/3209 3389/3150/3207
f 3424/3185/3242 3389/3150/3207 3425/3186/3243
f 3425/3186/3243 3389/3150/3207 3387/3148/3205
f 3425/3186/3243 3387/3148/3205 3426/3187/3244
f 3426/3187/3244 3387/3148/3205 3385/3146/3203
f 3426/3187/3244 3385/3146/3203 3427/3188/3245
f 3427/3188/3245 3385/3146/3203 3383/3144/3201
f 3427/3188/3245 3383/3144/3201 3428/3189/3246
f 3428/3189/3246 3383/3144/3201 3381/3142/3199
f 3428/3189/3246 3381/3142/3199 3429/3190/3247
f 3429/3190/3247 3381/3142/3199 3377/3138/3195
f 3429/3190/3247 3377/3138/3195 3430/3191/3248
f 3430/3191/3248 3377/3138/3195 3376/3137/3194
f 3430/3191/3248 3376/3137/3194 3431/3192/3249
f 3432/3193/3250 3433/3194/3251 3434/3195/3252
f 3432/3193/3250 3434/3195/3252 3435/3196/3253
f 3434/3195/3252 3433/3194/3251 3436/3197/3254
f 3437/3198/3255 3434/3195/3252 3436/3197/3254
f 3437/3198/3255 3436/3197/3254 3438/3199/3256
f 3438/3199/3256 3436/3197/3254 3439/3200/2806
f 3436/3197/3254 3440/3201/3257 3439/3200/2806
f 3438/3199/3256 3439/3200/2806 3441/3202/3258
f 3441/3202/3258 3439/3200/2806 3442/3203/3259
f 3439/3200/2806 3443/3204/3260 3442/3203/3259
f 3439/3200/2806 3440/3201/3257 3443/3204/3260
f 3441/3202/3258 3442/3203/3259 3444/3205/3261
f 3444/3205/3261 3442/3203/3259 3445/3206/3262
f 3445/3206/3262 3442/3203/3259 3446/3207/2978
f 3442/3203/3259 3443/3204/3260 3446/3207/2978
f 3444/3205/3261 3445/3206/3262 3447/3208/3263
f 3448/3209/2981 3447/3208/3263 3445/3206/3262
f 3446/3207/2978 3448/3209/2981 3445/3206/3262
f 3444/3205/3261 3447/3208/3263 3449/3210/3264
f 3434/3195/3252 3437/3198/3255 3450/3211/3265
f 3434/3195/3252 3450/3211/3265 3435/3196/3253
f 3451/3212/3266 3443/3204/3260 3440/3201/3257
f 3451/3212/3266 3440/3201/3257 3452/3213/3267
f 3452/3213/3267 3440/3201/3257 3453/3214/3268
f 3452/3213/3267 3453/3214/3268 3454/3215/3269
f 3454/3215/3269 3453/3214/3268 3433/3194/3251
f 3454/3215/3269 3433/3194/3251 3455/3216/3270
f 3455/3216/3270 3433/3194/3251 3432/3193/3250
f 3455/3216/3270 3432/3193/3250 3456/3217/3271
f 3433/3194/3251 3453/3214/3268 3436/3197/3254
f 3436/3197/3254 3453/3214/3268 3440/3201/3257
f 3457/3218/3272 3458/3219/3273 3459/3220/3274
f 3457/3218/3272 3459/3220/3274 3460/3221/3275
f 3457/3218/3272 3461/3222/3276 3458/3219/3273
f 3457/3218/3272 3462/3223/3277 3461/3222/3276
f 3459/3220/3274 3463/3224/3278 3460/3221/3275
f 3460/3221/3275 3464/3225/3279 3457/3218/3272
f 3464/3225/3279 3462/3223/3277 3457/3218/3272
f 3460/3221/3275 3465/3226/3280 3464/3225/3279
f 3463/3224/3278 3465/3226/3280 3460/3221/3275
f 3464/3225/3279 3466/3227/3281 3462/3223/3277
f 3467/3228/3282 3462/3223/3277 3466/3227/3281
f 3467/3228/3282 3468/3229/3283 3462/3223/3277
f 3469/3230/3284 3468/3229/3283 3467/3228/3282
f 3469/3230/3284 3470/3231/3285 3468/3229/3283
f 3471/3232/3286 3470/3231/3285 3469/3230/3284
f 3471/3232/3286 3472/3233/3287 3470/3231/3285
f 3473/3234/3288 3472/3233/3287 3471/3232/3286
f 3473/3234/3288 3474/3235/3289 3472/3233/3287
f 3463/3224/3278 3459/3220/3274 3475/3236/3290
f 3476/3237/3291 3470/3231/3285 3472/3233/3287
f 3468/3229/3283 3470/3231/3285 3476/3237/3291
f 3476/3237/3291 3472/3233/3287 3477/3238/2994
f 3477/3238/2994 3472/3233/3287 3474/3235/3289
f 3476/3237/3291 3477/3238/2994 3478/3239/3292
f 3476/3237/3291 3478/3239/3292 3479/3240/3293
f 3476/3237/3291 3479/3240/3293 3480/3241/3294
f 3479/3240/3293 3481/3242/3295 3480/3241/3294
f 3480/3241/3294 3482/3243/3296 3476/3237/3291
f 3483/3244/3297 3476/3237/3291 3482/3243/3296
f 3483/3244/3297 3484/3245/3298 3476/3237/3291
f 3485/3246/3299 3484/3245/3298 3483/3244/3297
f 3485/3246/3299 3461/3222/3276 3484/3245/3298
f 3461/3222/3276 3485/3246/3299 3486/3247/3300
f 3475/3236/3290 3458/3219/3273 3486/3247/3300
f 3461/3222/3276 3486/3247/3300 3458/3219/3273
f 3475/3236/3290 3459/3220/3274 3458/3219/3273
f 3480/3241/3294 3487/3248/3301 3482/3243/3296
f 3488/3249/3302 3479/3240/3293 3478/3239/3292
f 3488/3249/3302 3478/3239/3292 3489/3250/3303
f 3489/3250/3303 3478/3239/3292 3477/3238/2994
f 3489/3250/3303 3477/3238/2994 3490/3251/3304
f 3481/3242/3295 3491/3252/3305 3480/3241/3294
f 3491/3252/3305 3487/3248/3301 3480/3241/3294
f 3479/3240/3293 3488/3249/3302 3492/3253/3306
f 3481/3242/3295 3492/3253/3306 3491/3252/3305
f 3479/3240/3293 3492/3253/3306 3481/3242/3295
f 3461/3222/3276 3462/3223/3277 3484/3245/3298
f 3468/3229/3283 3484/3245/3298 3462/3223/3277
f 3468/3229/3283 3476/3237/3291 3484/3245/3298
f 3493/3254/3307 3494/3255/3308 3490/3251/3304
f 3493/3254/3307 3490/3251/3304 3477/3238/2994
f 3494/3255/3308 3493/3254/3307 3495/3256/3309
f 3495/3256/3309 3493/3254/3307 3496/3257/3310
f 3497/3258/3311 3495/3256/3309 3496/3257/3310
f 3498/3259/3312 3497/3258/3311 3496/3257/3310
f 3498/3259/3312 3499/3260/3009 3497/3258/3311
f 3500/3261/3313 3499/3260/3009 3498/3259/3312
f 3500/3261/3313 3501/3262/3314 3499/3260/3009
f 3502/3263/3315 3501/3262/3314 3500/3261/3313
f 3500/3261/3313 3503/3264/3316 3502/3263/3315
f 3500/3261/3313 3504/3265/3317 3503/3264/3316
f 3504/3265/3317 3500/3261/3313 3498/3259/3312
f 3502/3263/3315 3505/3266/3318 3501/3262/3314
f 3503/3264/3316 3505/3266/3318 3502/3263/3315
f 3504/3265/3317 3506/3267/3319 3503/3264/3316
f 3507/3268/3320 3506/3267/3319 3504/3265/3317
f 3507/3268/3320 3508/3269/3321 3506/3267/3319
f 3509/3270/3322 3508/3269/3321 3507/3268/3320
f 3509/3270/3322 3507/3268/3320 3510/3271/3323
f 3511/3272/3324 3509/3270/3322 3510/3271/3323
f 3512/3273/3325 3511/3272/3324 3510/3271/3323
f 3512/3273/3325 3510/3271/3323 3513/3274/3326
f 3504/3265/3317 3498/3259/3312 3513/3274/3326
f 3513/3274/3326 3510/3271/3323 3507/3268/3320
f 3513/3274/3326 3507/3268/3320 3504/3265/3317
f 3512/3273/3325 3513/3274/3326 3514/3275/3327
f 3514/3275/3327 3513/3274/3326 3515/3276/3328
f 3514/3275/3327 3515/3276/3328 3516/3277/3329
f 3512/3273/3325 3517/3278/3330 3511/3272/3324
f 3511/3272/3324 3517/3278/3330 3518/3279/3331
f 3518/3279/3331 3509/3270/3322 3511/3272/3324
f 3519/3280/3332 3509/3270/3322 3518/3279/3331
f 3509/3270/3322 3519/3280/3332 3508/3269/3321
f 3498/3259/3312 3515/3276/3328 3513/3274/3326
f 3498/3259/3312 3496/3257/3310 3515/3276/3328
f 3515/3276/3328 3496/3257/3310 3493/3254/3307
f 3515/3276/3328 3493/3254/3307 3520/3281/3333
f 3516/3277/3329 3515/3276/3328 3520/3281/3333
f 3516/3277/3329 3520/3281/3333 3521/3282/3334
f 3473/3234/3288 3521/3282/3334 3520/3281/3333
f 3474/3235/3289 3520/3281/3333 3493/3254/3307
f 3474/3235/3289 3473/3234/3288 3520/3281/3333
f 3477/3238/2994 3474/3235/3289 3493/3254/3307
f 3522/3283/3335 3523/3284/3336 3524/3285/3337
f 3522/3283/3335 3524/3285/3337 3525/3286/3338
f 3522/3283/3335 3526/3287/3339 3523/3284/3336
f 3527/3288/3340 3525/3286/3338 3524/3285/3337
f 3527/3288/3340 3528/3289/3281 3525/3286/3338
f 3527/3288/3340 3529/3290/3297 3528/3289/3281
f 3529/3290/3297 3530/3291/3341 3528/3289/3281
f 3531/3292/3342 3530/3291/3341 3529/3290/3297
f 3531/3292/3342 3532/3293/3343 3530/3291/3341
f 3529/3290/3297 3533/3294/3344 3531/3292/3342
f 3534/3295/3345 3531/3292/3342 3533/3294/3344
f 3534/3295/3345 3533/3294/3344 3535/3296/3301
f 3534/3295/3345 3535/3296/3301 3536/3297/3346
f 3534/3295/3345 3537/3298/3304 3531/3292/3342
f 3536/3297/3346 3535/3296/3301 3538/3299/3306
f 3535/3296/3301 3539/3300/3305 3538/3299/3306
f 3537/3298/3304 3540/3301/3347 3531/3292/3342
f 3537/3298/3304 3541/3302/3348 3540/3301/3347
f 3540/3301/3347 3541/3302/3348 3542/3303/3349
f 3541/3302/3348 3537/3298/3304 3543/3304/3350
f 3544/3305/3009 3542/3303/3349 3541/3302/3348
f 3543/3304/3350 3545/3306/3309 3541/3302/3348
f 3546/3307/3351 3542/3303/3349 3544/3305/3009
f 3546/3307/3351 3547/3308/3319 3542/3303/3349
f 3547/3308/3319 3548/3309/3321 3542/3303/3349
f 3548/3309/3321 3549/3310/3352 3542/3303/3349
f 3550/3311/3353 3547/3308/3319 3546/3307/3351
f 3550/3311/3353 3551/3312/3316 3547/3308/3319
f 3542/3303/3349 3549/3310/3352 3552/3313/3325
f 3553/3314/3354 3542/3303/3349 3552/3313/3325
f 3549/3310/3352 3554/3315/3355 3552/3313/3325
f 3554/3315/3355 3549/3310/3352 3555/3316/3356
f 3556/3317/3357 3553/3314/3354 3552/3313/3325
f 3557/3318/3358 3558/3319/3359 3532/3293/3343
f 3558/3319/3359 3557/3318/3358 3559/3320/3360
f 3558/3319/3359 3559/3320/3360 3560/3321/3361
f 3557/3318/3358 3532/3293/3343 3531/3292/3342
f 3561/3322/3342 3562/3323/3362 3563/3324/3363
f 3564/3325/3364 3562/3323/3362 3561/3322/3342
f 3564/3325/3364 3565/3326/3365 3562/3323/3362
f 3566/3327/3366 3562/3323/3362 3565/3326/3365
f 3566/3327/3366 3565/3326/3365 3567/3328/3367
f 3568/3329/3368 3563/3324/3363 3562/3323/3362
f 3562/3323/3362 3569/3330/3369 3568/3329/3368
f 3566/3327/3366 3569/3330/3369 3562/3323/3362
f 3568/3329/3368 3570/3331/3370 3563/3324/3363
f 3568/3329/3368 3571/3332/3371 3570/3331/3370
f 3572/3333/3372 3570/3331/3370 3571/3332/3371
f 3572/3333/3372 3571/3332/3371 3573/3334/3373
f 3571/3332/3371 3574/3335/3374 3573/3334/3373
f 3574/3335/3374 3571/3332/3371 3568/3329/3368
f 3574/3335/3374 3568/3329/3368 3575/3336/3375
f 3568/3329/3368 3569/3330/3369 3575/3336/3375
f 3574/3335/3374 3575/3336/3375 3576/3337/3376
f 3566/3327/3366 3577/3338/3377 3569/3330/3369
f 3578/3339/3378 3569/3330/3369 3577/3338/3377
f 3578/3339/3378 3579/3340/3379 3569/3330/3369
f 3579/3340/3379 3575/3336/3375 3569/3330/3369
f 3566/3327/3366 3580/3341/3380 3577/3338/3377
f 3567/3328/3367 3580/3341/3380 3566/3327/3366
f 3567/3328/3367 3581/3342/3381 3580/3341/3380
f 3582/3343/3151 3575/3336/3375 3579/3340/3379
f 3582/3343/3151 3579/3340/3379 3578/3339/3378
f 3583/3344/3382 3575/3336/3375 3582/3343/3151
f 3575/3336/3375 3583/3344/3382 3584/3345/3383
f 3575/3336/3375 3584/3345/3383 3576/3337/3376
f 3585/3346/3384 3576/3337/3376 3584/3345/3383
f 3585/3346/3384 3586/3347/3385 3576/3337/3376
f 3587/3348/3386 3576/3337/3376 3586/3347/3385
f 3574/3335/3374 3576/3337/3376 3587/3348/3386
f 3587/3348/3386 3588/3349/3387 3574/3335/3374
f 3587/3348/3386 3589/3350/3388 3588/3349/3387
f 3574/3335/3374 3588/3349/3387 3590/3351/3354
f 3591/3352/3389 3587/3348/3386 3586/3347/3385
f 3591/3352/3389 3589/3350/3388 3587/3348/3386
f 3591/3352/3389 3592/3353/3390 3589/3350/3388
f 3591/3352/3389 3593/3354/3391 3592/3353/3390
f 3594/3355/3392 3593/3354/3391 3591/3352/3389
f 3594/3355/3392 3591/3352/3389 3586/3347/3385
f 3586/3347/3385 3585/3346/3384 3595/3356/3393
f 3586/3347/3385 3595/3356/3393 3594/3355/3392
f 3594/3355/3392 3595/3356/3393 3593/3354/3391
f 3567/3328/3367 3596/3357/3394 3581/3342/3381
f 3565/3326/3365 3596/3357/3394 3567/3328/3367
f 3564/3325/3364 3596/3357/3394 3565/3326/3365
f 3574/3335/3374 3590/3351/3354 3573/3334/3373
f 3597/3358/3395 3598/3359/3396 3599/3360/3397
f 3599/3360/3397 3600/3361/3398 3597/3358/3395
f 3599/3360/3397 3601/3362/3395 3600/3361/3398
f 3601/3362/3395 3599/3360/3397 3602/3363/3396
f 3599/3360/3397 3603/3364/3399 3602/3363/3396
f 3604/3365/3400 3602/3363/3396 3603/3364/3399
f 3604/3365/3400 3605/3366/3401 3602/3363/3396
f 3597/3358/3395 3600/3361/3398 3606/3367/3402
f 3597/3358/3395 3606/3367/3402 3607/3368/3403
f 3600/3361/3398 3608/3369/3404 3606/3367/3402
f 3607/3368/3403 3609/3370/3405 3597/3358/3395
f 3597/3358/3395 3609/3370/3405 3610/3371/3406
f 3609/3370/3405 3611/3372/3395 3610/3371/3406
f 3609/3370/3405 3612/3373/3407 3611/3372/3395
f 3612/3373/3407 3613/3374/3407 3611/3372/3395
f 3614/2633/3408 3615/2635/3409 3616/2634/3410
f 3614/2633/3408 3617/2636/3411 3615/2635/3409
f 3618/2637/3412 3617/2636/3411 3614/2633/3408
f 3618/2637/3412 3614/2633/3408 3616/2634/3410
f 3616/2634/3410 3619/2638/3413 3618/2637/3412
f 3620/2639/3414 3618/2637/3412 3619/2638/3413
f 3620/2639/3414 3619/2638/3413 3621/2640/3415
f 3620/2639/3414 3621/2640/3415 3622/2641/3416
f 3622/2641/3416 3618/2637/3412 3620/2639/3414
f 3622/2641/3416 3617/2636/3411 3618/2637/3412
f 3623/2642/3417 3624/2644/3418 3625/2643/3419
f 3625/2643/3419 3626/2645/3420 3623/2642/3417
f 3623/2642/3417 3626/2645/3420 3627/2646/3421
f 3625/2643/3419 3628/2647/3422 3626/2645/3420
f 3623/2642/3417 3629/2648/3423 3624/2644/3418
f 3630/2649/3424 3624/2644/3418 3629/2648/3423
f 3629/2648/3423 3631/2650/3425 3630/2649/3424
f 3629/2648/3423 3632/2651/3426 3631/2650/3425
f 3631/2650/3425 3632/2651/3426 3633/2652/3427
f 3634/2653/3428 3633/2652/3427 3632/2651/3426
f 3635/2654/3429 3633/2652/3427 3634/2653/3428
f 3636/2655/3430 3635/2654/3429 3634/2653/3428
f 3635/2654/3429 3637/2656/3431 3633/2652/3427
f 3638/2657/3432 3637/2656/3431 3635/2654/3429
f 3639/2658/3433 3638/2657/3432 3635/2654/3429
f 3639/2658/3433 3635/2654/3429 3636/2655/3430
f 3637/2656/3431 3638/2657/3432 3640/2659/3434
f 3641/2660/3435 3638/2657/3432 3639/2658/3433
f 3641/2660/3435 3642/2661/3435 3638/2657/3432
f 3642/2661/3435 3643/2662/3436 3638/2657/3432
f 3643/2662/3436 3640/2659/3434 3638/2657/3432
f 3643/2662/3436 3644/2663/3437 3640/2659/3434
f 3645/2664/3438 3644/2663/3437 3643/2662/3436
f 3646/2665/3439 3645/2664/3438 3643/2662/3436
f 3646/2665/3439 3643/2662/3436 3642/2661/3435
f 3647/2666/3440 3646/2665/3439 3642/2661/3435
f 3647/2666/3440 3642/2661/3435 3641/2660/3435
f 3636/2655/3430 3634/2653/3428 3648/2667/3441
f 3648/2667/3441 3634/2653/3428 3649/2668/3442
f 3649/2668/3442 3650/2669/3443 3648/2667/3441
f 3651/2670/3444 3650/2669/3443 3649/2668/3442
f 3627/2646/3421 3650/2669/3443 3651/2670/3444
f 3623/2642/3417 3627/2646/3421 3651/2670/3444
f 3652/2671/3445 3646/2665/3439 3647/2666/3440
f 3645/2664/3438 3653/2672/3446 3644/2663/3437
f 3644/2663/3437 3653/2672/3446 3654/2673/3447
f 3653/2672/3446 3655/2674/3448 3654/2673/3447
f 3653/2672/3446 3656/2675/3449 3655/2674/3448
f 3656/2675/3449 3657/2676/3450 3655/2674/3448
f 3656/2675/3449 3658/2677/3451 3657/2676/3450
f 3658/2677/3451 3659/2678/3452 3657/2676/3450
f 3658/2677/3451 3660/2679/3453 3659/2678/3452
f 3660/2679/3453 3661/2680/3454 3659/2678/3452
f 3654/2673/3447 3655/2674/3448 3661/2680/3454
f 3657/2676/3450 3659/2678/3452 3661/2680/3454
f 3657/2676/3450 3661/2680/3454 3655/2674/3448
f 3660/2679/3453 3662/2681/3455 3661/2680/3454
f 3661/2680/3454 3662/2681/3455 3663/2682/3456
f 3661/2680/3454 3663/2682/3456 3664/2683/3457
f 3654/2673/3447 3661/2680/3454 3664/2683/3457
f 3644/2663/3437 3654/2673/3447 3664/2683/3457
f 3644/2663/3437 3664/2683/3457 3665/2684/3458
f 3663/2682/3456 3665/2684/3458 3664/2683/3457
f 3663/2682/3456 3666/2685/3459 3665/2684/3458
f 3666/2685/3459 3667/2686/3460 3665/2684/3458
f 3644/2663/3437 3665/2684/3458 3667/2686/3460
f 3644/2663/3437 3667/2686/3460 3668/2687/3461
f 3666/2685/3459 3669/2688/3462 3667/2686/3460
f 3667/2686/3460 3669/2688/3462 3670/2689/3463
f 3667/2686/3460 3670/2689/3463 3671/2690/3464
f 3670/2689/3463 3672/2691/3465 3671/2690/3464
f 3669/2688/3462 3672/2691/3465 3670/2689/3463
f 3669/2688/3462 3673/2692/3466 3672/2691/3465
f 3673/2692/3466 3674/2693/3467 3672/2691/3465
f 3675/2694/3468 3672/2691/3465 3674/2693/3467
f 3675/2694/3468 3671/2690/3464 3672/2691/3465
f 3628/2647/3422 3671/2690/3464 3675/2694/3468
f 3673/2692/3466 3676/2695/3469 3674/2693/3467
f 3628/2647/3422 3625/2643/3419 3671/2690/3464
f 3677/2696/3470 3671/2690/3464 3625/2643/3419
f 3667/2686/3460 3671/2690/3464 3677/2696/3470
f 3677/2696/3470 3625/2643/3419 3624/2644/3418
f 3678/2697/3471 3679/2699/3472 3680/2698/3473
f 3679/2699/3472 3681/2700/3474 3680/2698/3473
f 3680/2698/3473 3681/2700/3474 3682/2701/3475
f 3680/2698/3473 3682/2701/3475 3683/2702/3476
f 3678/2697/3471 3680/2698/3473 3684/2703/3477
f 3684/2703/3477 3680/2698/3473 3685/2704/3478
f 3685/2704/3478 3680/2698/3473 3686/2705/3479
f 3687/2706/2783 3686/2705/3479 3680/2698/3473
f 3688/2707/3480 3689/2709/3440 3690/2708/3481
f 3690/2708/3481 3691/2710/3482 3688/2707/3480
f 3690/2708/3481 3692/2711/3482 3691/2710/3482
f 3693/2712/3483 3691/2710/3482 3692/2711/3482
f 3693/2712/3483 3692/2711/3482 3694/2713/3483
f 3695/2714/3484 3693/2712/3483 3694/2713/3483
f 3695/2714/3484 3694/2713/3483 3696/2715/3485
f 3697/2716/3486 3695/2714/3484 3696/2715/3485
f 3697/2716/3486 3696/2715/3485 3698/2717/3487
f 3699/2718/3488 3697/2716/3486 3698/2717/3487
f 3700/2719/3489 3697/2716/3486 3699/2718/3488
f 3701/2720/3490 3700/2719/3489 3699/2718/3488
f 3700/2719/3489 3701/2720/3490 3702/2721/3491
f 3701/2720/3490 3703/2722/3492 3702/2721/3491
f 3704/2723/3493 3702/2721/3491 3703/2722/3492
f 3704/2723/3493 3703/2722/3492 3705/2724/3494
f 3706/2725/3495 3705/2724/3494 3703/2722/3492
f 3703/2722/3492 3707/2726/3496 3706/2725/3495
f 3707/2726/3496 3703/2722/3492 3701/2720/3490
f 3706/2725/3495 3708/2727/3497 3705/2724/3494
f 3709/2728/3498 3708/2727/3497 3706/2725/3495
f 3706/2725/3495 3710/2729/3499 3709/2728/3498
f 3706/2725/3495 3711/2730/3500 3710/2729/3499
f 3706/2725/3495 3707/2726/3496 3711/2730/3500
f 3709/2728/3498 3712/2731/3501 3708/2727/3497
f 3713/2732/3502 3712/2731/3501 3709/2728/3498
f 3713/2732/3502 3714/2733/3503 3712/2731/3501
f 3709/2728/3498 3710/2729/3499 3715/2734/3504
f 3709/2728/3498 3715/2734/3504 3713/2732/3502
f 3715/2734/3504 3716/2735/3505 3713/2732/3502
f 3716/2735/3505 3715/2734/3504 3717/2736/3506
f 3716/2735/3505 3717/2736/3506 3718/2737/3507
f 3717/2736/3506 3719/2738/3508 3718/2737/3507
f 3717/2736/3506 3720/2739/3509 3719/2738/3508
f 3721/2740/3510 3719/2738/3508 3720/2739/3509
f 3721/2740/3510 3720/2739/3509 3722/2741/3511
f 3722/2741/3511 3723/2742/3512 3721/2740/3510
f 3722/2741/3511 3724/2743/3513 3723/2742/3512
f 3724/2743/3513 3725/2744/3514 3723/2742/3512
f 3724/2743/3513 3726/2745/3467 3725/2744/3514
f 3727/2746/3515 3728/2749/2822 3729/2748/2822
f 3727/2746/3515 3729/2748/2822 3730/2747/3516
f 3728/2749/2822 3731/2750/2822 3729/2748/2822
f 3728/2749/2822 3732/2751/2822 3731/2750/2822
f 3732/2751/2822 3733/2752/2822 3731/2750/2822
f 3732/2751/2822 3734/2753/2822 3733/2752/2822
f 3734/2753/2822 3735/2754/2822 3733/2752/2822
f 3734/2753/2822 3736/2755/2822 3735/2754/2822
f 3736/2755/2822 3737/2756/2824 3735/2754/2822
f 3736/2755/2822 3738/2757/2822 3737/2756/2824
f 3738/2757/2822 3739/2758/3517 3737/2756/2824
f 3740/2759/3518 3741/2762/3519 3742/2761/3520
f 3740/2759/3518 3742/2761/3520 3743/2760/3521
f 3740/2759/3518 3743/2760/3521 3744/2763/3522
f 3740/2759/3518 3744/2763/3522 3745/2764/3523
f 3745/2764/3523 3744/2763/3522 3746/2765/3524
f 3745/2764/3523 3746/2765/3524 3747/2766/3524
f 3747/2766/3524 3746/2765/3524 3748/2767/3525
f 3747/2766/3524 3748/2767/3525 3749/2768/3526
f 3750/2769/3527 3742/2761/3520 3741/2762/3519
f 3750/2769/3527 3751/2770/3528 3742/2761/3520
f 3752/2771/3529 3751/2770/3528 3750/2769/3527
f 3752/2771/3529 3753/2772/3530 3751/2770/3528
f 3752/2771/3529 3754/2773/3531 3753/2772/3530
f 3752/2771/3529 3755/2774/3531 3754/2773/3531
f 3756/2775/3532 3757/2778/3533 3758/2777/3534
f 3756/2775/3532 3758/2777/3534 3759/2776/3532
f 3760/2779/3535 3756/2775/3532 3759/2776/3532
f 3760/2779/3535 3759/2776/3532 3761/2780/3536
f 3758/2777/3534 3757/2778/3533 3762/2781/3537
f 3758/2777/3534 3762/2781/3537 3763/2782/3538
f 3764/2783/3539 3760/2779/3535 3761/2780/3536
f 3764/2783/3539 3761/2780/3536 3765/2784/3540
f 3765/2784/3540 3761/2780/3536 3766/2785/3541
f 3767/2786/3542 3764/2783/3539 3765/2784/3540
f 3767/2786/3542 3768/2787/3543 3764/2783/3539
f 3768/2787/3543 3767/2786/3542 3769/2788/3544
f 3768/2787/3543 3769/2788/3544 3770/2789/3545
f 3769/2788/3544 3771/2790/3546 3770/2789/3545
f 3770/2789/3545 3771/2790/3546 3772/2791/3547
f 3769/2788/3544 3773/2792/3548 3771/2790/3546
f 3773/2792/3548 3774/2793/3549 3771/2790/3546
f 3773/2792/3548 3775/2794/3549 3774/2793/3549
f 3767/2786/3542 3776/2795/3550 3769/2788/3544
f 3764/2783/3539 3768/2787/3543 3777/2796/3551
f 3778/2797/3552 3779/2799/3538 3780/2798/3553
f 3779/2799/3538 3781/2800/3554 3780/2798/3553
f 3782/2801/3555 3781/2800/3554 3779/2799/3538
f 3783/2802/3556 3782/2801/3555 3779/2799/3538
f 3783/2802/3556 3779/2799/3538 3784/2803/3557
f 3778/2797/3552 3785/2804/3558 3779/2799/3538
f 3786/2805/3559 3779/2799/3538 3785/2804/3558
f 3786/2805/3559 3787/2806/3560 3779/2799/3538
f 3779/2799/3538 3787/2806/3560 3788/2807/3561
f 3779/2799/3538 3788/2807/3561 3789/2808/3534
f 3790/2809/3562 3791/2812/3563 3792/2811/3563
f 3790/2809/3562 3792/2811/3563 3793/2810/3564
f 3791/2812/3563 3794/2813/2873 3792/2811/3563
f 3795/2814/3565 3796/2817/3566 3797/2816/3487
f 3795/2814/3565 3797/2816/3487 3798/2815/3567
f 3795/2814/3565 3798/2815/3567 3799/2818/3568
f 3795/2814/3565 3799/2818/3568 3800/2819/3569
f 3799/2818/3568 3801/2820/3570 3800/2819/3569
f 3802/2821/3571 3800/2819/3569 3801/2820/3570
f 3802/2821/3571 3801/2820/3570 3803/2822/3572
f 3804/2823/3573 3802/2821/3571 3803/2822/3572
f 3805/2824/3574 3800/2819/3569 3802/2821/3571
f 3802/2821/3571 3806/2825/3575 3805/2824/3574
f 3802/2821/3571 3807/2826/3576 3806/2825/3575
f 3807/2826/3576 3802/2821/3571 3804/2823/3573
f 3807/2826/3576 3804/2823/3573 3808/2827/3577
f 3808/2827/3577 3809/2828/3578 3807/2826/3576
f 3808/2827/3577 3810/2829/3579 3809/2828/3578
f 3811/2830/3580 3806/2825/3575 3807/2826/3576
f 3811/2830/3580 3807/2826/3576 3809/2828/3578
f 3805/2824/3574 3812/2831/3581 3800/2819/3569
f 3812/2831/3581 3795/2814/3565 3800/2819/3569
f 3812/2831/3581 3813/2832/3582 3795/2814/3565
f 3796/2817/3566 3795/2814/3565 3813/2832/3582
f 3796/2817/3566 3813/2832/3582 3814/2833/3583
f 3804/2823/3573 3803/2822/3572 3815/2834/3584
f 3804/2823/3573 3815/2834/3584 3816/2835/3585
f 3817/2836/3586 3815/2834/3584 3803/2822/3572
f 3817/2836/3586 3803/2822/3572 3801/2820/3570
f 3818/2837/3587 3817/2836/3586 3801/2820/3570
f 3818/2837/3587 3801/2820/3570 3799/2818/3568
f 3819/2838/3588 3818/2837/3587 3799/2818/3568
f 3819/2838/3588 3799/2818/3568 3798/2815/3567
f 3820/2839/3589 3819/2838/3588 3798/2815/3567
f 3820/2839/3589 3798/2815/3567 3797/2816/3487
f 3821/2840/3590 3822/2842/3591 3823/2841/3592
f 3824/2843/3593 3822/2842/3591 3821/2840/3590
f 3825/2844/3594 3824/2843/3593 3821/2840/3590
f 3826/2845/3595 3825/2844/3594 3821/2840/3590
f 3826/2845/3595 3821/2840/3590 3827/2846/3596
f 3827/2846/3596 3821/2840/3590 3823/2841/3592
f 3827/2846/3596 3823/2841/3592 3828/2847/3597
f 3829/2848/3598 3828/2847/3597 3823/2841/3592
f 3829/2848/3598 3830/2849/3599 3828/2847/3597
f 3830/2849/3599 3831/2850/3600 3828/2847/3597
f 3831/2850/3600 3832/2851/3601 3828/2847/3597
f 3828/2847/3597 3832/2851/3601 3827/2846/3596
f 3830/2849/3599 3833/2852/3602 3831/2850/3600
f 3834/2853/3603 3831/2850/3600 3833/2852/3602
f 3831/2850/3600 3834/2853/3603 3832/2851/3601
f 3832/2851/3601 3834/2853/3603 3835/2854/3604
f 3834/2853/3603 3833/2852/3602 3836/2855/3605
f 3836/2855/3605 3837/2856/3606 3834/2853/3603
f 3834/2853/3603 3837/2856/3606 3835/2854/3604
f 3835/2854/3604 3837/2856/3606 3838/2857/3607
f 3837/2856/3606 3839/2858/3608 3838/2857/3607
f 3840/2859/3609 3839/2858/3608 3837/2856/3606
f 3836/2855/3605 3840/2859/3609 3837/2856/3606
f 3840/2859/3609 3841/2860/3610 3839/2858/3608
f 3841/2860/3610 3842/2861/3611 3839/2858/3608
f 3842/2861/3611 3843/2862/3612 3839/2858/3608
f 3839/2858/3608 3843/2862/3612 3838/2857/3607
f 3841/2860/3610 3844/2863/3613 3842/2861/3611
f 3845/2864/3614 3832/2851/3601 3835/2854/3604
f 3845/2864/3614 3846/2865/3615 3832/2851/3601
f 3846/2865/3615 3827/2846/3596 3832/2851/3601
f 3846/2865/3615 3826/2845/3595 3827/2846/3596
f 3847/2866/3616 3845/2864/3614 3835/2854/3604
f 3847/2866/3616 3835/2854/3604 3838/2857/3607
f 3848/2867/3617 3847/2866/3616 3838/2857/3607
f 3848/2867/3617 3838/2857/3607 3843/2862/3612
f 3849/2868/3618 3850/2871/3619 3851/2870/3620
f 3849/2868/3618 3851/2870/3620 3852/2869/3621
f 3853/2872/3622 3851/2870/3620 3850/2871/3619
f 3851/2870/3620 3853/2872/3622 3854/2873/3623
f 3851/2870/3620 3854/2873/3623 3855/2874/3624
f 3855/2874/3624 3852/2869/3621 3851/2870/3620
f 3855/2874/3624 3854/2873/3623 3856/2875/3625
f 3855/2874/3624 3856/2875/3625 3857/2876/3626
f 3858/2877/3627 3856/2875/3625 3854/2873/3623
f 3858/2877/3627 3854/2873/3623 3859/2878/3628
f 3853/2872/3622 3859/2878/3628 3854/2873/3623
f 3853/2872/3622 3860/2879/3629 3859/2878/3628
f 3853/2872/3622 3850/2871/3619 3861/2880/3630
f 3862/2881/3631 3860/2879/3629 3853/2872/3622
f 3862/2881/3631 3853/2872/3622 3861/2880/3630
f 3862/2881/3631 3863/2882/3632 3860/2879/3629
f 3862/2881/3631 3864/2883/3633 3863/2882/3632
f 3864/2883/3633 3865/2884/3634 3863/2882/3632
f 3864/2883/3633 3866/2885/3635 3865/2884/3634
f 3866/2885/3635 3867/2886/3636 3865/2884/3634
f 3867/2886/3636 3868/2887/3637 3865/2884/3634
f 3866/2885/3635 3869/2888/3638 3867/2886/3636
f 3869/2888/3638 3870/2889/3639 3867/2886/3636
f 3870/2889/3639 3868/2887/3637 3867/2886/3636
f 3871/2890/3640 3868/2887/3637 3870/2889/3639
f 3869/2888/3638 3872/2891/3641 3870/2889/3639
f 3873/2892/3642 3870/2889/3639 3872/2891/3641
f 3873/2892/3642 3871/2890/3640 3870/2889/3639
f 3873/2892/3642 3872/2891/3641 3874/2893/3643
f 3875/2894/3644 3873/2892/3642 3874/2893/3643
f 3875/2894/3644 3874/2893/3643 3876/2895/3645
f 3877/2896/3646 3871/2890/3640 3873/2892/3642
f 3878/2897/3647 3877/2896/3646 3873/2892/3642
f 3875/2894/3644 3878/2897/3647 3873/2892/3642
f 3879/2898/3648 3878/2897/3647 3875/2894/3644
f 3878/2897/3647 3879/2898/3648 3880/2899/3649
f 3878/2897/3647 3880/2899/3649 3881/2900/3650
f 3881/2900/3650 3877/2896/3646 3878/2897/3647
f 3868/2887/3637 3871/2890/3640 3882/2901/3651
f 3868/2887/3637 3882/2901/3651 3883/2902/3652
f 3884/2903/3653 3882/2901/3651 3871/2890/3640
f 3884/2903/3653 3871/2890/3640 3877/2896/3646
f 3881/2900/3650 3884/2903/3653 3877/2896/3646
f 3885/2904/3654 3875/2894/3644 3876/2895/3645
f 3885/2904/3654 3879/2898/3648 3875/2894/3644
f 3885/2904/3654 3886/2905/3655 3879/2898/3648
f 3885/2904/3654 3876/2895/3645 3887/2906/3656
f 3887/2906/3656 3888/2907/3657 3885/2904/3654
f 3888/2907/3657 3886/2905/3655 3885/2904/3654
f 3888/2907/3657 3889/2908/3658 3886/2905/3655
f 3890/2909/3659 3889/2908/3658 3888/2907/3657
f 3887/2906/3656 3891/2910/3660 3888/2907/3657
f 3891/2910/3660 3890/2909/3659 3888/2907/3657
f 3891/2910/3660 3892/2911/3661 3890/2909/3659
f 3892/2911/3661 3893/2912/3662 3890/2909/3659
f 3893/2912/3662 3894/2913/3663 3890/2909/3659
f 3890/2909/3659 3894/2913/3663 3889/2908/3658
f 3892/2911/3661 3895/2914/3664 3893/2912/3662
f 3895/2914/3664 3896/2915/3665 3893/2912/3662
f 3896/2915/3665 3894/2913/3663 3893/2912/3662
f 3896/2915/3665 3897/2916/3666 3894/2913/3663
f 3897/2916/3666 3896/2915/3665 3898/2917/3667
f 3899/2918/3668 3897/2916/3666 3898/2917/3667
f 3899/2918/3668 3900/2919/3669 3897/2916/3666
f 3899/2918/3668 3901/2920/3670 3900/2919/3669
f 3899/2918/3668 3902/2921/3671 3901/2920/3670
f 3903/2922/3672 3901/2920/3670 3902/2921/3671
f 3904/2923/3673 3900/2919/3669 3901/2920/3670
f 3904/2923/3673 3905/2924/3674 3900/2919/3669
f 3905/2924/3674 3897/2916/3666 3900/2919/3669
f 3905/2924/3674 3906/2925/3675 3897/2916/3666
f 3906/2925/3675 3894/2913/3663 3897/2916/3666
f 3895/2914/3664 3907/2926/3676 3896/2915/3665
f 3907/2926/3676 3898/2917/3667 3896/2915/3665
f 3907/2926/3676 3908/2927/3677 3898/2917/3667
f 3906/2925/3675 3909/2928/3678 3894/2913/3663
f 3909/2928/3678 3889/2908/3658 3894/2913/3663
f 3909/2928/3678 3910/2929/3679 3889/2908/3658
f 3886/2905/3655 3889/2908/3658 3910/2929/3679
f 3886/2905/3655 3910/2929/3679 3911/2930/3680
f 3879/2898/3648 3886/2905/3655 3911/2930/3680
f 3879/2898/3648 3911/2930/3680 3880/2899/3649
f 3912/2931/3681 3913/2934/3682 3914/2933/3683
f 3912/2931/3681 3914/2933/3683 3915/2932/3684
f 3916/2935/3685 3914/2933/3683 3913/2934/3682
f 3916/2935/3685 3913/2934/3682 3917/2936/3686
f 3918/2937/3687 3916/2935/3685 3917/2936/3686
f 3918/2937/3687 3917/2936/3686 3919/2938/3688
f 3917/2936/3686 3913/2934/3682 3920/2939/3689
f 3912/2931/3681 3920/2939/3689 3913/2934/3682
f 3917/2936/3686 3920/2939/3689 3921/2940/3690
f 3922/2941/3691 3919/2938/3688 3917/2936/3686
f 3922/2941/3691 3917/2936/3686 3921/2940/3690
f 3923/2942/3692 3922/2941/3691 3921/2940/3690
f 3923/2942/3692 3924/2943/3693 3922/2941/3691
f 3925/2944/3694 3923/2942/3692 3921/2940/3690
f 3925/2944/3694 3921/2940/3690 3920/2939/3689
f 3926/2945/3695 3925/2944/3694 3920/2939/3689
f 3926/2945/3695 3920/2939/3689 3927/2946/3696
f 3912/2931/3681 3927/2946/3696 3920/2939/3689
f 3927/2946/3696 3928/2947/3697 3926/2945/3695
f 3927/2946/3696 3929/2948/3698 3928/2947/3697
f 3930/2949/3699 3929/2948/3698 3927/2946/3696
f 3930/2949/3699 3927/2946/3696 3912/2931/3681
f 3931/2950/3700 3928/2947/3697 3929/2948/3698
f 3931/2950/3700 3929/2948/3698 3932/2951/3701
f 3930/2949/3699 3932/2951/3701 3929/2948/3698
f 3930/2949/3699 3933/2952/3702 3932/2951/3701
f 3930/2949/3699 3934/2953/3703 3933/2952/3702
f 3935/2954/3704 3933/2952/3702 3934/2953/3703
f 3935/2954/3704 3934/2953/3703 3936/2955/3705
f 3930/2949/3699 3937/2956/3706 3934/2953/3703
f 3933/2952/3702 3935/2954/3704 3938/2957/3707
f 3933/2952/3702 3938/2957/3707 3932/2951/3701
f 3938/2957/3707 3935/2954/3704 3939/2958/3708
f 3938/2957/3707 3939/2958/3708 3940/2959/3709
f 3941/2960/3403 3931/2950/3700 3932/2951/3701
f 3941/2960/3403 3932/2951/3701 3938/2957/3707
f 3938/2957/3707 3940/2959/3709 3942/2961/3514
f 3938/2957/3707 3942/2961/3514 3941/2960/3403
f 3943/2962/3710 3941/2960/3403 3942/2961/3514
f 3940/2959/3709 3939/2958/3708 3944/2963/3711
f 3940/2959/3709 3944/2963/3711 3945/2964/3712
f 3939/2958/3708 3946/2965/3713 3944/2963/3711
f 3939/2958/3708 3947/2966/3714 3946/2965/3713
f 3948/2967/3715 3942/2961/3514 3940/2959/3709
f 3948/2967/3715 3940/2959/3709 3945/2964/3712
f 3949/2968/3716 3945/2964/3712 3944/2963/3711
f 3949/2968/3716 3950/2969/3717 3945/2964/3712
f 3950/2969/3717 3949/2968/3716 3951/2970/3718
f 3950/2969/3717 3951/2970/3718 3952/2971/3719
f 3953/2972/3720 3950/2969/3717 3952/2971/3719
f 3953/2972/3720 3954/2973/3721 3950/2969/3717
f 3954/2973/3721 3945/2964/3712 3950/2969/3717
f 3955/2974/3722 3951/2970/3718 3949/2968/3716
f 3955/2974/3722 3956/2975/3723 3951/2970/3718
f 3957/2976/3724 3955/2974/3722 3949/2968/3716
f 3957/2976/3724 3949/2968/3716 3944/2963/3711
f 3946/2965/3713 3957/2976/3724 3944/2963/3711
f 3954/2973/3721 3958/2977/3725 3945/2964/3712
f 3958/2977/3725 3948/2967/3715 3945/2964/3712
f 3959/2978/3726 3960/2979/3727 3824/2843/3593
f 3824/2843/3593 3960/2979/3727 3822/2842/3591
f 3825/2844/3594 3961/2980/3728 3824/2843/3593
f 3962/2981/3729 3963/2984/3730 3964/2983/3731
f 3962/2981/3729 3964/2983/3731 3965/2982/3732
f 3965/2982/3732 3964/2983/3731 3966/2985/3733
f 3965/2982/3732 3966/2985/3733 3967/2986/3734
f 3966/2985/3733 3964/2983/3731 3968/2987/3735
f 3963/2984/3730 3968/2987/3735 3964/2983/3731
f 3966/2985/3733 3968/2987/3735 3969/2988/3736
f 3970/2989/3737 3969/2988/3736 3968/2987/3735
f 3968/2987/3735 3971/2990/3738 3970/2989/3737
f 3972/2991/3739 3970/2989/3737 3971/2990/3738
f 3973/2992/3740 3970/2989/3737 3972/2991/3739
f 3969/2988/3736 3970/2989/3737 3973/2992/3740
f 3972/2991/3739 3971/2990/3738 3974/2993/3741
f 3965/2982/3732 3967/2986/3734 3975/2994/3742
f 3975/2994/3742 3967/2986/3734 3976/2995/3743
f 3975/2994/3742 3976/2995/3743 3977/2996/3744
f 3978/2997/3745 3976/2995/3743 3967/2986/3734
f 3978/2997/3745 3967/2986/3734 3966/2985/3733
f 3979/2998/3746 3978/2997/3745 3966/2985/3733
f 3979/2998/3746 3966/2985/3733 3969/2988/3736
f 3980/2999/3747 3979/2998/3746 3969/2988/3736
f 3980/2999/3747 3969/2988/3736 3973/2992/3740
f 3981/3000/3748 3980/2999/3747 3973/2992/3740
f 3981/3000/3748 3973/2992/3740 3982/3001/3749
f 3982/3001/3749 3973/2992/3740 3972/2991/3739
f 3983/3002/3750 3981/3000/3748 3982/3001/3749
f 3983/3002/3750 3982/3001/3749 3984/3003/3751
f 3982/3001/3749 3972/2991/3739 3985/3004/3752
f 3985/3004/3752 3984/3003/3751 3982/3001/3749
f 3985/3004/3752 3986/3005/3753 3984/3003/3751
f 3987/3006/3754 3984/3003/3751 3986/3005/3753
f 3984/3003/3751 3987/3006/3754 3988/3007/3755
f 3989/3008/3756 3987/3006/3754 3986/3005/3753
f 3989/3008/3756 3986/3005/3753 3990/3009/3757
f 3989/3008/3756 3990/3009/3757 3991/3010/3758
f 3992/3011/3759 3990/3009/3757 3986/3005/3753
f 3992/3011/3759 3986/3005/3753 3985/3004/3752
f 3993/3012/3760 3992/3011/3759 3985/3004/3752
f 3993/3012/3760 3985/3004/3752 3972/2991/3739
f 3993/3012/3760 3972/2991/3739 3974/2993/3741
f 3987/3006/3754 3994/3013/3761 3988/3007/3755
f 3987/3006/3754 3995/3014/3762 3994/3013/3761
f 3987/3006/3754 3989/3008/3756 3995/3014/3762
f 3995/3014/3762 3989/3008/3756 3996/3015/3763
f 3991/3010/3758 3996/3015/3763 3989/3008/3756
f 3991/3010/3758 3997/3016/3764 3996/3015/3763
f 3994/3013/3761 3995/3014/3762 3998/3017/3765
f 3996/3015/3763 3998/3017/3765 3995/3014/3762
f 3999/3018/3766 3998/3017/3765 3996/3015/3763
f 3997/3016/3764 3999/3018/3766 3996/3015/3763
f 4000/3019/3767 3998/3017/3765 3999/3018/3766
f 4000/3019/3767 4001/3020/3768 3998/3017/3765
f 4002/3021/3769 4001/3020/3768 4000/3019/3767
f 4002/3021/3769 4003/3022/3770 4001/3020/3768
f 4004/3023/3771 4003/3022/3770 4002/3021/3769
f 4004/3023/3771 4005/3024/3772 4003/3022/3770
f 4006/3025/3773 4005/3024/3772 4004/3023/3771
f 4006/3025/3773 4007/3026/3774 4005/3024/3772
f 4007/3026/3774 4006/3025/3773 4008/3027/3775
f 4007/3026/3774 4008/3027/3775 4009/3028/3776
f 4008/3027/3775 4010/3029/3777 4009/3028/3776
f 4011/3030/3778 3998/3017/3765 4001/3020/3768
f 4011/3030/3778 4012/3031/3779 3998/3017/3765
f 3994/3013/3761 3998/3017/3765 4012/3031/3779
f 4013/3032/3780 4000/3019/3767 3999/3018/3766
f 3997/3016/3764 4013/3032/3780 3999/3018/3766
f 4004/3023/3771 4002/3021/3769 4014/3033/3781
f 4015/3034/3782 4014/3033/3781 4002/3021/3769
f 4013/3032/3780 4015/3034/3782 4000/3019/3767
f 4015/3034/3782 4002/3021/3769 4000/3019/3767
f 4016/3035/3783 4008/3027/3775 4006/3025/3773
f 4017/3036/3784 4016/3035/3783 4006/3025/3773
f 4004/3023/3771 4014/3033/3781 4017/3036/3784
f 4017/3036/3784 4006/3025/3773 4004/3023/3771
f 4016/3035/3783 4018/3037/3785 4008/3027/3775
f 4019/3038/3786 4011/3030/3778 4001/3020/3768
f 4019/3038/3786 4001/3020/3768 4003/3022/3770
f 4020/3039/3787 4019/3038/3786 4003/3022/3770
f 4020/3039/3787 4003/3022/3770 4005/3024/3772
f 4021/3040/3788 4020/3039/3787 4005/3024/3772
f 4021/3040/3788 4005/3024/3772 4007/3026/3774
f 4022/3041/3789 4021/3040/3788 4007/3026/3774
f 4022/3041/3789 4007/3026/3774 4009/3028/3776
f 4023/3042/3790 4024/3043/3791 3975/2994/3742
f 3965/2982/3732 3975/2994/3742 4024/3043/3791
f 3965/2982/3732 4024/3043/3791 4025/3044/3792
f 3965/2982/3732 4025/3044/3792 4026/3045/3793
f 4026/3045/3793 3962/2981/3729 3965/2982/3732
f 4027/3046/3794 4028/3048/3795 4029/3047/3796
f 4030/3049/3797 4029/3047/3796 4028/3048/3795
f 4030/3049/3797 4031/3050/3798 4029/3047/3796
f 4032/3051/3799 4029/3047/3796 4031/3050/3798
f 4033/3052/3800 4029/3047/3796 4032/3051/3799
f 4033/3052/3800 4027/3046/3794 4029/3047/3796
f 4034/3053/3801 4032/3051/3799 4031/3050/3798
f 4034/3053/3801 4035/3054/3802 4032/3051/3799
f 4036/3055/3803 4032/3051/3799 4035/3054/3802
f 4036/3055/3803 4037/3056/3804 4032/3051/3799
f 4037/3056/3804 4038/3057/3805 4032/3051/3799
f 4032/3051/3799 4038/3057/3805 4033/3052/3800
f 4039/3058/3806 4038/3057/3805 4037/3056/3804
f 4039/3058/3806 4037/3056/3804 4036/3055/3803
f 4039/3058/3806 4040/3059/3807 4038/3057/3805
f 4041/3060/3808 4040/3059/3807 4039/3058/3806
f 4041/3060/3808 4042/3061/3809 4040/3059/3807
f 4042/3061/3809 4041/3060/3808 4043/3062/3810
f 4042/3061/3809 4043/3062/3810 4044/3063/3811
f 4039/3058/3806 4036/3055/3803 4045/3064/3812
f 4045/3064/3812 4041/3060/3808 4039/3058/3806
f 4045/3064/3812 4046/3065/3813 4041/3060/3808
f 4046/3065/3813 4043/3062/3810 4041/3060/3808
f 4046/3065/3813 4047/3066/3814 4043/3062/3810
f 4047/3066/3814 4048/3067/3815 4043/3062/3810
f 4044/3063/3811 4043/3062/3810 4048/3067/3815
f 4044/3063/3811 4048/3067/3815 4049/3068/3816
f 4047/3066/3814 4050/3069/3817 4048/3067/3815
f 4050/3069/3817 4051/3070/3818 4048/3067/3815
f 4049/3068/3816 4048/3067/3815 4051/3070/3818
f 4049/3068/3816 4051/3070/3818 4052/3071/3819
f 4050/3069/3817 4053/3072/3820 4051/3070/3818
f 4054/3073/3821 4038/3057/3805 4040/3059/3807
f 4054/3073/3821 4055/3074/3822 4038/3057/3805
f 4055/3074/3822 4033/3052/3800 4038/3057/3805
f 4055/3074/3822 4056/3075/3823 4033/3052/3800
f 4056/3075/3823 4027/3046/3794 4033/3052/3800
f 4056/3075/3823 4057/3076/3824 4027/3046/3794
f 4058/3077/3825 4049/3068/3816 4052/3071/3819
f 4058/3077/3825 4059/3078/3826 4049/3068/3816
f 4059/3078/3826 4044/3063/3811 4049/3068/3816
f 4059/3078/3826 4060/3079/3827 4044/3063/3811
f 4060/3079/3827 4042/3061/3809 4044/3063/3811
f 4060/3079/3827 4061/3080/3828 4042/3061/3809
f 4061/3080/3828 4054/3073/3821 4040/3059/3807
f 4061/3080/3828 4040/3059/3807 4042/3061/3809
f 4062/3081/3829 4063/3084/3830 4064/3083/3831
f 4062/3081/3829 4064/3083/3831 4065/3082/3832
f 4064/3083/3831 4066/3085/3833 4065/3082/3832
f 4067/3086/3834 4066/3085/3833 4064/3083/3831
f 4063/3084/3830 4067/3086/3834 4064/3083/3831
f 4067/3086/3834 4068/3087/3835 4066/3085/3833
f 4069/3088/3836 4068/3087/3835 4067/3086/3834
f 4069/3088/3836 4067/3086/3834 4070/3089/3837
f 4071/3090/3838 4070/3089/3837 4067/3086/3834
f 4063/3084/3830 4071/3090/3838 4067/3086/3834
f 4071/3090/3838 4072/3091/3839 4070/3089/3837
f 4070/3089/3837 4073/3092/3840 4069/3088/3836
f 4072/3091/3839 4074/3093/3841 4070/3089/3837
f 4074/3093/3841 4073/3092/3840 4070/3089/3837
f 4073/3092/3840 4074/3093/3841 4075/3094/3842
f 4072/3091/3839 4076/3095/3843 4074/3093/3841
f 4077/3096/3844 4075/3094/3842 4074/3093/3841
f 4077/3096/3844 4074/3093/3841 4078/3097/3845
f 4076/3095/3843 4078/3097/3845 4074/3093/3841
f 4077/3096/3844 4078/3097/3845 4079/3098/3846
f 4077/3096/3844 4079/3098/3846 4080/3099/3847
f 4081/3100/3848 4080/3099/3847 4079/3098/3846
f 4069/3088/3836 4073/3092/3840 4082/3101/3849
f 4073/3092/3840 4075/3094/3842 4082/3101/3849
f 4069/3088/3836 4082/3101/3849 4083/3102/3850
f 4083/3102/3850 4068/3087/3835 4069/3088/3836
f 4084/3103/3851 4077/3096/3844 4080/3099/3847
f 4085/3104/3852 4084/3103/3851 4080/3099/3847
f 4085/3104/3852 4080/3099/3847 4086/3105/3853
f 4081/3100/3848 4086/3105/3853 4080/3099/3847
f 4084/3103/3851 4087/3106/3854 4077/3096/3844
f 4088/3107/3855 4081/3100/3848 4079/3098/3846
f 4088/3107/3855 4089/3108/3856 4081/3100/3848
f 4090/3109/3857 4088/3107/3855 4079/3098/3846
f 4090/3109/3857 4079/3098/3846 4078/3097/3845
f 4076/3095/3843 4090/3109/3857 4078/3097/3845
f 4083/3102/3850 4091/3110/3858 4068/3087/3835
f 4091/3110/3858 4066/3085/3833 4068/3087/3835
f 4091/3110/3858 4092/3111/3859 4066/3085/3833
f 4093/3112/3860 4094/3114/3861 4095/3113/3862
f 4096/3115/3863 4095/3113/3862 4094/3114/3861
f 4096/3115/3863 4097/3116/3864 4095/3113/3862
f 4098/3117/3865 4095/3113/3862 4097/3116/3864
f 4098/3117/3865 4097/3116/3864 4099/3118/3866
f 4100/3119/3867 4095/3113/3862 4098/3117/3865
f 4100/3119/3867 4093/3112/3860 4095/3113/3862
f 4101/3120/3868 4093/3112/3860 4100/3119/3867
f 4101/3120/3868 4102/3121/3869 4093/3112/3860
f 4102/3121/3869 4103/3122/3870 4093/3112/3860
f 4103/3122/3870 4094/3114/3861 4093/3112/3860
f 4102/3121/3869 4104/3123/3871 4103/3122/3870
f 4099/3118/3866 4105/3124/3872 4098/3117/3865
f 4099/3118/3866 4106/3125/3873 4105/3124/3872
f 4106/3125/3873 4107/3126/3874 4105/3124/3872
f 4106/3125/3873 4108/3127/3875 4107/3126/3874
f 4109/3128/3876 4107/3126/3874 4108/3127/3875
f 4109/3128/3876 4108/3127/3875 4110/3129/3877
f 4105/3124/3872 4107/3126/3874 4111/3130/3878
f 4111/3130/3878 4107/3126/3874 4112/3131/3879
f 4109/3128/3876 4112/3131/3879 4107/3126/3874
f 4111/3130/3878 4112/3131/3879 4113/3132/3880
f 4111/3130/3878 4113/3132/3880 4114/3133/3881
f 4115/3134/3882 4113/3132/3880 4112/3131/3879
f 4115/3134/3882 4112/3131/3879 4116/3135/3883
f 4116/3135/3883 4112/3131/3879 4109/3128/3876
f 4116/3135/3883 4109/3128/3876 4117/3136/3884
f 4118/3137/3885 4119/3140/3886 4120/3139/3887
f 4118/3137/3885 4120/3139/3887 4121/3138/3888
f 4121/3138/3888 4120/3139/3887 4122/3141/3889
f 4121/3138/3888 4122/3141/3889 4123/3142/3890
f 4123/3142/3890 4122/3141/3889 4124/3143/3891
f 4123/3142/3890 4124/3143/3891 4125/3144/3892
f 4125/3144/3892 4124/3143/3891 4126/3145/3893
f 4125/3144/3892 4126/3145/3893 4127/3146/3894
f 4127/3146/3894 4126/3145/3893 4128/3147/3895
f 4127/3146/3894 4128/3147/3895 4129/3148/3896
f 4129/3148/3896 4128/3147/3895 4130/3149/3897
f 4129/3148/3896 4130/3149/3897 4131/3150/3898
f 4131/3150/3898 4130/3149/3897 4132/3151/3899
f 4131/3150/3898 4132/3151/3899 4133/3152/3900
f 4133/3152/3900 4132/3151/3899 4134/3153/3901
f 4133/3152/3900 4134/3153/3901 4135/3154/3902
f 4135/3154/3902 4134/3153/3901 4136/3155/3903
f 4135/3154/3902 4136/3155/3903 4137/3156/3904
f 4137/3156/3904 4136/3155/3903 4138/3157/3905
f 4137/3156/3904 4138/3157/3905 4139/3158/3906
f 4139/3158/3906 4138/3157/3905 4140/3159/3907
f 4139/3158/3906 4140/3159/3907 4141/3160/3908
f 4142/3161/3909 4141/3160/3908 4140/3159/3907
f 4142/3161/3909 4143/3162/3910 4141/3160/3908
f 4144/3163/3911 4143/3162/3910 4142/3161/3909
f 4144/3163/3911 4145/3164/3912 4143/3162/3910
f 4146/3165/3913 4143/3162/3910 4145/3164/3912
f 4146/3165/3913 4147/3166/3914 4143/3162/3910
f 4147/3166/3914 4141/3160/3908 4143/3162/3910
f 4147/3166/3914 4148/3167/3915 4141/3160/3908
f 4148/3167/3915 4139/3158/3906 4141/3160/3908
f 4149/3168/3916 4136/3155/3903 4134/3153/3901
f 4150/3169/3917 4149/3168/3916 4134/3153/3901
f 4150/3169/3917 4134/3153/3901 4132/3151/3899
f 4151/3170/3227 4150/3169/3917 4132/3151/3899
f 4151/3170/3227 4132/3151/3899 4130/3149/3897
f 4152/3171/3918 4151/3170/3227 4130/3149/3897
f 4152/3171/3918 4130/3149/3897 4128/3147/3895
f 4153/3172/3919 4152/3171/3918 4128/3147/3895
f 4153/3172/3919 4128/3147/3895 4126/3145/3893
f 4154/3173/3920 4153/3172/3919 4126/3145/3893
f 4154/3173/3920 4126/3145/3893 4124/3143/3891
f 4155/3174/3921 4154/3173/3920 4124/3143/3891
f 4155/3174/3921 4124/3143/3891 4122/3141/3889
f 4156/3175/3922 4155/3174/3921 4122/3141/3889
f 4156/3175/3922 4122/3141/3889 4120/3139/3887
f 4157/3176/3923 4156/3175/3922 4120/3139/3887
f 4157/3176/3923 4120/3139/3887 4119/3140/3886
f 4149/3168/3916 4158/3177/3924 4136/3155/3903
f 4158/3177/3924 4138/3157/3905 4136/3155/3903
f 4158/3177/3924 4159/3178/3925 4138/3157/3905
f 4159/3178/3925 4140/3159/3907 4138/3157/3905
f 4159/3178/3925 4160/3179/3926 4140/3159/3907
f 4142/3161/3909 4140/3159/3907 4160/3179/3926
f 4142/3161/3909 4160/3179/3926 4161/3180/3927
f 4144/3163/3911 4142/3161/3909 4161/3180/3927
f 4144/3163/3911 4161/3180/3927 4162/3181/3928
f 4148/3167/3915 4163/3182/3929 4139/3158/3906
f 4163/3182/3929 4137/3156/3904 4139/3158/3906
f 4163/3182/3929 4164/3183/3930 4137/3156/3904
f 4164/3183/3930 4135/3154/3902 4137/3156/3904
f 4164/3183/3930 4165/3184/3931 4135/3154/3902
f 4165/3184/3931 4133/3152/3900 4135/3154/3902
f 4165/3184/3931 4166/3185/3932 4133/3152/3900
f 4166/3185/3932 4131/3150/3898 4133/3152/3900
f 4166/3185/3932 4167/3186/3933 4131/3150/3898
f 4167/3186/3933 4129/3148/3896 4131/3150/3898
f 4167/3186/3933 4168/3187/3934 4129/3148/3896
f 4168/3187/3934 4127/3146/3894 4129/3148/3896
f 4168/3187/3934 4169/3188/3935 4127/3146/3894
f 4169/3188/3935 4125/3144/3892 4127/3146/3894
f 4169/3188/3935 4170/3189/3936 4125/3144/3892
f 4170/3189/3936 4123/3142/3890 4125/3144/3892
f 4170/3189/3936 4171/3190/3937 4123/3142/3890
f 4171/3190/3937 4121/3138/3888 4123/3142/3890
f 4171/3190/3937 4172/3191/3938 4121/3138/3888
f 4172/3191/3938 4118/3137/3885 4121/3138/3888
f 4172/3191/3938 4173/3192/3939 4118/3137/3885
f 4174/3193/3509 4175/3196/3940 4176/3195/3941
f 4174/3193/3509 4176/3195/3941 4177/3194/3942
f 4176/3195/3941 4178/3197/3943 4177/3194/3942
f 4179/3198/3944 4178/3197/3943 4176/3195/3941
f 4179/3198/3944 4180/3199/3945 4178/3197/3943
f 4180/3199/3945 4181/3200/3501 4178/3197/3943
f 4178/3197/3943 4181/3200/3501 4182/3201/3946
f 4180/3199/3945 4183/3202/3947 4181/3200/3501
f 4183/3202/3947 4184/3203/3948 4181/3200/3501
f 4181/3200/3501 4184/3203/3948 4185/3204/3949
f 4181/3200/3501 4185/3204/3949 4182/3201/3946
f 4183/3202/3947 4186/3205/3950 4184/3203/3948
f 4186/3205/3950 4187/3206/3951 4184/3203/3948
f 4187/3206/3951 4188/3207/3952 4184/3203/3948
f 4184/3203/3948 4188/3207/3952 4185/3204/3949
f 4186/3205/3950 4189/3208/3953 4187/3206/3951
f 4190/3209/3954 4187/3206/3951 4189/3208/3953
f 4188/3207/3952 4187/3206/3951 4190/3209/3954
f 4186/3205/3950 4191/3210/3955 4189/3208/3953
f 4176/3195/3941 4192/3211/3956 4179/3198/3944
f 4193/3212/3957 4182/3201/3946 4185/3204/3949
f 4193/3212/3957 4194/3213/3958 4182/3201/3946
f 4194/3213/3958 4195/3214/3959 4182/3201/3946
f 4194/3213/3958 4196/3215/3960 4195/3214/3959
f 4196/3215/3960 4177/3194/3942 4195/3214/3959
f 4196/3215/3960 4197/3216/3961 4177/3194/3942
f 4197/3216/3961 4174/3193/3509 4177/3194/3942
f 4197/3216/3961 4198/3217/3962 4174/3193/3509
f 4177/3194/3942 4178/3197/3943 4195/3214/3959
f 4178/3197/3943 4182/3201/3946 4195/3214/3959
f 4176/3195/3941 4175/3196/3940 4192/3211/3956
f 4199/3218/3963 4200/3221/3964 4201/3220/3965
f 4199/3218/3963 4201/3220/3965 4202/3219/3966
f 4199/3218/3963 4202/3219/3966 4203/3222/3967
f 4199/3218/3963 4203/3222/3967 4204/3223/3968
f 4201/3220/3965 4200/3221/3964 4205/3224/3969
f 4200/3221/3964 4199/3218/3963 4206/3225/3970
f 4206/3225/3970 4199/3218/3963 4204/3223/3968
f 4200/3221/3964 4206/3225/3970 4207/3226/3971
f 4205/3224/3969 4200/3221/3964 4207/3226/3971
f 4206/3225/3970 4204/3223/3968 4208/3227/3972
f 4209/3228/3973 4208/3227/3972 4204/3223/3968
f 4209/3228/3973 4204/3223/3968 4210/3229/3974
f 4211/3230/3975 4209/3228/3973 4210/3229/3974
f 4211/3230/3975 4210/3229/3974 4212/3231/3976
f 4213/3232/3977 4211/3230/3975 4212/3231/3976
f 4213/3232/3977 4212/3231/3976 4214/3233/3978
f 4215/3234/3979 4213/3232/3977 4214/3233/3978
f 4215/3234/3979 4214/3233/3978 4216/3235/3980
f 4217/3236/3981 4202/3219/3966 4201/3220/3965
f 4205/3224/3969 4217/3236/3981 4201/3220/3965
f 4218/3237/3982 4214/3233/3978 4212/3231/3976
f 4210/3229/3974 4218/3237/3982 4212/3231/3976
f 4218/3237/3982 4219/3238/3682 4214/3233/3978
f 4219/3238/3682 4216/3235/3980 4214/3233/3978
f 4218/3237/3982 4220/3239/3983 4219/3238/3682
f 4218/3237/3982 4221/3240/3984 4220/3239/3983
f 4218/3237/3982 4222/3241/3985 4221/3240/3984
f 4221/3240/3984 4222/3241/3985 4223/3242/3986
f 4222/3241/3985 4218/3237/3982 4224/3243/3987
f 4225/3244/3988 4224/3243/3987 4218/3237/3982
f 4225/3244/3988 4218/3237/3982 4226/3245/3989
f 4227/3246/3990 4225/3244/3988 4226/3245/3989
f 4227/3246/3990 4226/3245/3989 4203/3222/3967
f 4203/3222/3967 4228/3247/3991 4227/3246/3990
f 4217/3236/3981 4228/3247/3991 4202/3219/3966
f 4203/3222/3967 4202/3219/3966 4228/3247/3991
f 4222/3241/3985 4224/3243/3987 4229/3248/3992
f 4230/3249/3993 4220/3239/3983 4221/3240/3984
f 4230/3249/3993 4231/3250/3994 4220/3239/3983
f 4231/3250/3994 4219/3238/3682 4220/3239/3983
f 4231/3250/3994 4232/3251/3995 4219/3238/3682
f 4223/3242/3986 4222/3241/3985 4233/3252/3996
f 4233/3252/3996 4222/3241/3985 4229/3248/3992
f 4221/3240/3984 4223/3242/3986 4234/3253/3997
f 4221/3240/3984 4234/3253/3997 4230/3249/3993
f 4223/3242/3986 4233/3252/3996 4234/3253/3997
f 4203/3222/3967 4226/3245/3989 4204/3223/3968
f 4210/3229/3974 4204/3223/3968 4226/3245/3989
f 4210/3229/3974 4226/3245/3989 4218/3237/3982
f 4235/3254/3998 4219/3238/3682 4232/3251/3995
f 4235/3254/3998 4232/3251/3995 4236/3255/3999
f 4236/3255/3999 4237/3256/4000 4235/3254/3998
f 4237/3256/4000 4238/3257/4001 4235/3254/3998
f 4239/3258/4002 4238/3257/4001 4237/3256/4000
f 4240/3259/4003 4238/3257/4001 4239/3258/4002
f 4240/3259/4003 4239/3258/4002 4241/3260/4004
f 4242/3261/4005 4240/3259/4003 4241/3260/4004
f 4242/3261/4005 4241/3260/4004 4243/3262/4006
f 4244/3263/4007 4242/3261/4005 4243/3262/4006
f 4242/3261/4005 4244/3263/4007 4245/3264/4008
f 4242/3261/4005 4245/3264/4008 4246/3265/4009
f 4246/3265/4009 4240/3259/4003 4242/3261/4005
f 4244/3263/4007 4243/3262/4006 4247/3266/4010
f 4245/3264/4008 4244/3263/4007 4247/3266/4010
f 4246/3265/4009 4245/3264/4008 4248/3267/4011
f 4249/3268/4012 4246/3265/4009 4248/3267/4011
f 4249/3268/4012 4248/3267/4011 4250/3269/4013
f 4251/3270/4014 4249/3268/4012 4250/3269/4013
f 4251/3270/4014 4252/3271/4015 4249/3268/4012
f 4253/3272/4016 4252/3271/4015 4251/3270/4014
f 4254/3273/4017 4252/3271/4015 4253/3272/4016
f 4254/3273/4017 4255/3274/4018 4252/3271/4015
f 4246/3265/4009 4255/3274/4018 4240/3259/4003
f 4255/3274/4018 4246/3265/4009 4249/3268/4012
f 4255/3274/4018 4249/3268/4012 4252/3271/4015
f 4254/3273/4017 4256/3275/4019 4255/3274/4018
f 4256/3275/4019 4257/3276/4020 4255/3274/4018
f 4256/3275/4019 4258/3277/4021 4257/3276/4020
f 4254/3273/4017 4253/3272/4016 4259/3278/4022
f 4253/3272/4016 4260/3279/4023 4259/3278/4022
f 4260/3279/4023 4253/3272/4016 4251/3270/4014
f 4261/3280/4024 4260/3279/4023 4251/3270/4014
f 4251/3270/4014 4250/3269/4013 4261/3280/4024
f 4240/3259/4003 4255/3274/4018 4257/3276/4020
f 4240/3259/4003 4257/3276/4020 4238/3257/4001
f 4257/3276/4020 4235/3254/3998 4238/3257/4001
f 4257/3276/4020 4262/3281/4025 4235/3254/3998
f 4258/3277/4021 4262/3281/4025 4257/3276/4020
f 4258/3277/4021 4263/3282/4026 4262/3281/4025
f 4215/3234/3979 4262/3281/4025 4263/3282/4026
f 4216/3235/3980 4235/3254/3998 4262/3281/4025
f 4216/3235/3980 4262/3281/4025 4215/3234/3979
f 4219/3238/3682 4235/3254/3998 4216/3235/3980
f 4264/3283/4027 4265/3286/4028 4266/3285/4029
f 4264/3283/4027 4266/3285/4029 4267/3284/4030
f 4264/3283/4027 4267/3284/4030 4268/3287/4031
f 4269/3288/4032 4266/3285/4029 4265/3286/4028
f 4269/3288/4032 4265/3286/4028 4270/3289/4033
f 4269/3288/4032 4270/3289/4033 4271/3290/4034
f 4271/3290/4034 4270/3289/4033 4272/3291/4035
f 4273/3292/4036 4271/3290/4034 4272/3291/4035
f 4273/3292/4036 4272/3291/4035 4274/3293/4037
f 4271/3290/4034 4273/3292/4036 4275/3294/4038
f 4276/3295/4039 4275/3294/4038 4273/3292/4036
f 4276/3295/4039 4277/3296/4040 4275/3294/4038
f 4276/3295/4039 4278/3297/4041 4277/3296/4040
f 4276/3295/4039 4273/3292/4036 4279/3298/3995
f 4278/3297/4041 4280/3299/4042 4277/3296/4040
f 4277/3296/4040 4280/3299/4042 4281/3300/4043
f 4279/3298/3995 4273/3292/4036 4282/3301/4044
f 4279/3298/3995 4282/3301/4044 4283/3302/4045
f 4282/3301/4044 4284/3303/4046 4283/3302/4045
f 4283/3302/4045 4285/3304/4047 4279/3298/3995
f 4286/3305/4048 4283/3302/4045 4284/3303/4046
f 4285/3304/4047 4283/3302/4045 4287/3306/4049
f 4288/3307/4006 4286/3305/4048 4284/3303/4046
f 4288/3307/4006 4284/3303/4046 4289/3308/4050
f 4289/3308/4050 4284/3303/4046 4290/3309/4013
f 4290/3309/4013 4284/3303/4046 4291/3310/4051
f 4292/3311/4052 4288/3307/4006 4289/3308/4050
f 4292/3311/4052 4289/3308/4050 4293/3312/4053
f 4284/3303/4046 4294/3313/4054 4291/3310/4051
f 4295/3314/4055 4294/3313/4054 4284/3303/4046
f 4291/3310/4051 4294/3313/4054 4296/3315/4056
f 4296/3315/4056 4297/3316/4057 4291/3310/4051
f 4298/3317/4019 4294/3313/4054 4295/3314/4055
f 4299/3318/4058 4274/3293/4037 4300/3319/4059
f 4300/3319/4059 4301/3320/4060 4299/3318/4058
f 4300/3319/4059 4302/3321/3979 4301/3320/4060
f 4299/3318/4058 4273/3292/4036 4274/3293/4037
f 4303/3322/4061 4304/3324/4058 4305/3323/4062
f 4306/3325/4063 4303/3322/4061 4305/3323/4062
f 4306/3325/4063 4305/3323/4062 4307/3326/4064
f 4308/3327/4065 4307/3326/4064 4305/3323/4062
f 4308/3327/4065 4309/3328/4066 4307/3326/4064
f 4310/3329/4067 4305/3323/4062 4304/3324/4058
f 4305/3323/4062 4310/3329/4067 4311/3330/4068
f 4308/3327/4065 4305/3323/4062 4311/3330/4068
f 4310/3329/4067 4304/3324/4058 4312/3331/4060
f 4310/3329/4067 4312/3331/4060 4313/3332/4069
f 4314/3333/4070 4313/3332/4069 4312/3331/4060
f 4314/3333/4070 4315/3334/4071 4313/3332/4069
f 4313/3332/4069 4315/3334/4071 4316/3335/4072
f 4316/3335/4072 4310/3329/4067 4313/3332/4069
f 4316/3335/4072 4317/3336/4073 4310/3329/4067
f 4310/3329/4067 4317/3336/4073 4311/3330/4068
f 4316/3335/4072 4318/3337/3395 4317/3336/4073
f 4308/3327/4065 4311/3330/4068 4319/3338/4074
f 4320/3339/4075 4319/3338/4074 4311/3330/4068
f 4320/3339/4075 4311/3330/4068 4321/3340/4076
f 4321/3340/4076 4311/3330/4068 4317/3336/4073
f 4308/3327/4065 4319/3338/4074 4322/3341/4077
f 4309/3328/4066 4308/3327/4065 4322/3341/4077
f 4309/3328/4066 4322/3341/4077 4323/3342/4078
f 4324/3343/3842 4321/3340/4076 4317/3336/4073
f 4324/3343/3842 4320/3339/4075 4321/3340/4076
f 4325/3344/4079 4324/3343/3842 4317/3336/4073
f 4317/3336/4073 4318/3337/3395 4326/3345/4080
f 4317/3336/4073 4326/3345/4080 4325/3344/4079
f 4327/3346/4081 4326/3345/4080 4318/3337/3395
f 4327/3346/4081 4318/3337/3395 4328/3347/4082
f 4329/3348/4083 4328/3347/4082 4318/3337/3395
f 4316/3335/4072 4329/3348/4083 4318/3337/3395
f 4329/3348/4083 4316/3335/4072 4330/3349/4084
f 4329/3348/4083 4330/3349/4084 4331/3350/4085
f 4316/3335/4072 4332/3351/4055 4330/3349/4084
f 4333/3352/4086 4328/3347/4082 4329/3348/4083
f 4333/3352/4086 4329/3348/4083 4331/3350/4085
f 4333/3352/4086 4331/3350/4085 4334/3353/4087
f 4333/3352/4086 4334/3353/4087 4335/3354/4088
f 4336/3355/4089 4328/3347/4082 4333/3352/4086
f 4336/3355/4089 4333/3352/4086 4335/3354/4088
f 4328/3347/4082 4336/3355/4089 4337/3356/4090
f 4328/3347/4082 4337/3356/4090 4327/3346/4081
f 4336/3355/4089 4335/3354/4088 4337/3356/4090
f 4309/3328/4066 4323/3342/4078 4338/3357/4091
f 4307/3326/4064 4309/3328/4066 4338/3357/4091
f 4306/3325/4063 4307/3326/4064 4338/3357/4091
f 4316/3335/4072 4315/3334/4071 4332/3351/4055
f 4339/3358/3376 4340/3360/2820 4341/3359/4092
f 4340/3360/2820 4339/3358/3376 4342/3361/4093
f 4340/3360/2820 4342/3361/4093 4343/3362/3376
f 4343/3362/3376 4344/3363/4092 4340/3360/2820
f 4340/3360/2820 4344/3363/4092 4345/3364/4094
f 4346/3365/4095 4345/3364/4094 4344/3363/4092
f 4346/3365/4095 4344/3363/4092 4347/3366/4095
f 4339/3358/3376 4348/3367/4096 4342/3361/4093
f 4339/3358/3376 4349/3368/3018 4348/3367/4096
f 4342/3361/4093 4348/3367/4096 4350/3369/4097
f 4349/3368/3018 4339/3358/3376 4351/3370/4098
f 4339/3358/3376 4352/3371/4099 4351/3370/4098
f 4351/3370/4098 4352/3371/4099 4353/3372/3376
f 4351/3370/4098 4353/3372/3376 4354/3373/4100
f 4354/3373/4100 4353/3372/3376 4355/3374/4100
o body
v 0.788652 3.533750 0.176810
v 0.586249 3.488567 0.338477
v 0.758734 3.188066 0.135090
v 0.574432 3.148624 0.278555
v 0.729067 2.973204 0.096795
v 0.562616 2.939602 0.228097
v 0.610133 3.833968 0.362606
v 0.812290 3.866997 0.195603
v 0.414015 3.798273 0.363179
v 0.401947 3.458613 0.320854
v 0.265163 3.767264 0.280187
v 0.271202 3.439111 0.202474
v 0.800473 3.208455 -0.067420
v 0.776584 2.982307 -0.087933
v 0.836174 3.559793 -0.049421
v 0.598316 4.190960 0.356873
v 0.782618 4.230022 0.189773
v 0.419798 4.137353 0.369803
v 0.854024 3.887310 -0.042611
v 0.824106 4.226299 -0.042021
v 0.735095 4.091249 -0.277740
v 0.758734 4.289080 -0.203964
v 0.776584 4.493980 -0.034753
v 0.746912 4.467465 -0.182690
v 0.746917 3.865392 -0.280147
v 0.740883 3.544193 -0.268955
v 0.729061 3.194020 -0.245730
v 0.717245 2.967859 -0.236064
v 0.509054 4.047627 -0.425911
v 0.538726 3.833436 -0.422471
v 0.550543 3.512520 -0.393676
v 0.562616 3.162734 -0.346319
v 0.568398 2.930720 -0.324987
v 0.425831 3.138699 -0.339899
v 0.437648 2.919544 -0.300669
v 0.396165 3.488890 -0.393297
v 0.360459 3.791798 -0.415762
v 0.330535 4.029625 -0.419582
v 0.164090 4.025497 -0.300823
v 0.193757 3.752357 -0.272298
v 0.247313 3.449449 -0.249832
v 0.283019 3.116783 -0.232421
v 0.104746 4.027694 -0.164061
v 0.295086 2.902772 -0.217417
v 0.449470 2.747082 -0.297899
v 0.318725 2.718843 -0.208429
v 0.574432 2.770138 -0.333980
v 0.717245 2.789963 -0.227172
v 0.455504 2.562165 -0.319074
v 0.390131 2.527901 -0.228998
v 0.342609 2.517767 -0.139819
v 0.384097 2.403206 -0.226996
v 0.390131 2.398990 -0.113767
v 0.449470 2.443221 -0.334765
v 0.604104 2.471931 -0.394572
v 0.592283 2.591069 -0.366809
v 0.717245 2.616353 -0.295800
v 0.740883 2.479013 -0.329305
v 0.800473 2.475653 -0.162778
v 0.776584 2.612614 -0.152908
v 0.621955 2.305025 -0.421562
v 0.437653 2.270379 -0.355625
v 0.776589 2.312210 -0.350262
v 0.841962 2.302238 -0.219340
v 0.818324 2.292367 -0.082385
v 0.699395 2.443106 0.033887
v 0.717245 2.276870 0.048632
v 0.699395 2.573834 0.031788
v 0.770801 2.791965 -0.102477
v 0.699395 2.770500 0.064340
v 0.574432 2.731465 0.201764
v 0.586249 2.534199 0.163192
v 0.491209 2.522063 0.127676
v 0.431619 2.706573 0.154892
v 0.348391 2.698909 0.053421
v 0.396165 2.520060 0.002981
v 0.396165 2.903830 0.192961
v 0.396165 3.112453 0.249460
v 0.271202 3.098878 0.124448
v 0.199790 3.442374 0.029915
v 0.146234 3.746712 0.096443
v 0.140452 4.045493 0.192736
v 0.092678 4.031036 0.044103
v 0.253347 4.083100 0.310825
v 0.080862 4.229925 0.183740
v 0.241530 4.326960 0.306909
v 0.407981 4.422657 0.347117
v 0.568393 4.487827 0.334002
v 0.735095 4.514919 0.173129
v 0.544760 4.648038 0.319862
v 0.693361 4.705578 0.176101
v 0.396159 4.559326 0.338888
v 0.526910 4.784708 0.311633
v 0.657655 4.824522 0.191792
v 0.693361 4.850945 -0.010809
v 0.729061 4.684330 -0.019700
v 0.669723 4.860815 -0.147770
v 0.711211 4.658504 -0.156087
v 0.592283 4.846270 -0.301934
v 0.663689 4.613806 -0.339946
v 0.675505 4.423650 -0.342927
v 0.544760 4.552182 -0.481788
v 0.538726 4.373880 -0.466855
v 0.675505 4.268784 -0.340440
v 0.503020 4.213960 -0.434617
v 0.384092 4.360764 -0.532025
v 0.289053 4.231363 -0.446965
v 0.098712 4.274914 -0.334504
v 0.080862 4.206286 -0.160895
v 0.140452 4.349478 -0.514243
v 0.253347 4.343163 -0.531743
v 0.217641 4.502985 -0.570020
v 0.360459 4.515149 -0.564181
v 0.354425 4.657754 -0.578540
v 0.509054 4.790582 -0.449911
v 0.116568 4.319775 0.235609
v 0.164084 4.439306 0.287504
v 0.247313 4.571207 0.327131
v 0.360459 4.708348 0.348564
v 0.063011 4.162267 0.041995
v 0.104746 4.027694 -0.164061
v 0.193757 3.752357 -0.272298
v 0.247313 3.449449 -0.249832
v 0.283019 3.116783 -0.232421
v 0.235496 3.096400 -0.029910
v 0.289053 2.889955 0.080526
v 0.253347 2.887848 -0.050705
v 0.295086 2.697100 -0.059208
v 0.318725 2.718843 -0.208429
v 0.342609 2.517767 -0.139819
v 0.419798 2.400419 -0.024774
v 0.491209 2.408172 0.082228
v 0.520876 2.253615 0.072641
v 0.598316 2.408931 0.129493
v 0.621955 2.259718 0.108253
v 0.663694 2.057690 0.117532
v 0.824106 2.073593 -0.019525
v 0.830145 1.829733 -0.015609
v 0.675511 1.808003 0.103433
v 0.503026 2.032625 0.028913
v 0.526910 1.788766 0.032829
v 0.883696 1.826584 -0.211701
v 0.877662 2.081814 -0.227869
v 0.812290 2.074281 -0.352481
v 0.645839 2.060971 -0.429718
v 0.824106 1.812701 -0.324639
v 0.657660 1.788016 -0.389624
v 0.794439 1.415334 -0.264946
v 0.669728 1.397075 -0.305895
v 0.758734 0.940253 -0.221612
v 0.687327 0.939680 -0.257313
v 0.610138 0.940447 -0.209546
v 0.550548 1.385859 -0.252403
v 0.574432 0.953854 -0.126270
v 0.503026 1.387773 -0.133239
v 0.592288 0.938137 0.022345
v 0.562616 1.402420 0.026964
v 0.419803 1.767536 -0.193152
v 0.526910 1.788766 0.032829
v 0.479393 1.765339 -0.329913
v 0.443687 2.026319 -0.363780
v 0.390131 2.016643 -0.214753
v 0.384097 2.248843 -0.224517
v 0.503026 2.032625 0.028913
v 0.437653 2.251612 -0.052054
v 0.568398 0.692648 -0.074804
v 0.598322 0.691598 -0.140168
v 0.627988 0.696388 -0.217696
v 0.681545 0.695532 -0.270993
v 0.764773 0.690355 -0.217599
v 0.818329 0.680229 -0.127916
v 0.818329 0.953757 -0.132304
v 0.854030 1.429120 -0.158041
v 0.806256 1.425574 -0.003084
v 0.788657 0.955856 -0.001575
v 0.681545 1.414840 0.080071
v 0.681545 0.938904 0.070113
v 0.562616 1.402420 0.026964
v 0.592288 0.938137 0.022345
v 0.598322 0.694368 0.032294
v 0.687327 0.683661 0.085778
v 0.770807 0.688529 0.044463
v 0.812295 0.687285 -0.032973
v 0.437653 2.251612 -0.052054
v 0.390131 2.398990 -0.113767
v 0.598322 0.694368 0.032294
v -0.478076 1.765339 -0.329913
v -0.549482 1.385859 -0.252403
v -0.668411 1.397069 -0.305895
v -0.656595 1.788016 -0.389624
v -0.442370 2.026319 -0.363780
v -0.644527 2.060971 -0.429718
v -0.793374 1.415328 -0.264946
v -0.823046 1.812696 -0.324639
v -0.608821 0.940442 -0.209545
v -0.686261 0.939675 -0.257313
v -0.418737 1.767536 -0.193152
v -0.501960 1.387773 -0.133239
v -0.388814 2.016643 -0.214753
v -0.383031 2.248843 -0.224517
v -0.436588 2.270373 -0.355625
v -0.573366 0.953854 -0.126270
v -0.561299 1.402415 0.026964
v -0.525598 1.788766 0.032829
v -0.501960 2.032625 0.028913
v -0.436588 2.251612 -0.052054
v -0.388814 2.398990 -0.113767
v -0.383031 2.403206 -0.226996
v -0.590971 0.938131 0.022345
v -0.626671 0.696388 -0.217696
v -0.680227 0.695532 -0.270993
v -0.567333 0.692648 -0.074804
v -0.597005 0.694368 0.032294
v -0.597005 0.691598 -0.140168
v -0.448404 2.443215 -0.334765
v -0.620889 2.305025 -0.421562
v -0.603039 2.471931 -0.394572
v -0.745605 2.479013 -0.329305
v -0.775523 2.312204 -0.350262
v -0.840896 2.302334 -0.213307
v -0.882384 2.081814 -0.227869
v -0.817012 2.292367 -0.082385
v -0.823046 2.073593 -0.019525
v -0.882384 1.826584 -0.211701
v -0.828828 1.829733 -0.015609
v -0.852712 1.429120 -0.158041
v -0.817006 0.953757 -0.132304
v -0.805190 1.425574 -0.003084
v -0.787340 0.955856 -0.001575
v -0.811224 0.687285 -0.032973
v -0.769490 0.688529 0.044463
v -0.817006 0.680229 -0.127911
v -0.757668 0.940248 -0.221612
v -0.763450 0.690355 -0.217599
v -0.680227 1.414834 0.080076
v -0.680227 0.938898 0.070113
v -0.674445 1.808003 0.103433
v -0.662377 2.057685 0.117532
v -0.715933 2.276865 0.048632
v -0.698083 2.443101 0.033887
v -0.799156 2.475653 -0.162778
v -0.501960 2.032625 0.028913
v -0.525598 1.788766 0.032829
v -0.519816 2.253615 0.072641
v -0.620889 2.259718 0.108253
v -0.597005 2.408926 0.129493
v -0.585188 2.534199 0.163192
v -0.698083 2.573829 0.031788
v -0.573372 2.731465 0.201764
v -0.704117 2.770500 0.064340
v -0.489892 2.408166 0.082228
v -0.489892 2.522063 0.127676
v -0.436588 2.706568 0.154892
v -0.347331 2.698909 0.053421
v -0.287741 2.889955 0.080526
v -0.394853 2.903830 0.192961
v -0.394853 2.520060 0.002981
v -0.418737 2.400414 -0.024773
v -0.436588 2.251612 -0.052054
v -0.293775 2.697095 -0.059208
v -0.252035 2.887848 -0.050705
v -0.234185 3.096394 -0.029910
v -0.269891 3.098873 0.124448
v -0.293775 2.902772 -0.217417
v -0.281958 3.116783 -0.232421
v -0.317659 2.718843 -0.208429
v -0.347331 2.517767 -0.139819
v -0.388814 2.398990 -0.113767
v -0.198730 3.442369 0.029915
v -0.246252 3.449449 -0.249832
v -0.186662 3.752736 -0.248668
v -0.145179 3.746706 0.096443
v -0.091623 4.027694 -0.164061
v -0.079555 4.037069 0.044006
v -0.121290 4.045493 0.192736
v -0.264108 3.767264 0.280187
v -0.252040 4.083095 0.310825
v -0.061951 4.156234 0.042092
v -0.073773 4.206286 -0.160895
v -0.079555 4.223892 0.183837
v -0.240219 4.332993 0.306812
v -0.412703 3.798267 0.363179
v -0.400887 3.458613 0.320854
v -0.269891 3.439106 0.202474
v -0.418737 4.137353 0.369803
v -0.585188 3.488567 0.338477
v -0.608827 3.827935 0.362703
v -0.787345 3.533847 0.182849
v -0.805196 3.867089 0.201636
v -0.597005 4.184927 0.356970
v -0.781311 4.223989 0.189870
v -0.834862 3.559788 -0.049421
v -0.852718 3.881277 -0.042515
v -0.823046 4.220355 -0.036393
v -0.567338 4.475761 0.334195
v -0.727755 4.515017 0.179162
v -0.406670 4.416721 0.353247
v -0.388819 4.559229 0.332855
v -0.543454 4.642508 0.319951
v -0.674450 4.693706 0.188361
v -0.519816 4.779178 0.311722
v -0.650561 4.818586 0.197922
v -0.692301 4.850945 -0.010809
v -0.721973 4.672167 -0.025540
v -0.769495 4.488038 -0.028617
v -0.662383 4.848660 -0.153101
v -0.704117 4.634772 -0.161741
v -0.603044 4.840237 -0.301837
v -0.656600 4.625969 -0.334107
v -0.745605 4.461929 -0.182601
v -0.751639 4.283047 -0.203867
v -0.727755 4.085802 -0.272121
v -0.674450 4.423645 -0.342927
v -0.668417 4.268784 -0.340440
v -0.531632 4.563463 -0.499570
v -0.537666 4.373686 -0.478921
v -0.501966 4.213960 -0.434617
v -0.507748 4.047627 -0.425911
v -0.329481 4.029625 -0.419582
v -0.293775 4.219993 -0.434713
v -0.156996 4.025021 -0.330491
v -0.097406 4.268687 -0.346473
v -0.377003 4.349195 -0.531840
v -0.073773 4.206286 -0.160895
v -0.091623 4.027694 -0.164061
v -0.359147 3.791793 -0.415762
v -0.186662 3.752736 -0.248668
v -0.394853 3.488884 -0.393297
v -0.246252 3.449449 -0.249832
v -0.424520 3.138693 -0.339899
v -0.281958 3.116783 -0.232421
v -0.436588 2.919539 -0.300669
v -0.293775 2.902772 -0.217417
v -0.448409 2.747076 -0.297899
v -0.317659 2.718843 -0.208429
v -0.573372 2.770138 -0.333980
v -0.567338 2.936754 -0.325084
v -0.561304 3.162734 -0.346319
v -0.549482 3.512520 -0.393676
v -0.531632 3.827397 -0.422374
v -0.727750 3.194020 -0.245730
v -0.739823 3.544193 -0.268955
v -0.745605 3.865392 -0.280147
v -0.799162 3.208450 -0.067420
v -0.757673 3.188066 0.135090
v -0.573372 3.148624 0.278555
v -0.727750 2.973199 0.096796
v -0.775523 2.982218 -0.093463
v -0.715933 2.967853 -0.236064
v -0.769490 2.791960 -0.102477
v -0.721967 2.789958 -0.227172
v -0.561304 2.939602 0.228097
v -0.394853 3.112453 0.249460
v -0.715933 2.616348 -0.295800
v -0.775523 2.612608 -0.152908
v -0.590971 2.597102 -0.366906
v -0.454192 2.562165 -0.319074
v -0.388814 2.527901 -0.228998
v -0.347331 2.517767 -0.139819
v -0.811229 2.074281 -0.352476
v -0.246258 4.576641 0.321009
v -0.168812 4.445339 0.287407
v -0.377003 4.696088 0.336692
v -0.115256 4.325910 0.241545
v -0.246258 4.325256 -0.519386
v -0.329481 4.521084 -0.570311
v -0.180880 4.479355 -0.569640
v -0.305597 4.645489 -0.590412
v -0.133112 4.355608 -0.508307
v -0.489898 4.790397 -0.461475
v 0.295086 2.902772 -0.217417
v -0.561299 1.402415 0.026964
v -0.590971 0.938131 0.022345
v -0.597005 0.694368 0.032294
v -0.686261 0.683661 0.085778
v 0.080862 4.206286 -0.160895
v -0.680227 0.695532 -0.270993
v -0.626671 0.696388 -0.217696
v -0.680227 0.576773 -0.275121
v -0.626671 0.571604 -0.221223
v -0.597005 0.691598 -0.140168
v -0.590965 0.548998 -0.125809
v -0.668411 0.486897 -0.297313
v -0.603039 0.476378 -0.231763
v -0.656589 0.379322 -0.325262
v -0.585183 0.356742 -0.259518
v -0.656589 0.308111 -0.312552
v -0.603039 0.291470 -0.252435
v -0.579149 0.435981 -0.148133
v -0.567333 0.692648 -0.074804
v -0.561299 0.556081 -0.060536
v -0.597005 0.694368 0.032294
v -0.603039 0.569867 0.046368
v -0.573366 0.310307 -0.175785
v -0.626671 0.245987 -0.109371
v -0.590965 0.318157 -0.062750
v -0.573366 0.455112 -0.052880
v -0.620889 0.308308 0.044529
v -0.614855 0.486880 0.077372
v -0.650555 0.322453 0.204739
v -0.632705 0.232404 0.140805
v -0.715928 0.358625 0.233834
v -0.727750 0.241303 0.319203
v -0.650555 0.187212 0.301968
v -0.698078 0.511771 0.124249
v -0.692295 0.576756 0.099570
v -0.686261 0.683661 0.085778
v -0.763450 0.576086 0.057835
v -0.769490 0.688529 0.044463
v -0.775523 0.493098 0.088838
v -0.817006 0.340455 0.198416
v -0.846678 0.222437 0.271726
v -0.817006 0.449935 0.000515
v -0.870563 0.266773 0.057271
v -0.823040 0.388981 -0.099598
v -0.805190 0.545187 -0.018616
v -0.811224 0.687285 -0.032973
v -0.834862 0.514179 -0.101609
v -0.817006 0.680229 -0.127911
v -0.930153 0.167419 0.165489
v -0.894452 0.176786 0.028537
v -0.924119 0.124255 0.077160
v -0.834857 0.276158 -0.109856
v -0.948003 0.097742 0.273729
v -0.793374 0.423054 -0.201237
v -0.751634 0.344194 -0.288987
v -0.793374 0.542604 -0.179515
v -0.751634 0.463739 -0.267271
v -0.656589 0.379322 -0.325262
v -0.668411 0.486897 -0.297313
v -0.751634 0.559150 -0.245162
v -0.680227 0.576773 -0.275121
v -0.763450 0.690355 -0.217599
v -0.680227 0.695532 -0.270993
v -0.971641 0.067403 0.232476
v -0.912302 0.088554 0.077734
v -0.959825 0.043871 0.238889
v -0.870563 0.164746 -0.000940
v -0.656589 0.308111 -0.312552
v -0.739818 0.285146 -0.270438
v -0.811224 0.245705 -0.126973
v -0.834857 0.276158 -0.109856
v -0.811224 0.245705 -0.126973
v -0.959825 0.043871 0.238889
v -0.965607 0.057251 0.351835
v -0.959825 0.039654 0.352118
v -0.852712 0.140908 0.362561
v -0.876596 0.101464 0.505523
v -0.763450 0.141764 0.415859
v -0.817006 0.101949 0.535694
v -0.698078 0.170762 0.373648
v -0.870563 0.048077 0.500848
v -0.811224 0.060117 0.530331
v -0.632705 0.134302 0.326956
v -0.686261 0.124044 0.439779
v -0.626671 0.080501 0.327820
v -0.674445 0.047028 0.435484
v -0.751634 0.066336 0.541797
v -0.751634 0.095999 0.541321
v -0.715928 0.136110 0.439585
v -0.817006 0.101949 0.535694
v -0.811224 0.060117 0.530331
v -0.626671 0.150281 0.225614
v -0.620889 0.102919 0.220334
v -0.662372 0.045397 0.333916
v -0.680227 0.113239 0.142718
v -0.686261 0.188769 0.022813
v -0.674445 0.054958 0.209035
v -0.870563 0.164746 -0.000940
v -0.811224 0.245705 -0.126973
v -0.686261 0.188769 0.022813
v -0.680227 0.113239 0.142718
v -0.912302 0.088554 0.077734
v -0.959825 0.043871 0.238889
v -0.674445 0.054958 0.209035
v -0.662372 0.045397 0.333916
v -0.959825 0.039654 0.352118
v -0.674445 0.047028 0.435484
v -0.626671 0.245987 -0.109371
v -0.739818 0.285146 -0.270438
v -0.603039 0.291470 -0.252435
v -0.656589 0.308111 -0.312552
v -0.959825 0.039654 0.352118
v -0.674445 0.047028 0.435484
v -0.811224 0.060117 0.530331
v -0.751634 0.066336 0.541797
v -0.870563 0.048077 0.500848
v 0.627988 0.696388 -0.217696
v 0.681545 0.695532 -0.270993
v 0.681545 0.576773 -0.275121
v 0.627988 0.571604 -0.221223
v 0.598322 0.691598 -0.140168
v 0.592288 0.548998 -0.125809
v 0.669728 0.486897 -0.297319
v 0.604104 0.476384 -0.231764
v 0.651878 0.379322 -0.325262
v 0.586254 0.356742 -0.259518
v 0.657660 0.308111 -0.312552
v 0.604104 0.291475 -0.252435
v 0.580472 0.435981 -0.148133
v 0.568398 0.692648 -0.074804
v 0.562616 0.556081 -0.060536
v 0.598322 0.694368 0.032294
v 0.604104 0.569867 0.046368
v 0.574432 0.310307 -0.175785
v 0.627994 0.245993 -0.109371
v 0.592288 0.318157 -0.062750
v 0.574432 0.455112 -0.052880
v 0.621955 0.308313 0.044529
v 0.616172 0.486880 0.077372
v 0.651878 0.322453 0.204739
v 0.634028 0.232404 0.140805
v 0.717251 0.358625 0.233834
v 0.729067 0.241303 0.319203
v 0.651878 0.187212 0.301968
v 0.699400 0.511771 0.124249
v 0.693361 0.576756 0.099564
v 0.687327 0.683661 0.085778
v 0.764773 0.576086 0.057835
v 0.770807 0.688529 0.044463
v 0.776589 0.493098 0.088838
v 0.818329 0.340455 0.198416
v 0.847996 0.222437 0.271726
v 0.818329 0.449935 0.000515
v 0.871885 0.266773 0.057271
v 0.824112 0.388981 -0.099598
v 0.806256 0.545187 -0.018616
v 0.812295 0.687285 -0.032973
v 0.836179 0.514179 -0.101609
v 0.818329 0.680229 -0.127916
v 0.931224 0.167419 0.165489
v 0.895518 0.176792 0.028537
v 0.925190 0.124261 0.077160
v 0.836179 0.276158 -0.109856
v 0.949074 0.097742 0.273729
v 0.794439 0.423059 -0.201237
v 0.752957 0.344194 -0.288987
v 0.794439 0.542604 -0.179515
v 0.752957 0.463744 -0.267271
v 0.651878 0.379322 -0.325262
v 0.669728 0.486897 -0.297319
v 0.752957 0.559150 -0.245162
v 0.681545 0.576773 -0.275121
v 0.764773 0.690355 -0.217599
v 0.681545 0.695532 -0.270993
v 0.972964 0.067409 0.232476
v 0.913368 0.088560 0.077734
v 0.960890 0.043871 0.238889
v 0.871885 0.164746 -0.000940
v 0.836179 0.276158 -0.109856
v 0.812295 0.245710 -0.126973
v 0.966924 0.057251 0.351835
v 0.960890 0.043871 0.238889
v 0.960890 0.039654 0.352118
v 0.854030 0.140914 0.362561
v 0.877668 0.101464 0.505523
v 0.764773 0.141769 0.415859
v 0.818329 0.101949 0.535694
v 0.699400 0.170762 0.373648
v 0.871885 0.048077 0.500848
v 0.812295 0.060117 0.530331
v 0.634028 0.134307 0.326956
v 0.687333 0.124050 0.439779
v 0.627994 0.080506 0.327820
v 0.675511 0.047028 0.435484
v 0.746923 0.066336 0.541797
v 0.752957 0.096004 0.541321
v 0.717251 0.136116 0.439585
v 0.818329 0.101949 0.535694
v 0.812295 0.060117 0.530331
v 0.627994 0.150281 0.225614
v 0.621955 0.102919 0.220334
v 0.663694 0.045397 0.333916
v 0.681545 0.113239 0.142718
v 0.687333 0.188769 0.022813
v 0.675511 0.054958 0.209035
v 0.871885 0.164746 -0.000940
v 0.687333 0.188769 0.022813
v 0.812295 0.245710 -0.126973
v 0.681545 0.113239 0.142718
v 0.913368 0.088560 0.077734
v 0.960890 0.043871 0.238889
v 0.675511 0.054958 0.209035
v 0.663694 0.045397 0.333916
v 0.960890 0.039654 0.352118
v 0.675511 0.047028 0.435484
v 0.627994 0.245993 -0.109371
v 0.740883 0.285151 -0.270438
v 0.604104 0.291475 -0.252435
v 0.657660 0.308111 -0.312552
v 0.675511 0.047028 0.435484
v 0.960890 0.039654 0.352118
v 0.812295 0.060117 0.530331
v 0.746923 0.066336 0.541797
v 0.871885 0.048077 0.500848
v 0.740883 0.285151 -0.270438
v 0.657660 0.308111 -0.312552
v 0.812295 0.245710 -0.126973
vn 0.8366 -0.1289 0.5324
vn 0.2943 -0.1693 0.9406
vn 0.8356 -0.2234 0.5019
vn 0.2626 -0.2162 0.9404
vn 0.8366 -0.1290 0.5324
vn 0.2313 -0.2475 0.9409
vn 0.3259 -0.0988 0.9402
vn 0.8670 0.0041 0.4982
vn -0.2389 -0.0667 0.9687
vn -0.3708 -0.2080 0.9051
vn -0.6822 -0.1484 0.7159
vn -0.7753 -0.2204 0.5919
vn 0.9972 -0.0052 -0.0748
vn 0.9972 -0.0051 -0.0748
vn 0.9943 -0.0057 -0.1060
vn 0.3558 0.0111 0.9345
vn -0.1447 0.0120 0.9894
vn 0.9943 -0.0056 -0.1060
vn 0.7776 0.0966 -0.6213
vn 0.9029 -0.0108 -0.4297
vn 0.9695 0.2406 -0.0474
vn 0.9384 0.1016 -0.3303
vn 0.7672 -0.0142 -0.6412
vn 0.7673 -0.0143 -0.6412
vn 0.7672 -0.0143 -0.6412
vn 0.2638 -0.0194 -0.9644
vn 0.2949 -0.0193 -0.9553
vn 0.2016 -0.1618 -0.9660
vn -0.3354 -0.1294 -0.9332
vn -0.3659 -0.0189 -0.9304
vn -0.3036 -0.2003 -0.9315
vn -0.7789 -0.2402 -0.5794
vn -0.8411 -0.2387 -0.4853
vn -0.8411 -0.2386 -0.4853
vn -0.8374 -0.0127 -0.5464
vn -0.9690 -0.1483 -0.1977
vn -0.8114 -0.0290 -0.5837
vn -0.4581 -0.0182 -0.8887
vn -0.8424 -0.1455 -0.5189
vn 0.1385 0.1862 -0.9727
vn 0.7771 0.2154 -0.5913
vn -0.5623 0.1718 -0.8089
vn -0.8424 -0.1455 -0.5188
vn -0.9681 -0.2476 -0.0392
vn -0.9693 -0.0861 -0.2302
vn -0.9670 -0.1812 0.1791
vn -0.6559 0.1255 -0.7444
vn 0.0119 0.2334 -0.9723
vn 0.0435 0.2258 -0.9732
vn 0.7143 0.2460 -0.6552
vn 0.9689 0.2346 0.0793
vn 0.9996 0.0201 0.0194
vn 0.0434 -0.0199 -0.9989
vn -0.6869 0.1416 -0.7128
vn 0.6834 0.2457 -0.6874
vn 0.9684 0.2236 -0.1103
vn 0.9012 0.1600 0.4028
vn 0.7738 0.1161 0.6227
vn 0.6789 0.1645 0.7156
vn 0.9994 -0.0273 0.0202
vn 0.2626 -0.2161 0.9404
vn -0.5265 -0.3346 0.7816
vn -0.5261 -0.2559 0.8110
vn -0.8066 -0.3154 0.5000
vn -0.8387 -0.2773 0.4687
vn -0.4949 -0.2165 0.8415
vn -0.4328 -0.2239 0.8732
vn -0.8390 -0.1281 0.5289
vn -0.9936 -0.0021 0.1130
vn -0.9675 -0.0784 0.2402
vn -0.8389 -0.1281 0.5289
vn -0.9675 -0.2376 0.0861
vn -0.5268 -0.1230 0.8410
vn -0.7450 -0.2357 0.6240
vn -0.4020 -0.1455 0.9040
vn -0.1130 0.0121 0.9935
vn 0.3959 0.1674 0.9029
vn 0.4268 0.0106 0.9043
vn -0.0196 -0.0036 0.9998
vn 0.4586 0.1747 0.8713
vn 0.8371 0.2320 0.4955
vn 0.9683 0.2493 0.0158
vn 0.9375 0.2212 -0.2686
vn 0.8413 0.2730 -0.4666
vn 0.8410 0.1218 -0.5271
vn 0.8088 0.0103 -0.5881
vn 0.5878 0.0068 -0.8090
vn 0.5246 -0.1515 -0.8378
vn 0.7134 -0.1725 -0.6792
vn 0.3284 -0.1298 -0.9356
vn 0.2014 -0.3033 -0.9313
vn -0.2403 -0.4433 -0.8636
vn -0.7151 -0.3962 -0.5759
vn -0.9690 -0.1484 -0.1977
vn -0.3029 -0.5671 -0.7660
vn -0.0512 -0.4436 -0.8948
vn -0.0197 -0.2719 -0.9621
vn 0.2333 -0.0986 -0.9674
vn 0.3584 -0.0189 -0.9334
vn 0.6834 0.2458 -0.6874
vn -0.4950 -0.2165 0.8415
vn -0.3014 -0.1689 0.9384
vn -0.0823 -0.2234 0.9713
vn 0.0743 0.0121 0.9972
vn -0.9664 -0.2290 0.1171
vn -0.8412 -0.2386 -0.4853
vn -0.8412 -0.2387 -0.4853
vn -0.8375 -0.0127 -0.5464
vn -0.9996 -0.0193 0.0199
vn -0.8379 -0.2220 0.4986
vn -0.9663 -0.2290 0.1172
vn -0.9681 -0.2476 -0.0391
vn -0.8695 -0.2309 0.4366
vn -0.6507 -0.2496 0.7172
vn -0.6202 -0.1006 0.7779
vn 0.1686 -0.1687 0.9712
vn 0.1370 0.0120 0.9905
vn 0.8375 0.1382 0.5287
vn 0.8314 0.0050 0.5556
vn 0.1053 0.0121 0.9944
vn -0.7134 -0.1489 0.6848
vn 0.9904 -0.0062 -0.1380
vn 0.6827 0.1424 -0.7167
vn 0.0435 -0.0200 -0.9989
vn 0.6748 -0.0158 -0.7378
vn 0.6506 -0.1578 -0.7428
vn -0.0198 -0.0437 -0.9988
vn -0.0513 -0.0200 -0.9985
vn -0.7800 -0.1235 -0.6135
vn -0.7172 -0.1716 -0.6754
vn -0.9944 -0.0056 -0.1052
vn -0.9997 -0.0198 -0.0114
vn -0.8078 -0.0101 0.5894
vn -0.7450 -0.1338 0.6535
vn -0.7135 -0.1489 0.6847
vn -0.6861 -0.1721 -0.7069
vn -0.9991 -0.0046 -0.0430
vn -0.9013 0.0030 0.4331
vn -0.9991 -0.0046 -0.0431
vn -0.9345 -0.0096 -0.3557
vn -0.0827 -0.0199 -0.9964
vn 0.9692 0.1752 -0.1730
vn 0.9856 -0.0066 -0.1688
vn 0.8050 -0.0101 0.5932
vn 0.8051 0.0213 0.5928
vn 0.0118 0.0278 0.9995
vn -0.7449 -0.1338 0.6536
vn -0.8077 -0.0101 0.5895
vn -0.8078 0.0212 0.5890
vn 0.0117 0.0278 0.9995
vn 0.9359 0.1826 0.3012
vn -0.8079 0.0212 0.5890
vn 0.6819 -0.1730 -0.7107
vn 0.0119 -0.0437 -0.9990
vn -0.6551 -0.1570 -0.7390
vn -0.6791 -0.0157 -0.7339
vn 0.7769 -0.1243 -0.6172
vn 0.0434 -0.0200 -0.9989
vn 0.9994 -0.0274 0.0202
vn 0.9995 -0.0279 -0.0114
vn 0.9990 -0.0046 -0.0434
vn 0.7415 -0.1346 0.6574
vn 0.7096 -0.1497 0.6885
vn 0.8999 0.0030 0.4361
vn 0.9665 -0.1825 0.1805
vn 0.9688 -0.0868 -0.2320
vn 0.7957 -0.0137 -0.6055
vn 0.0749 -0.0199 -0.9970
vn 0.9990 -0.0047 -0.0434
vn 0.8051 0.0213 0.5927
vn 0.9335 -0.0097 -0.3583
vn 0.6513 0.1262 -0.7482
vn -0.0198 0.2334 -0.9722
vn -0.7181 0.2447 -0.6515
vn -0.6876 0.2444 -0.6837
vn -0.9689 0.2219 -0.1095
vn -0.9906 -0.0061 -0.1370
vn -0.9027 0.1588 0.4000
vn -0.8398 0.1374 0.5252
vn -0.8339 0.0049 0.5520
vn -0.9859 -0.0066 -0.1675
vn -0.9369 0.1812 0.2990
vn -0.6831 0.1637 0.7118
vn -0.9697 0.1739 -0.1716
vn -0.0821 0.0121 0.9966
vn -0.0196 0.0278 0.9994
vn -0.1130 0.0120 0.9935
vn -0.6831 0.1636 0.7118
vn -0.7769 0.1153 0.6190
vn -0.9693 0.2328 0.0787
vn 0.7096 -0.1497 0.6886
vn 0.6154 -0.1011 0.7817
vn -0.1762 -0.1684 0.9698
vn -0.2699 -0.2157 0.9384
vn 0.6462 -0.2508 0.7208
vn 0.5208 -0.3359 0.7848
vn 0.5205 -0.2570 0.8143
vn 0.8040 -0.2621 0.5338
vn 0.4890 -0.2173 0.8448
vn 0.8364 -0.2791 0.4718
vn 0.8676 -0.2325 0.4396
vn 0.8998 0.0030 0.4362
vn 0.9658 -0.2307 0.1180
vn 0.8086 -0.0370 -0.5872
vn 0.8351 -0.0128 -0.5500
vn 0.8401 -0.1465 -0.5222
vn 0.9676 -0.2495 -0.0394
vn 0.8704 -0.0118 -0.4921
vn 0.8710 -0.1769 -0.4583
vn 0.9341 -0.2601 0.2446
vn 0.9678 -0.1884 -0.1668
vn 0.9670 -0.2394 0.0868
vn 0.6468 -0.1330 0.7510
vn 0.5211 -0.1236 0.8445
vn 0.9670 -0.2394 0.0867
vn 0.9678 -0.1883 -0.1668
vn 0.7414 -0.1346 0.6574
vn 0.3882 0.0109 0.9215
vn 0.2315 -0.0668 0.9705
vn 0.3641 -0.2086 0.9077
vn 0.7722 -0.2217 0.5955
vn -0.3329 -0.0985 0.9378
vn -0.8690 0.0041 0.4949
vn -0.3626 0.0111 0.9319
vn -0.9972 -0.0051 -0.0743
vn -0.4025 0.1668 0.9001
vn -0.8709 0.1676 0.4621
vn 0.0431 0.0121 0.9990
vn -0.4025 0.1669 0.9001
vn -0.8394 0.2305 0.4922
vn -0.4550 0.0104 0.8904
vn -0.8394 0.2304 0.4922
vn -0.9997 0.0121 0.0194
vn -0.9689 0.2469 -0.0157
vn -0.9385 0.2195 -0.2666
vn -0.9385 0.2196 -0.2666
vn -0.8436 0.2712 -0.4635
vn -0.8427 0.2155 -0.4934
vn -0.9393 0.1009 -0.3279
vn -0.9044 -0.0107 -0.4266
vn -0.7807 0.0960 -0.6175
vn -0.7415 -0.0147 -0.6708
vn -0.5930 -0.0011 -0.8052
vn -0.5302 -0.1509 -0.8343
vn -0.3354 -0.1294 -0.9331
vn -0.2711 -0.0194 -0.9624
vn 0.2009 -0.3965 -0.8958
vn 0.7451 -0.2583 -0.6149
vn 0.6797 -0.4067 -0.6104
vn -0.1773 -0.3262 -0.9285
vn 0.9678 -0.1884 -0.1669
vn 0.8710 -0.1768 -0.4584
vn 0.3283 -0.1298 -0.9356
vn 0.8704 -0.0118 -0.4922
vn 0.3585 -0.0189 -0.9334
vn 0.4519 -0.0182 -0.8919
vn 0.8401 -0.1465 -0.5223
vn -0.1139 -0.0198 -0.9933
vn -0.2092 -0.1615 -0.9645
vn -0.3021 -0.0193 -0.9531
vn -0.3020 -0.0192 -0.9531
vn -0.7705 -0.0142 -0.6373
vn -0.7705 -0.0141 -0.6373
vn -0.9972 -0.0051 -0.0742
vn -0.8379 -0.2219 0.4986
vn -0.7704 -0.0142 -0.6374
vn -0.7802 0.2141 -0.5877
vn -0.2387 -0.2471 0.9391
vn 0.4264 -0.2246 0.8762
vn -0.0514 0.2257 -0.9728
vn 0.5569 0.1726 -0.8125
vn 0.8401 -0.1464 -0.5223
vn 0.9676 -0.2495 -0.0395
vn 0.1053 0.0120 0.9944
vn -0.0509 0.0121 0.9986
vn 0.4580 -0.2722 0.8462
vn 0.1061 -0.4975 -0.8610
vn -0.1775 -0.2009 -0.9634
vn 0.0434 -0.2643 -0.9635
vn 0.2957 -0.5684 -0.7678
vn -0.8115 -0.0290 -0.5837
vn 0.1381 -0.0198 -0.9902
vn 0.8410 0.1219 -0.5271
vn 0.9204 -0.0102 -0.3909
vn 0.9382 0.1733 -0.2997
vn 0.2019 0.2660 -0.9426
vn 0.8721 0.1544 -0.4643
vn 0.2018 0.1230 -0.9717
vn 0.1374 -0.5436 -0.8280
vn 0.5839 -0.6773 -0.4477
vn 0.9997 0.0196 -0.0122
vn 0.9995 -0.0278 -0.0114
vn 0.7919 0.0059 0.6106
vn 0.9353 -0.3519 -0.0378
vn 0.5196 -0.8494 -0.0918
vn 0.9337 -0.3083 0.1822
vn 0.9935 -0.0021 0.1139
vn 0.9669 -0.2068 0.1494
vn 0.8371 0.2320 0.4954
vn 0.0746 0.5904 0.8037
vn 0.0747 0.6684 0.7401
vn 0.7736 0.4355 0.4604
vn 0.0747 0.4896 0.8687
vn 0.0432 0.2551 0.9660
vn -0.7143 0.1632 0.6805
vn -0.7071 0.0075 0.7071
vn -0.7157 0.4274 0.5524
vn -0.6838 0.5125 0.5194
vn -0.6203 0.5897 0.5173
vn -0.9681 0.2252 0.1101
vn -0.9388 0.3410 -0.0487
vn -0.9369 0.1112 0.3315
vn -0.9369 0.1112 0.3314
vn -0.9700 0.1342 -0.2025
vn -0.9062 0.4205 0.0442
vn -0.9055 0.1465 -0.3983
vn -0.9044 -0.0108 -0.4266
vn -0.9044 -0.1668 -0.3928
vn -0.7803 0.6027 0.1668
vn -0.6459 -0.0162 -0.7632
vn -0.8723 -0.0117 -0.4888
vn 0.2019 0.1229 -0.9717
vn 0.2019 0.2659 -0.9426
vn 0.1385 0.1863 -0.9727
vn -0.7110 -0.0152 -0.7030
vn 0.1382 -0.0198 -0.9902
vn -0.4022 -0.7161 -0.5705
vn -0.4641 -0.8723 -0.1537
vn -0.4022 -0.5931 -0.6974
vn 0.1375 -0.5436 -0.8280
vn -0.4034 -0.6874 -0.6040
vn -0.4331 -0.7227 -0.5386
vn -0.9044 -0.1669 -0.3928
vn -0.4331 -0.7228 -0.5386
vn -0.9681 0.0783 0.2379
vn -0.6183 -0.7550 0.2183
vn -0.4661 0.7937 0.3908
vn -0.5908 0.4838 0.6457
vn -0.1449 0.8957 0.4203
vn -0.2077 0.5110 0.8341
vn 0.4272 0.7184 0.5490
vn -0.3999 -0.7646 0.5054
vn -0.1446 -0.6723 0.7260
vn 0.9052 0.3013 0.2996
vn 0.7117 0.4686 0.5234
vn 0.9337 -0.3246 0.1510
vn 0.6447 -0.6622 0.3819
vn 0.3632 -0.5464 0.7547
vn 0.3266 0.4346 0.8393
vn 0.1062 0.9002 0.4224
vn -0.2076 0.5110 0.8342
vn 0.9966 -0.0026 0.0828
vn 0.9038 -0.3628 -0.2271
vn 0.4268 -0.9044 0.0028
vn 0.5210 -0.6321 -0.5736
vn 0.5530 -0.7549 -0.3527
vn 0.3641 -0.8630 -0.3502
vn -0.4023 -0.5932 -0.6974
vn 0.3640 -0.8630 -0.3503
vn 0.4267 -0.9044 0.0028
vn -0.6184 -0.7549 0.2183
vn 0.6448 -0.6621 0.3819
vn 0.5197 -0.8494 -0.0918
vn -0.4034 -0.6874 -0.6039
vn 0.5839 -0.6773 -0.4476
vn 0.3631 -0.5463 0.7547
vn -0.1458 -0.0198 -0.9891
vn -0.1462 0.1860 -0.9716
vn -0.8433 0.1211 -0.5237
vn -0.9216 -0.0101 -0.3881
vn -0.9391 0.1720 -0.2975
vn -0.2094 0.2655 -0.9411
vn -0.8740 0.1533 -0.4611
vn -0.2094 0.1227 -0.9701
vn -0.8723 -0.0118 -0.4888
vn -0.1451 -0.5430 -0.8271
vn -0.5890 -0.6742 -0.4456
vn -0.9999 0.0116 -0.0120
vn -0.7948 0.0058 0.6069
vn -0.9363 -0.3493 -0.0375
vn -0.5253 -0.8460 -0.0915
vn -0.9347 -0.3061 0.1809
vn -0.9674 -0.2053 0.1482
vn -0.8338 0.0050 0.5520
vn -0.0824 0.5900 0.8032
vn -0.0825 0.6679 0.7396
vn -0.7767 0.4328 0.4576
vn -0.0825 0.4893 0.8682
vn -0.0510 0.2550 0.9656
vn 0.7105 0.1641 0.6843
vn 0.7032 0.0075 0.7110
vn 0.7118 0.4298 0.5555
vn 0.6796 0.5152 0.5221
vn 0.6154 0.5925 0.5198
vn 0.9676 0.2269 0.1109
vn 0.9379 0.3435 -0.0491
vn 0.9692 0.1752 -0.1729
vn 0.9359 0.1120 0.3339
vn 0.9696 0.1352 -0.2040
vn 0.9048 0.4235 0.0446
vn 0.9041 0.1475 -0.4012
vn 0.9029 -0.1680 -0.3956
vn 0.7772 0.6064 0.1678
vn 0.9040 0.1475 -0.4012
vn 0.6413 -0.0163 -0.7671
vn 0.6514 0.1262 -0.7482
vn -0.2095 0.2655 -0.9411
vn -0.1463 0.1860 -0.9716
vn 0.7071 -0.0153 -0.7069
vn -0.1459 -0.0198 -0.9891
vn 0.3956 -0.7183 -0.5722
vn 0.4580 -0.8755 -0.1542
vn 0.3956 -0.5950 -0.6996
vn 0.9029 -0.1681 -0.3956
vn 0.4267 -0.7252 -0.5404
vn 0.9676 0.0789 0.2397
vn 0.4580 -0.8755 -0.1543
vn 0.6135 -0.7586 0.2193
vn 0.4600 0.7966 0.3922
vn 0.5857 0.4861 0.6486
vn 0.1372 0.8967 0.4208
vn 0.2001 0.5118 0.8355
vn -0.4336 0.7159 0.5472
vn 0.3933 -0.7670 0.5069
vn 0.1369 -0.6731 0.7268
vn -0.9066 0.2992 0.2975
vn -0.7156 0.4659 0.5205
vn -0.9347 -0.3222 0.1499
vn -0.6492 -0.6589 0.3800
vn -0.3699 -0.5449 0.7525
vn -0.3336 0.4335 0.8371
vn -0.1140 0.8994 0.4220
vn 0.1369 -0.6730 0.7268
vn -0.9966 -0.0025 0.0821
vn -0.9052 -0.3602 -0.2254
vn -0.4331 -0.9013 0.0028
vn -0.5267 -0.6295 -0.5712
vn -0.5584 -0.7516 -0.3511
vn -0.3708 -0.8605 -0.3492
vn 0.3957 -0.5950 -0.6996
vn -0.5266 -0.6296 -0.5712
vn 0.3957 -0.7183 -0.5722
vn -0.3708 -0.8606 -0.3493
vn -0.4331 -0.9014 0.0027
vn 0.6136 -0.7586 0.2194
vn -0.6493 -0.6588 0.3800
vn 0.3968 -0.6895 -0.6059
vn -0.5890 -0.6742 -0.4455
vn 0.1369 -0.6730 0.7269
vn -0.3699 -0.5448 0.7526
vn 0.3934 -0.7670 0.5069
vn 0.3969 -0.6895 -0.6059
vn -0.1452 -0.5430 -0.8271
vt 0.190555 0.665914
vt 0.221302 0.669723
vt 0.190555 0.704134
vt 0.221302 0.707959
vt 0.190555 0.727069
vt 0.217456 0.730895
vt 0.221302 0.635328
vt 0.190555 0.631503
vt 0.244373 0.635328
vt 0.244373 0.673548
vt 0.263584 0.642963
vt 0.263584 0.677373
vt 0.163653 0.704134
vt 0.163653 0.730895
vt 0.163653 0.665914
vt 0.221302 0.593267
vt 0.190555 0.593267
vt 0.244373 0.600918
vt 0.163653 0.631503
vt 0.163653 0.593267
vt 0.132921 0.608567
vt 0.140597 0.585632
vt 0.163653 0.562681
vt 0.144442 0.566506
vt 0.132921 0.631503
vt 0.132921 0.665914
vt 0.140597 0.707959
vt 0.140597 0.730895
vt 0.098329 0.612392
vt 0.102174 0.635328
vt 0.106020 0.669723
vt 0.113695 0.711785
vt 0.117540 0.738544
vt 0.094484 0.715609
vt 0.098329 0.738544
vt 0.086793 0.673548
vt 0.079118 0.642963
vt 0.075273 0.612392
vt 0.048371 0.616202
vt 0.048371 0.650613
vt 0.063737 0.681199
vt 0.075273 0.719434
vt 0.029145 0.623852
vt 0.079118 0.742369
vt 0.098329 0.757655
vt 0.079118 0.761480
vt 0.121386 0.753829
vt 0.144442 0.750005
vt 0.098329 0.776781
vt 0.082948 0.784415
vt 0.071427 0.784415
vt 0.082948 0.795891
vt 0.063737 0.799715
vt 0.098329 0.792066
vt 0.121386 0.784415
vt 0.121386 0.772955
vt 0.140597 0.769130
vt 0.144442 0.784415
vt 0.167498 0.784415
vt 0.163653 0.769130
vt 0.125231 0.803540
vt 0.098329 0.807350
vt 0.144442 0.799715
vt 0.163653 0.803540
vt 0.179034 0.803540
vt 0.198245 0.788240
vt 0.202090 0.803540
vt 0.194400 0.772955
vt 0.167498 0.750005
vt 0.190555 0.750005
vt 0.217456 0.753829
vt 0.217456 0.776781
vt 0.232837 0.780590
vt 0.236683 0.757655
vt 0.255894 0.761480
vt 0.252049 0.784415
vt 0.240528 0.734719
vt 0.240528 0.711785
vt 0.263584 0.719434
vt 0.286641 0.681199
vt 0.290486 0.646788
vt 0.286641 0.612392
vt 0.305852 0.616202
vt 0.263584 0.604742
vt 0.294331 0.589442
vt 0.267430 0.577982
vt 0.240528 0.570332
vt 0.221302 0.562681
vt 0.190555 0.562681
vt 0.221302 0.547396
vt 0.194400 0.539746
vt 0.240528 0.555047
vt 0.225147 0.532112
vt 0.194400 0.528286
vt 0.167498 0.524461
vt 0.167498 0.543571
vt 0.148287 0.524461
vt 0.148287 0.547396
vt 0.125231 0.524461
vt 0.125231 0.551222
vt 0.125231 0.570332
vt 0.102174 0.558871
vt 0.098329 0.574157
vt 0.121386 0.585632
vt 0.098329 0.589442
vt 0.082948 0.570332
vt 0.071427 0.589442
vt 0.040681 0.585632
vt 0.025315 0.612392
vt 0.059892 0.570332
vt 0.071427 0.570332
vt 0.071427 0.555047
vt 0.086793 0.558871
vt 0.086793 0.543571
vt 0.106020 0.532112
vt 0.282795 0.577982
vt 0.267430 0.566506
vt 0.259739 0.555047
vt 0.244373 0.539746
vt 0.313542 0.612392
vt 0.336599 0.620028
vt 0.328908 0.654438
vt 0.321233 0.688848
vt 0.309697 0.727069
vt 0.282795 0.723244
vt 0.259739 0.742369
vt 0.278950 0.746195
vt 0.271275 0.765305
vt 0.286641 0.769130
vt 0.275105 0.788240
vt 0.252049 0.795891
vt 0.236683 0.792066
vt 0.232837 0.811176
vt 0.217456 0.792066
vt 0.217456 0.807350
vt 0.213626 0.830301
vt 0.186725 0.826476
vt 0.186725 0.853236
vt 0.213626 0.857061
vt 0.236683 0.837936
vt 0.232837 0.864696
vt 0.163653 0.849411
vt 0.163653 0.822651
vt 0.148287 0.822651
vt 0.125231 0.826476
vt 0.148287 0.849411
vt 0.129076 0.853236
vt 0.152132 0.891457
vt 0.132921 0.895282
vt 0.152132 0.941153
vt 0.140597 0.944977
vt 0.129076 0.944977
vt 0.117540 0.899107
vt 0.117540 0.948803
vt 0.098329 0.906758
vt 0.098329 0.956453
vt 0.079118 0.914392
vt 0.090639 0.864696
vt 0.063737 0.876172
vt 0.106020 0.857061
vt 0.102174 0.834110
vt 0.086793 0.837936
vt 0.079118 0.815001
vt 0.056046 0.849411
vt 0.056046 0.818825
vt 0.117540 0.975563
vt 0.125231 0.971739
vt 0.132921 0.967913
vt 0.140597 0.967913
vt 0.152132 0.967913
vt 0.163653 0.967913
vt 0.167498 0.941153
vt 0.167498 0.891457
vt 0.186725 0.895282
vt 0.182879 0.944977
vt 0.205936 0.899107
vt 0.198245 0.948803
vt 0.221302 0.906758
vt 0.213626 0.948803
vt 0.209781 0.971739
vt 0.198245 0.975563
vt 0.186725 0.971739
vt 0.175189 0.971739
vt 0.252049 0.815001
vt 0.263584 0.799715
vt 0.106020 0.979388
vt 0.586404 0.857061
vt 0.578714 0.899107
vt 0.563348 0.895282
vt 0.567193 0.853236
vt 0.594095 0.834110
vt 0.571038 0.826476
vt 0.544137 0.891457
vt 0.544137 0.849411
vt 0.567193 0.944977
vt 0.555657 0.944977
vt 0.605615 0.864696
vt 0.594095 0.906758
vt 0.609461 0.837936
vt 0.613306 0.815001
vt 0.594095 0.807350
vt 0.578714 0.948803
vt 0.613306 0.914392
vt 0.632517 0.876172
vt 0.636362 0.849411
vt 0.640208 0.818825
vt 0.628672 0.799715
vt 0.613306 0.795891
vt 0.594095 0.956453
vt 0.563348 0.967913
vt 0.551812 0.967913
vt 0.578714 0.975563
vt 0.590249 0.979388
vt 0.571038 0.971739
vt 0.594095 0.792066
vt 0.571038 0.803540
vt 0.574868 0.784415
vt 0.551812 0.784415
vt 0.551812 0.799715
vt 0.532601 0.803540
vt 0.532601 0.822651
vt 0.513390 0.803540
vt 0.505699 0.826476
vt 0.528756 0.849411
vt 0.505699 0.853236
vt 0.528756 0.891457
vt 0.528756 0.941153
vt 0.509544 0.895282
vt 0.513390 0.944977
vt 0.521065 0.971739
vt 0.509544 0.971739
vt 0.532601 0.967913
vt 0.544137 0.941153
vt 0.544137 0.967913
vt 0.490318 0.899107
vt 0.494163 0.948803
vt 0.482643 0.857061
vt 0.478798 0.830301
vt 0.494163 0.803540
vt 0.498009 0.788240
vt 0.528756 0.784415
vt 0.459586 0.837936
vt 0.463416 0.864696
vt 0.463416 0.811176
vt 0.478798 0.807350
vt 0.478798 0.792066
vt 0.478798 0.776781
vt 0.501854 0.772955
vt 0.478798 0.753829
vt 0.501854 0.750005
vt 0.459586 0.792066
vt 0.463416 0.780590
vt 0.459586 0.757655
vt 0.440360 0.761480
vt 0.432685 0.742369
vt 0.455741 0.738544
vt 0.440360 0.784415
vt 0.444205 0.795891
vt 0.444205 0.815001
vt 0.424994 0.765305
vt 0.417304 0.746195
vt 0.413458 0.723244
vt 0.432685 0.719434
vt 0.398093 0.750005
vt 0.386557 0.727069
vt 0.405783 0.769130
vt 0.421149 0.788240
vt 0.428840 0.799715
vt 0.405783 0.681199
vt 0.375036 0.688848
vt 0.363500 0.654438
vt 0.401938 0.646788
vt 0.355810 0.620028
vt 0.386557 0.620028
vt 0.405783 0.612392
vt 0.428840 0.642963
vt 0.428840 0.608567
vt 0.382712 0.612392
vt 0.355810 0.612392
vt 0.401938 0.597092
vt 0.428840 0.577982
vt 0.451896 0.639153
vt 0.451896 0.673548
vt 0.428840 0.681199
vt 0.451896 0.600918
vt 0.471107 0.669723
vt 0.474952 0.635328
vt 0.501854 0.665914
vt 0.501854 0.631503
vt 0.474952 0.597092
vt 0.501854 0.593267
vt 0.532601 0.665914
vt 0.532601 0.631503
vt 0.532601 0.593267
vt 0.474952 0.562681
vt 0.501854 0.562681
vt 0.451896 0.570332
vt 0.451896 0.555047
vt 0.474952 0.547396
vt 0.501854 0.543571
vt 0.471107 0.532112
vt 0.498009 0.528286
vt 0.528756 0.528286
vt 0.528756 0.547396
vt 0.528756 0.566506
vt 0.544137 0.524461
vt 0.547967 0.551222
vt 0.571038 0.528286
vt 0.567193 0.551222
vt 0.547967 0.570332
vt 0.551812 0.589442
vt 0.563348 0.608567
vt 0.571038 0.574157
vt 0.571038 0.589442
vt 0.594095 0.555047
vt 0.597940 0.574157
vt 0.597940 0.593267
vt 0.594095 0.612392
vt 0.617151 0.612392
vt 0.620996 0.589442
vt 0.644053 0.616202
vt 0.647898 0.589442
vt 0.609461 0.574157
vt 0.670954 0.612392
vt 0.667109 0.623852
vt 0.613306 0.642963
vt 0.644053 0.650613
vt 0.609461 0.673548
vt 0.632517 0.681199
vt 0.597940 0.715609
vt 0.620996 0.719434
vt 0.594095 0.738544
vt 0.617151 0.742369
vt 0.594095 0.757655
vt 0.617151 0.761480
vt 0.574868 0.753829
vt 0.578714 0.738544
vt 0.582559 0.711785
vt 0.590249 0.673548
vt 0.594095 0.635328
vt 0.555657 0.707959
vt 0.559503 0.669723
vt 0.563348 0.631503
vt 0.532601 0.704134
vt 0.505699 0.704134
vt 0.474952 0.707959
vt 0.505699 0.727069
vt 0.532601 0.730895
vt 0.551812 0.730895
vt 0.528756 0.750005
vt 0.547967 0.750005
vt 0.474952 0.730895
vt 0.451896 0.715609
vt 0.551812 0.769130
vt 0.528756 0.769130
vt 0.574868 0.772955
vt 0.594095 0.776781
vt 0.609461 0.784415
vt 0.624842 0.784415
vt 0.547967 0.822651
vt 0.436515 0.555047
vt 0.424994 0.566506
vt 0.451896 0.539746
vt 0.409613 0.581808
vt 0.624842 0.570332
vt 0.609461 0.555047
vt 0.624842 0.555047
vt 0.609461 0.539746
vt 0.640208 0.570332
vt 0.590249 0.532112
vt 0.298177 0.750005
vt 0.474952 0.906758
vt 0.482643 0.948803
vt 0.486488 0.971739
vt 0.498009 0.975563
vt 0.340444 0.608567
vt 0.728603 0.016013
vt 0.743969 0.027473
vt 0.713222 0.023648
vt 0.728603 0.035124
vt 0.759350 0.035124
vt 0.743969 0.050408
vt 0.697856 0.035124
vt 0.713222 0.050408
vt 0.670954 0.046583
vt 0.686320 0.061883
vt 0.659419 0.058058
vt 0.674800 0.073344
vt 0.724758 0.065709
vt 0.774716 0.042773
vt 0.763195 0.058058
vt 0.797772 0.054234
vt 0.786252 0.073344
vt 0.697856 0.077169
vt 0.690166 0.096294
vt 0.720913 0.092469
vt 0.747814 0.073344
vt 0.743969 0.107754
vt 0.782406 0.088644
vt 0.786252 0.123054
vt 0.747814 0.126864
vt 0.809308 0.126864
vt 0.809308 0.157450
vt 0.778561 0.157450
vt 0.813153 0.092469
vt 0.813153 0.077169
vt 0.816999 0.065709
vt 0.836210 0.077169
vt 0.836210 0.061883
vt 0.840055 0.092469
vt 0.843900 0.126864
vt 0.847730 0.153625
vt 0.870802 0.088644
vt 0.893858 0.123054
vt 0.905379 0.084819
vt 0.863111 0.073344
vt 0.855421 0.054234
vt 0.886168 0.069534
vt 0.874632 0.046583
vt 0.893858 0.153625
vt 0.916915 0.134515
vt 0.920760 0.145991
vt 0.928435 0.103930
vt 0.893858 0.176575
vt 0.924605 0.069534
vt 0.955337 0.069534
vt 0.901534 0.054234
vt 0.932280 0.054234
vt 0.974563 0.050408
vt 0.947662 0.038948
vt 0.916915 0.042773
vt 0.928435 0.031298
vt 0.901534 0.031298
vt 0.913069 0.019823
vt 0.913069 0.176575
vt 0.932280 0.149815
vt 0.928435 0.172750
vt 0.928435 0.130689
vt 0.986084 0.061883
vt 0.966873 0.077169
vt 0.943816 0.103930
vt 0.920760 0.111579
vt 0.936126 0.111579
vt 0.920760 0.180385
vt 0.897704 0.195686
vt 0.901534 0.199511
vt 0.855421 0.180385
vt 0.851575 0.210971
vt 0.813153 0.188035
vt 0.828519 0.210971
vt 0.793927 0.172750
vt 0.855421 0.222446
vt 0.816999 0.218621
vt 0.767025 0.165101
vt 0.778561 0.188035
vt 0.755505 0.168926
vt 0.755505 0.188035
vt 0.770871 0.218621
vt 0.774716 0.210971
vt 0.790097 0.184211
vt 0.786252 0.214796
vt 0.790097 0.218621
vt 0.751659 0.149815
vt 0.740124 0.153625
vt 0.740124 0.180385
vt 0.713222 0.145991
vt 0.705547 0.123054
vt 0.720913 0.161275
vt 0.732448 0.914392
vt 0.724758 0.941153
vt 0.694011 0.922043
vt 0.690166 0.902932
vt 0.736278 0.899107
vt 0.740124 0.864696
vt 0.682475 0.887632
vt 0.670954 0.864696
vt 0.736278 0.849411
vt 0.667109 0.849411
vt 0.686320 0.952628
vt 0.720913 0.967913
vt 0.686320 0.971739
vt 0.705547 0.979388
vt 0.663264 0.849411
vt 0.690166 0.822651
vt 0.674800 0.822651
vt 0.709377 0.826476
s 1
usemtl Tex_1064_0.dds
f 4356/3375/4101 4357/3376/4102 4358/3377/4103
f 4357/3376/4102 4359/3378/4104 4358/3377/4103
f 4358/3377/4103 4359/3378/4104 4360/3379/4105
f 4359/3378/4104 4361/3380/4106 4360/3379/4105
f 4362/3381/4107 4357/3376/4102 4356/3375/4101
f 4363/3382/4108 4362/3381/4107 4356/3375/4101
f 4362/3381/4107 4364/3383/4109 4357/3376/4102
f 4364/3383/4109 4365/3384/4110 4357/3376/4102
f 4357/3376/4102 4365/3384/4110 4359/3378/4104
f 4365/3384/4110 4364/3383/4109 4366/3385/4111
f 4366/3385/4111 4367/3386/4112 4365/3384/4110
f 4368/3387/4113 4358/3377/4103 4360/3379/4105
f 4356/3375/4101 4358/3377/4103 4368/3387/4113
f 4360/3379/4105 4369/3388/4114 4368/3387/4113
f 4370/3389/4115 4356/3375/4101 4368/3387/4113
f 4363/3382/4108 4356/3375/4101 4370/3389/4115
f 4371/3390/4116 4362/3381/4107 4363/3382/4108
f 4363/3382/4108 4372/3391/4108 4371/3390/4116
f 4373/3392/4117 4364/3383/4109 4362/3381/4107
f 4362/3381/4107 4371/3390/4116 4373/3392/4117
f 4372/3391/4108 4363/3382/4108 4374/3393/4118
f 4370/3389/4115 4374/3393/4118 4363/3382/4108
f 4374/3393/4118 4375/3394/4114 4372/3391/4108
f 4376/3395/4119 4375/3394/4114 4374/3393/4118
f 4375/3394/4114 4376/3395/4119 4377/3396/4120
f 4378/3397/4121 4375/3394/4114 4377/3396/4120
f 4372/3391/4108 4375/3394/4114 4378/3397/4121
f 4377/3396/4120 4379/3398/4122 4378/3397/4121
f 4374/3393/4118 4380/3399/4123 4376/3395/4119
f 4380/3399/4123 4374/3393/4118 4370/3389/4115
f 4370/3389/4115 4381/3400/4123 4380/3399/4123
f 4381/3400/4123 4370/3389/4115 4368/3387/4113
f 4368/3387/4113 4382/3401/4124 4381/3400/4123
f 4382/3401/4124 4368/3387/4113 4369/3388/4114
f 4369/3388/4114 4383/3402/4125 4382/3401/4124
f 4376/3395/4119 4380/3399/4123 4384/3403/4126
f 4384/3403/4126 4380/3399/4123 4385/3404/4127
f 4385/3404/4127 4380/3399/4123 4381/3400/4123
f 4381/3400/4123 4386/3405/4127 4385/3404/4127
f 4386/3405/4127 4381/3400/4123 4382/3401/4124
f 4382/3401/4124 4387/3406/4126 4386/3405/4127
f 4387/3406/4126 4382/3401/4124 4383/3402/4125
f 4383/3402/4125 4388/3407/4128 4387/3406/4126
f 4389/3408/4129 4387/3406/4126 4388/3407/4128
f 4388/3407/4128 4390/3409/4130 4389/3408/4129
f 4391/3410/4129 4386/3405/4127 4387/3406/4126
f 4387/3406/4126 4389/3408/4129 4391/3410/4129
f 4392/3411/4129 4385/3404/4127 4386/3405/4127
f 4386/3405/4127 4391/3410/4129 4392/3411/4129
f 4384/3403/4126 4385/3404/4127 4393/3412/4131
f 4393/3412/4131 4385/3404/4127 4392/3411/4129
f 4394/3413/4132 4393/3412/4131 4392/3411/4129
f 4392/3411/4129 4395/3414/4133 4394/3413/4132
f 4395/3414/4133 4392/3411/4129 4391/3410/4129
f 4391/3410/4129 4396/3415/4134 4395/3414/4133
f 4396/3415/4134 4391/3410/4129 4389/3408/4129
f 4389/3408/4129 4397/3416/4135 4396/3415/4134
f 4397/3416/4135 4389/3408/4129 4390/3409/4130
f 4394/3413/4132 4395/3414/4133 4398/3417/4136
f 4390/3409/4130 4399/3418/4137 4397/3416/4135
f 4399/3418/4137 4390/3409/4130 4400/3419/4138
f 4400/3419/4138 4401/3420/4139 4399/3418/4137
f 4390/3409/4130 4388/3407/4128 4402/3421/4140
f 4402/3421/4140 4400/3419/4138 4390/3409/4130
f 4403/3422/4141 4402/3421/4140 4388/3407/4128
f 4388/3407/4128 4383/3402/4125 4403/3422/4141
f 4400/3419/4138 4404/3423/4142 4401/3420/4139
f 4401/3420/4139 4404/3423/4142 4405/3424/4143
f 4405/3424/4143 4406/3425/4144 4401/3420/4139
f 4405/3424/4143 4407/3426/4145 4406/3425/4144
f 4406/3425/4144 4407/3426/4145 4408/3427/4146
f 4405/3424/4143 4404/3423/4142 4409/3428/4147
f 4409/3428/4147 4407/3426/4145 4405/3424/4143
f 4409/3428/4147 4404/3423/4142 4410/3429/4148
f 4411/3430/4149 4410/3429/4148 4404/3423/4142
f 4400/3419/4138 4402/3421/4140 4411/3430/4149
f 4411/3430/4149 4404/3423/4142 4400/3419/4138
f 4412/3431/4150 4410/3429/4148 4411/3430/4149
f 4402/3421/4140 4403/3422/4141 4412/3431/4150
f 4412/3431/4150 4411/3430/4149 4402/3421/4140
f 4410/3429/4148 4412/3431/4150 4413/3432/4150
f 4414/3433/4151 4413/3432/4150 4412/3431/4150
f 4412/3431/4150 4415/3434/4152 4414/3433/4151
f 4403/3422/4141 4415/3434/4152 4412/3431/4150
f 4409/3428/4147 4410/3429/4148 4416/3435/4153
f 4413/3432/4150 4416/3435/4153 4410/3429/4148
f 4416/3435/4153 4417/3436/4154 4409/3428/4147
f 4407/3426/4145 4409/3428/4147 4417/3436/4154
f 4416/3435/4153 4413/3432/4150 4418/3437/4155
f 4413/3432/4150 4414/3433/4151 4419/3438/4156
f 4419/3438/4156 4418/3437/4155 4413/3432/4150
f 4414/3433/4151 4420/3439/4157 4419/3438/4156
f 4420/3439/4157 4414/3433/4151 4421/3440/4158
f 4421/3440/4158 4422/3441/4159 4420/3439/4157
f 4423/3442/4101 4414/3433/4151 4415/3434/4152
f 4423/3442/4101 4421/3440/4158 4414/3433/4151
f 4423/3442/4101 4415/3434/4152 4424/3443/4160
f 4424/3443/4160 4425/3444/4101 4423/3442/4101
f 4423/3442/4101 4425/3444/4101 4426/3445/4161
f 4426/3445/4161 4427/3446/4104 4423/3442/4101
f 4423/3442/4101 4427/3446/4104 4421/3440/4158
f 4428/3447/4162 4427/3446/4104 4426/3445/4161
f 4426/3445/4161 4429/3448/4163 4428/3447/4162
f 4429/3448/4163 4430/3449/4164 4428/3447/4162
f 4430/3449/4164 4431/3450/4165 4428/3447/4162
f 4361/3380/4106 4426/3445/4161 4425/3444/4101
f 4361/3380/4106 4425/3444/4101 4360/3379/4105
f 4432/3451/4166 4429/3448/4163 4426/3445/4161
f 4426/3445/4161 4361/3380/4106 4432/3451/4166
f 4433/3452/4167 4432/3451/4166 4361/3380/4106
f 4359/3378/4104 4433/3452/4167 4361/3380/4106
f 4360/3379/4105 4425/3444/4101 4369/3388/4114
f 4369/3388/4114 4425/3444/4101 4424/3443/4160
f 4383/3402/4125 4369/3388/4114 4424/3443/4160
f 4424/3443/4160 4403/3422/4141 4383/3402/4125
f 4415/3434/4152 4403/3422/4141 4424/3443/4160
f 4365/3384/4110 4433/3452/4167 4359/3378/4104
f 4365/3384/4110 4367/3386/4112 4433/3452/4167
f 4367/3386/4112 4434/3453/4168 4433/3452/4167
f 4434/3453/4168 4432/3451/4166 4433/3452/4167
f 4434/3453/4168 4367/3386/4112 4435/3454/4169
f 4436/3455/4170 4435/3454/4169 4367/3386/4112
f 4367/3386/4112 4366/3385/4111 4436/3455/4170
f 4366/3385/4111 4437/3456/4171 4436/3455/4170
f 4436/3455/4170 4437/3456/4171 4438/3457/4172
f 4439/3458/4173 4437/3456/4171 4366/3385/4111
f 4439/3458/4173 4366/3385/4111 4364/3383/4109
f 4364/3383/4109 4373/3392/4117 4439/3458/4173
f 4440/3459/4174 4437/3456/4171 4439/3458/4173
f 4439/3458/4173 4441/3460/4175 4440/3459/4174
f 4441/3460/4175 4439/3458/4173 4373/3392/4117
f 4373/3392/4117 4442/3461/4176 4441/3460/4175
f 4442/3461/4176 4373/3392/4117 4371/3390/4116
f 4371/3390/4116 4443/3462/4177 4442/3461/4176
f 4443/3462/4177 4371/3390/4116 4372/3391/4108
f 4372/3391/4108 4444/3463/4108 4443/3462/4177
f 4445/3464/4178 4443/3462/4177 4444/3463/4108
f 4444/3463/4108 4446/3465/4108 4445/3464/4178
f 4447/3466/4179 4442/3461/4176 4443/3462/4177
f 4443/3462/4177 4445/3464/4178 4447/3466/4179
f 4448/3467/4180 4445/3464/4178 4446/3465/4108
f 4446/3465/4108 4449/3468/4181 4448/3467/4180
f 4450/3469/4182 4449/3468/4181 4446/3465/4108
f 4446/3465/4108 4451/3470/4182 4450/3469/4182
f 4451/3470/4182 4446/3465/4108 4444/3463/4108
f 4444/3463/4108 4378/3397/4121 4451/3470/4182
f 4378/3397/4121 4444/3463/4108 4372/3391/4108
f 4452/3471/4183 4450/3469/4182 4451/3470/4182
f 4451/3470/4182 4453/3472/4183 4452/3471/4183
f 4453/3472/4183 4451/3470/4182 4378/3397/4121
f 4454/3473/4184 4452/3471/4183 4453/3472/4183
f 4453/3472/4183 4455/3474/4185 4454/3473/4184
f 4379/3398/4122 4453/3472/4183 4378/3397/4121
f 4455/3474/4185 4453/3472/4183 4379/3398/4122
f 4379/3398/4122 4456/3475/4186 4455/3474/4185
f 4455/3474/4185 4456/3475/4186 4457/3476/4187
f 4457/3476/4187 4456/3475/4186 4458/3477/4188
f 4459/3478/4189 4456/3475/4186 4379/3398/4122
f 4458/3477/4188 4456/3475/4186 4459/3478/4189
f 4459/3478/4189 4460/3479/4190 4458/3477/4188
f 4460/3479/4190 4461/3480/4191 4458/3477/4188
f 4460/3479/4190 4459/3478/4189 4376/3395/4119
f 4376/3395/4119 4459/3478/4189 4377/3396/4120
f 4459/3478/4189 4379/3398/4122 4377/3396/4120
f 4384/3403/4126 4460/3479/4190 4376/3395/4119
f 4460/3479/4190 4384/3403/4126 4393/3412/4131
f 4462/3481/4192 4460/3479/4190 4393/3412/4131
f 4461/3480/4191 4460/3479/4190 4462/3481/4192
f 4394/3413/4132 4462/3481/4192 4393/3412/4131
f 4462/3481/4192 4394/3413/4132 4463/3482/4193
f 4464/3483/4194 4463/3482/4193 4394/3413/4132
f 4394/3413/4132 4398/3417/4136 4464/3483/4194
f 4463/3482/4193 4465/3484/4195 4462/3481/4192
f 4465/3484/4195 4466/3485/4196 4462/3481/4192
f 4461/3480/4191 4462/3481/4192 4466/3485/4196
f 4465/3484/4195 4467/3486/4197 4466/3485/4196
f 4458/3477/4188 4461/3480/4191 4468/3487/4198
f 4466/3485/4196 4467/3486/4197 4468/3487/4198
f 4468/3487/4198 4461/3480/4191 4466/3485/4196
f 4469/3488/4199 4468/3487/4198 4467/3486/4197
f 4468/3487/4198 4469/3488/4199 4457/3476/4187
f 4468/3487/4198 4457/3476/4187 4458/3477/4188
f 4470/3489/4200 4457/3476/4187 4469/3488/4199
f 4455/3474/4185 4457/3476/4187 4470/3489/4200
f 4455/3474/4185 4470/3489/4200 4454/3473/4184
f 4471/3490/4201 4441/3460/4175 4472/3491/4202
f 4472/3491/4202 4441/3460/4175 4442/3461/4176
f 4442/3461/4176 4447/3466/4179 4472/3491/4202
f 4447/3466/4179 4473/3492/4203 4472/3491/4202
f 4447/3466/4179 4474/3493/4204 4473/3492/4203
f 4474/3493/4204 4447/3466/4179 4445/3464/4178
f 4474/3493/4204 4445/3464/4178 4448/3467/4180
f 4441/3460/4175 4471/3490/4201 4440/3459/4174
f 4475/3494/4205 4437/3456/4171 4440/3459/4174
f 4475/3494/4205 4438/3457/4172 4437/3456/4171
f 4475/3494/4205 4476/3495/4194 4438/3457/4172
f 4476/3495/4194 4436/3455/4170 4438/3457/4172
f 4436/3455/4170 4476/3495/4194 4477/3496/4206
f 4477/3496/4206 4435/3454/4169 4436/3455/4170
f 4477/3496/4206 4478/3497/4207 4435/3454/4169
f 4435/3454/4169 4478/3497/4207 4479/3498/4208
f 4479/3498/4208 4480/3499/4209 4435/3454/4169
f 4435/3454/4169 4480/3499/4209 4434/3453/4168
f 4481/3500/4210 4434/3453/4168 4480/3499/4209
f 4480/3499/4209 4482/3501/4209 4481/3500/4210
f 4430/3449/4164 4481/3500/4210 4482/3501/4209
f 4482/3501/4209 4483/3502/4211 4430/3449/4164
f 4431/3450/4165 4430/3449/4164 4483/3502/4211
f 4434/3453/4168 4481/3500/4210 4432/3451/4166
f 4429/3448/4163 4432/3451/4166 4481/3500/4210
f 4481/3500/4210 4430/3449/4164 4429/3448/4163
f 4484/3503/4143 4483/3502/4211 4482/3501/4209
f 4483/3502/4211 4484/3503/4143 4485/3504/4212
f 4483/3502/4211 4485/3504/4212 4431/3450/4165
f 4486/3505/4213 4431/3450/4165 4485/3504/4212
f 4487/3506/4214 4431/3450/4165 4486/3505/4213
f 4487/3506/4214 4486/3505/4213 4488/3507/4215
f 4489/3508/4216 4487/3506/4214 4488/3507/4215
f 4488/3507/4215 4490/3509/4204 4489/3508/4216
f 4491/3510/4217 4490/3509/4204 4488/3507/4215
f 4422/3441/4159 4490/3509/4204 4491/3510/4217
f 4489/3508/4216 4490/3509/4204 4422/3441/4159
f 4422/3441/4159 4491/3510/4217 4492/3511/4218
f 4493/3512/4219 4492/3511/4218 4491/3510/4217
f 4491/3510/4217 4494/3513/4220 4493/3512/4219
f 4494/3513/4220 4491/3510/4217 4495/3514/4221
f 4488/3507/4215 4495/3514/4221 4491/3510/4217
f 4495/3514/4221 4496/3515/4221 4494/3513/4220
f 4492/3511/4218 4493/3512/4219 4497/3516/4118
f 4492/3511/4218 4497/3516/4118 4498/3517/4222
f 4420/3439/4157 4492/3511/4218 4498/3517/4222
f 4422/3441/4159 4492/3511/4218 4420/3439/4157
f 4498/3517/4222 4419/3438/4156 4420/3439/4157
f 4498/3517/4222 4418/3437/4155 4419/3438/4156
f 4418/3437/4155 4498/3517/4222 4499/3518/4223
f 4418/3437/4155 4499/3518/4223 4500/3519/4224
f 4500/3519/4224 4499/3518/4223 4501/3520/4225
f 4498/3517/4222 4497/3516/4118 4501/3520/4225
f 4501/3520/4225 4499/3518/4223 4498/3517/4222
f 4501/3520/4225 4502/3521/4224 4500/3519/4224
f 4502/3521/4224 4501/3520/4225 4503/3522/4226
f 4503/3522/4226 4501/3520/4225 4497/3516/4118
f 4503/3522/4226 4504/3523/4227 4502/3521/4224
f 4505/3524/4226 4504/3523/4227 4503/3522/4226
f 4504/3523/4227 4505/3524/4226 4506/3525/4228
f 4504/3523/4227 4506/3525/4228 4507/3526/4229
f 4508/3527/4230 4504/3523/4227 4507/3526/4229
f 4508/3527/4230 4507/3526/4229 4509/3528/4231
f 4509/3528/4231 4510/3529/4232 4508/3527/4230
f 4510/3529/4232 4509/3528/4231 4511/3530/4233
f 4511/3530/4233 4512/3531/4234 4510/3529/4232
f 4513/3532/4209 4510/3529/4232 4512/3531/4234
f 4508/3527/4230 4510/3529/4232 4513/3532/4209
f 4512/3531/4234 4514/3533/4235 4513/3532/4209
f 4515/3534/4236 4502/3521/4224 4504/3523/4227
f 4504/3523/4227 4508/3527/4230 4515/3534/4236
f 4513/3532/4209 4515/3534/4236 4508/3527/4230
f 4500/3519/4224 4502/3521/4224 4516/3535/4236
f 4516/3535/4236 4502/3521/4224 4515/3534/4236
f 4515/3534/4236 4517/3536/4209 4516/3535/4236
f 4517/3536/4209 4515/3534/4236 4513/3532/4209
f 4517/3536/4209 4513/3532/4209 4514/3533/4235
f 4516/3535/4236 4517/3536/4209 4518/3537/4237
f 4518/3537/4237 4417/3436/4154 4516/3535/4236
f 4517/3536/4209 4514/3533/4235 4519/3538/4235
f 4520/3539/4238 4518/3537/4237 4517/3536/4209
f 4517/3536/4209 4519/3538/4235 4520/3539/4238
f 4518/3537/4237 4520/3539/4238 4408/3427/4146
f 4408/3427/4146 4407/3426/4145 4518/3537/4237
f 4407/3426/4145 4417/3436/4154 4518/3537/4237
f 4500/3519/4224 4516/3535/4236 4417/3436/4154
f 4417/3436/4154 4416/3435/4153 4500/3519/4224
f 4500/3519/4224 4416/3435/4153 4418/3437/4155
f 4511/3530/4233 4509/3528/4231 4521/3540/4239
f 4521/3540/4239 4509/3528/4231 4522/3541/4240
f 4522/3541/4240 4509/3528/4231 4507/3526/4229
f 4507/3526/4229 4523/3542/4229 4522/3541/4240
f 4523/3542/4229 4507/3526/4229 4506/3525/4228
f 4506/3525/4228 4524/3543/4241 4523/3542/4229
f 4524/3543/4241 4506/3525/4228 4505/3524/4226
f 4505/3524/4226 4525/3544/4223 4524/3543/4241
f 4505/3524/4226 4526/3545/4242 4525/3544/4223
f 4526/3545/4242 4505/3524/4226 4527/3546/4243
f 4527/3546/4243 4505/3524/4226 4503/3522/4226
f 4503/3522/4226 4528/3547/4118 4527/3546/4243
f 4497/3516/4118 4528/3547/4118 4503/3522/4226
f 4528/3547/4118 4529/3548/4244 4527/3546/4243
f 4529/3548/4244 4530/3549/4245 4527/3546/4243
f 4530/3549/4245 4529/3548/4244 4531/3550/4204
f 4531/3550/4204 4532/3551/4246 4530/3549/4245
f 4532/3551/4246 4531/3550/4204 4533/3552/4247
f 4496/3515/4221 4533/3552/4247 4531/3550/4204
f 4494/3513/4220 4496/3515/4221 4531/3550/4204
f 4494/3513/4220 4531/3550/4204 4529/3548/4244
f 4533/3552/4247 4534/3553/4248 4532/3551/4246
f 4529/3548/4244 4493/3512/4219 4494/3513/4220
f 4497/3516/4118 4493/3512/4219 4528/3547/4118
f 4493/3512/4219 4529/3548/4244 4528/3547/4118
f 4535/3554/4249 4532/3551/4246 4534/3553/4248
f 4532/3551/4246 4535/3554/4249 4536/3555/4250
f 4530/3549/4245 4532/3551/4246 4537/3556/4159
f 4532/3551/4246 4536/3555/4250 4537/3556/4159
f 4538/3557/4251 4530/3549/4245 4537/3556/4159
f 4527/3546/4243 4530/3549/4245 4538/3557/4251
f 4538/3557/4251 4526/3545/4242 4527/3546/4243
f 4489/3508/4216 4422/3441/4159 4421/3440/4158
f 4427/3446/4104 4489/3508/4216 4421/3440/4158
f 4489/3508/4216 4427/3446/4104 4428/3447/4162
f 4489/3508/4216 4428/3447/4162 4487/3506/4214
f 4428/3447/4162 4431/3450/4165 4487/3506/4214
f 4488/3507/4215 4539/3558/4238 4495/3514/4221
f 4486/3505/4213 4539/3558/4238 4488/3507/4215
f 4539/3558/4238 4486/3505/4213 4540/3559/4146
f 4485/3504/4212 4540/3559/4146 4486/3505/4213
f 4521/3540/4239 4541/3560/4252 4511/3530/4233
f 4542/3561/4253 4543/3562/4189 4544/3563/4254
f 4544/3563/4254 4545/3564/4228 4542/3561/4253
f 4546/3565/4253 4542/3561/4253 4545/3564/4228
f 4547/3566/4228 4546/3565/4253 4545/3564/4228
f 4545/3564/4228 4544/3563/4254 4548/3567/4255
f 4549/3568/4256 4545/3564/4228 4548/3567/4255
f 4547/3566/4228 4545/3564/4228 4549/3568/4256
f 4544/3563/4254 4543/3562/4189 4550/3569/4257
f 4550/3569/4257 4551/3570/4258 4544/3563/4254
f 4543/3562/4189 4542/3561/4253 4552/3571/4259
f 4552/3571/4259 4553/3572/4260 4543/3562/4189
f 4554/3573/4160 4552/3571/4259 4542/3561/4253
f 4542/3561/4253 4546/3565/4253 4554/3573/4160
f 4555/3574/4261 4554/3573/4160 4546/3565/4253
f 4546/3565/4253 4556/3575/4223 4555/3574/4261
f 4556/3575/4223 4546/3565/4253 4547/3566/4228
f 4543/3562/4189 4553/3572/4260 4557/3576/4113
f 4557/3576/4113 4550/3569/4257 4543/3562/4189
f 4558/3577/4262 4553/3572/4260 4552/3571/4259
f 4552/3571/4259 4559/3578/4263 4558/3577/4262
f 4559/3578/4263 4552/3571/4259 4554/3573/4160
f 4554/3573/4160 4560/3579/4263 4559/3578/4263
f 4561/3580/4264 4554/3573/4160 4555/3574/4261
f 4554/3573/4160 4561/3580/4264 4560/3579/4263
f 4562/3581/4265 4561/3580/4264 4555/3574/4261
f 4555/3574/4261 4563/3582/4266 4562/3581/4265
f 4563/3582/4266 4555/3574/4261 4556/3575/4223
f 4553/3572/4260 4558/3577/4262 4564/3583/4244
f 4564/3583/4244 4557/3576/4113 4553/3572/4260
f 4551/3570/4258 4550/3569/4257 4565/3584/4267
f 4565/3584/4267 4566/3585/4268 4551/3570/4258
f 4567/3586/4269 4557/3576/4113 4564/3583/4244
f 4564/3583/4244 4568/3587/4270 4567/3586/4269
f 4569/3588/4271 4557/3576/4113 4567/3586/4269
f 4550/3569/4257 4557/3576/4113 4569/3588/4271
f 4569/3588/4271 4565/3584/4267 4550/3569/4257
f 4570/3589/4272 4563/3582/4266 4556/3575/4223
f 4570/3589/4272 4556/3575/4223 4571/3590/4228
f 4571/3590/4228 4572/3591/4273 4570/3589/4272
f 4573/3592/4274 4572/3591/4273 4571/3590/4228
f 4571/3590/4228 4574/3593/4275 4573/3592/4274
f 4573/3592/4274 4574/3593/4275 4575/3594/4276
f 4576/3595/4277 4575/3594/4276 4574/3593/4275
f 4577/3596/4278 4575/3594/4276 4576/3595/4277
f 4576/3595/4277 4578/3597/4279 4577/3596/4278
f 4578/3597/4279 4576/3595/4277 4579/3598/4231
f 4579/3598/4231 4580/3599/4280 4578/3597/4279
f 4580/3599/4280 4579/3598/4231 4581/3600/4231
f 4548/3567/4255 4581/3600/4231 4579/3598/4231
f 4582/3601/4281 4581/3600/4231 4548/3567/4255
f 4582/3601/4281 4583/3602/4248 4581/3600/4231
f 4581/3600/4231 4583/3602/4248 4580/3599/4280
f 4583/3602/4248 4582/3601/4281 4584/3603/4249
f 4584/3603/4249 4582/3601/4281 4585/3604/4282
f 4586/3605/4283 4584/3603/4249 4585/3604/4282
f 4582/3601/4281 4587/3606/4284 4585/3604/4282
f 4582/3601/4281 4588/3607/4255 4587/3606/4284
f 4548/3567/4255 4588/3607/4255 4582/3601/4281
f 4588/3607/4255 4589/3608/4154 4587/3606/4284
f 4588/3607/4255 4566/3585/4268 4589/3608/4154
f 4566/3585/4268 4588/3607/4255 4551/3570/4258
f 4590/3609/4285 4583/3602/4248 4584/3603/4249
f 4584/3603/4249 4591/3610/4286 4590/3609/4285
f 4591/3610/4286 4584/3603/4249 4586/3605/4283
f 4544/3563/4254 4551/3570/4258 4588/3607/4255
f 4588/3607/4255 4548/3567/4255 4544/3563/4254
f 4592/3611/4287 4580/3599/4280 4583/3602/4248
f 4583/3602/4248 4590/3609/4285 4592/3611/4287
f 4593/3612/4117 4580/3599/4280 4592/3611/4287
f 4578/3597/4279 4580/3599/4280 4593/3612/4117
f 4593/3612/4117 4594/3613/4288 4578/3597/4279
f 4594/3613/4288 4577/3596/4278 4578/3597/4279
f 4577/3596/4278 4594/3613/4288 4595/3614/4289
f 4595/3614/4289 4596/3615/4290 4577/3596/4278
f 4575/3594/4276 4577/3596/4278 4596/3615/4290
f 4575/3594/4276 4596/3615/4290 4573/3592/4274
f 4597/3616/4291 4593/3612/4117 4592/3611/4287
f 4592/3611/4287 4598/3617/4291 4597/3616/4291
f 4598/3617/4291 4592/3611/4287 4590/3609/4285
f 4593/3612/4117 4597/3616/4291 4599/3618/4292
f 4599/3618/4292 4600/3619/4285 4593/3612/4117
f 4594/3613/4288 4593/3612/4117 4600/3619/4285
f 4601/3620/4293 4595/3614/4289 4594/3613/4288
f 4594/3613/4288 4600/3619/4285 4601/3620/4293
f 4601/3620/4293 4600/3619/4285 4599/3618/4292
f 4595/3614/4289 4601/3620/4293 4602/3621/4294
f 4602/3621/4294 4603/3622/4168 4595/3614/4289
f 4596/3615/4290 4595/3614/4289 4603/3622/4168
f 4603/3622/4168 4602/3621/4294 4604/3623/4294
f 4604/3623/4294 4605/3624/4168 4603/3622/4168
f 4606/3625/4295 4601/3620/4293 4599/3618/4292
f 4604/3623/4294 4602/3621/4294 4607/3626/4296
f 4602/3621/4294 4601/3620/4293 4607/3626/4296
f 4607/3626/4296 4601/3620/4293 4606/3625/4295
f 4608/3627/4297 4604/3623/4294 4607/3626/4296
f 4609/3628/4298 4608/3627/4297 4607/3626/4296
f 4608/3627/4297 4609/3628/4298 4610/3629/4103
f 4610/3629/4103 4611/3630/4299 4608/3627/4297
f 4611/3630/4299 4604/3623/4294 4608/3627/4297
f 4607/3626/4296 4612/3631/4300 4609/3628/4298
f 4607/3626/4296 4606/3625/4295 4612/3631/4300
f 4606/3625/4295 4599/3618/4292 4613/3632/4301
f 4613/3632/4301 4612/3631/4300 4606/3625/4295
f 4613/3632/4301 4599/3618/4292 4614/3633/4302
f 4612/3631/4300 4615/3634/4303 4609/3628/4298
f 4616/3635/4160 4610/3629/4103 4609/3628/4298
f 4609/3628/4298 4615/3634/4303 4616/3635/4160
f 4610/3629/4103 4616/3635/4160 4617/3636/4160
f 4617/3636/4160 4618/3637/4101 4610/3629/4103
f 4611/3630/4299 4610/3629/4103 4618/3637/4101
f 4617/3636/4160 4616/3635/4160 4619/3638/4304
f 4619/3638/4304 4620/3639/4305 4617/3636/4160
f 4616/3635/4160 4621/3640/4306 4619/3638/4304
f 4616/3635/4160 4615/3634/4303 4621/3640/4306
f 4615/3634/4303 4612/3631/4300 4622/3641/4307
f 4622/3641/4307 4612/3631/4300 4613/3632/4301
f 4615/3634/4303 4622/3641/4307 4621/3640/4306
f 4613/3632/4301 4623/3642/4265 4622/3641/4307
f 4614/3633/4302 4623/3642/4265 4613/3632/4301
f 4624/3643/4303 4617/3636/4160 4620/3639/4305
f 4624/3643/4303 4618/3637/4101 4617/3636/4160
f 4620/3639/4305 4625/3644/4308 4624/3643/4303
f 4624/3643/4303 4625/3644/4308 4626/3645/4309
f 4626/3645/4309 4627/3646/4310 4624/3643/4303
f 4628/3647/4311 4627/3646/4310 4626/3645/4309
f 4629/3648/4312 4627/3646/4310 4628/3647/4311
f 4629/3648/4312 4630/3649/4105 4627/3646/4310
f 4630/3649/4105 4631/3650/4313 4627/3646/4310
f 4631/3650/4313 4630/3649/4105 4632/3651/4314
f 4633/3652/4315 4629/3648/4312 4628/3647/4311
f 4633/3652/4315 4630/3649/4105 4629/3648/4312
f 4633/3652/4315 4628/3647/4311 4634/3653/4316
f 4632/3651/4314 4630/3649/4105 4635/3654/4317
f 4635/3654/4317 4630/3649/4105 4633/3652/4315
f 4635/3654/4317 4636/3655/4318 4632/3651/4314
f 4632/3651/4314 4637/3656/4319 4631/3650/4313
f 4631/3650/4313 4637/3656/4319 4638/3657/4320
f 4638/3657/4320 4639/3658/4321 4631/3650/4313
f 4627/3646/4310 4631/3650/4313 4639/3658/4321
f 4639/3658/4321 4624/3643/4303 4627/3646/4310
f 4637/3656/4319 4632/3651/4314 4640/3659/4217
f 4636/3655/4318 4640/3659/4217 4632/3651/4314
f 4637/3656/4319 4641/3660/4202 4638/3657/4320
f 4641/3660/4202 4637/3656/4319 4642/3661/4322
f 4640/3659/4217 4642/3661/4322 4637/3656/4319
f 4643/3662/4168 4641/3660/4202 4642/3661/4322
f 4642/3661/4322 4644/3663/4323 4643/3662/4168
f 4645/3664/4324 4644/3663/4323 4642/3661/4322
f 4645/3664/4324 4642/3661/4322 4640/3659/4217
f 4646/3665/4323 4644/3663/4323 4645/3664/4324
f 4647/3666/4231 4643/3662/4168 4644/3663/4323
f 4644/3663/4323 4648/3667/4231 4647/3666/4231
f 4646/3665/4323 4648/3667/4231 4644/3663/4323
f 4649/3668/4325 4648/3667/4231 4646/3665/4323
f 4646/3665/4323 4645/3664/4324 4650/3669/4326
f 4650/3669/4326 4651/3670/4327 4646/3665/4323
f 4652/3671/4220 4650/3669/4326 4645/3664/4324
f 4645/3664/4324 4640/3659/4217 4652/3671/4220
f 4652/3671/4220 4640/3659/4217 4636/3655/4318
f 4652/3671/4220 4653/3672/4328 4650/3669/4326
f 4653/3672/4328 4654/3673/4329 4650/3669/4326
f 4654/3673/4329 4651/3670/4327 4650/3669/4326
f 4654/3673/4329 4655/3674/4330 4651/3670/4327
f 4654/3673/4329 4656/3675/4331 4655/3674/4330
f 4656/3675/4331 4657/3676/4332 4655/3674/4330
f 4655/3674/4330 4657/3676/4332 4658/3677/4333
f 4658/3677/4333 4659/3678/4334 4655/3674/4330
f 4659/3678/4334 4651/3670/4327 4655/3674/4330
f 4660/3679/4334 4649/3668/4325 4646/3665/4323
f 4646/3665/4323 4651/3670/4327 4660/3679/4334
f 4659/3678/4334 4660/3679/4334 4651/3670/4327
f 4659/3678/4334 4658/3677/4333 4661/3680/4335
f 4661/3680/4335 4662/3681/4336 4659/3678/4334
f 4659/3678/4334 4662/3681/4336 4660/3679/4334
f 4663/3682/4337 4662/3681/4336 4661/3680/4335
f 4662/3681/4336 4663/3682/4337 4664/3683/4338
f 4662/3681/4336 4665/3684/4339 4660/3679/4334
f 4664/3683/4338 4665/3684/4339 4662/3681/4336
f 4660/3679/4334 4665/3684/4339 4666/3685/4340
f 4660/3679/4334 4666/3685/4340 4649/3668/4325
f 4667/3686/4341 4649/3668/4325 4666/3685/4340
f 4664/3683/4338 4668/3687/4135 4665/3684/4339
f 4669/3688/4342 4666/3685/4340 4665/3684/4339
f 4669/3688/4342 4667/3686/4341 4666/3685/4340
f 4669/3688/4342 4665/3684/4339 4668/3687/4135
f 4664/3683/4338 4670/3689/4343 4668/3687/4135
f 4670/3689/4343 4671/3690/4344 4668/3687/4135
f 4671/3690/4344 4669/3688/4342 4668/3687/4135
f 4669/3688/4342 4671/3690/4344 4672/3691/4345
f 4667/3686/4341 4669/3688/4342 4672/3691/4345
f 4672/3691/4345 4673/3692/4346 4667/3686/4341
f 4674/3693/4126 4673/3692/4346 4672/3691/4345
f 4672/3691/4345 4675/3694/4347 4674/3693/4126
f 4676/3695/4348 4674/3693/4126 4675/3694/4347
f 4675/3694/4347 4677/3696/4349 4676/3695/4348
f 4675/3694/4347 4672/3691/4345 4678/3697/4350
f 4678/3697/4350 4672/3691/4345 4671/3690/4344
f 4679/3698/4351 4676/3695/4348 4677/3696/4349
f 4679/3698/4351 4680/3699/4351 4676/3695/4348
f 4674/3693/4126 4676/3695/4348 4681/3700/4190
f 4676/3695/4348 4682/3701/4352 4681/3700/4190
f 4676/3695/4348 4680/3699/4351 4682/3701/4352
f 4683/3702/4353 4681/3700/4190 4682/3701/4352
f 4682/3701/4352 4684/3703/4354 4683/3702/4353
f 4685/3704/4190 4683/3702/4353 4684/3703/4354
f 4684/3703/4354 4686/3705/4305 4685/3704/4190
f 4686/3705/4305 4687/3706/4355 4685/3704/4190
f 4686/3705/4305 4688/3707/4304 4687/3706/4355
f 4688/3707/4304 4689/3708/4356 4687/3706/4355
f 4688/3707/4304 4690/3709/4357 4689/3708/4356
f 4687/3706/4355 4689/3708/4356 4691/3710/4358
f 4691/3710/4358 4692/3711/4359 4687/3706/4355
f 4685/3704/4190 4687/3706/4355 4692/3711/4359
f 4685/3704/4190 4692/3711/4359 4693/3712/4346
f 4683/3702/4353 4685/3704/4190 4693/3712/4346
f 4694/3713/4360 4683/3702/4353 4693/3712/4346
f 4681/3700/4190 4683/3702/4353 4694/3713/4360
f 4681/3700/4190 4694/3713/4360 4695/3714/4361
f 4674/3693/4126 4681/3700/4190 4695/3714/4361
f 4673/3692/4346 4674/3693/4126 4695/3714/4361
f 4694/3713/4360 4693/3712/4346 4696/3715/4362
f 4697/3716/4363 4694/3713/4360 4696/3715/4362
f 4695/3714/4361 4694/3713/4360 4697/3716/4363
f 4698/3717/4363 4695/3714/4361 4697/3716/4363
f 4673/3692/4346 4695/3714/4361 4698/3717/4363
f 4698/3717/4363 4697/3716/4363 4647/3666/4231
f 4698/3717/4363 4647/3666/4231 4648/3667/4231
f 4698/3717/4363 4667/3686/4341 4673/3692/4346
f 4667/3686/4341 4698/3717/4363 4648/3667/4231
f 4648/3667/4231 4649/3668/4325 4667/3686/4341
f 4647/3666/4231 4697/3716/4363 4699/3718/4364
f 4697/3716/4363 4696/3715/4362 4699/3718/4364
f 4643/3662/4168 4647/3666/4231 4699/3718/4364
f 4699/3718/4364 4700/3719/4365 4643/3662/4168
f 4641/3660/4202 4643/3662/4168 4700/3719/4365
f 4700/3719/4365 4701/3720/4294 4641/3660/4202
f 4702/3721/4168 4700/3719/4365 4699/3718/4364
f 4701/3720/4294 4700/3719/4365 4702/3721/4168
f 4699/3718/4364 4703/3722/4364 4702/3721/4168
f 4696/3715/4362 4703/3722/4364 4699/3718/4364
f 4696/3715/4362 4704/3723/4366 4703/3722/4364
f 4703/3722/4364 4605/3624/4168 4702/3721/4168
f 4703/3722/4364 4705/3724/4209 4605/3624/4168
f 4705/3724/4209 4703/3722/4364 4704/3723/4366
f 4704/3723/4366 4706/3725/4367 4705/3724/4209
f 4702/3721/4168 4707/3726/4368 4701/3720/4294
f 4702/3721/4168 4605/3624/4168 4707/3726/4368
f 4638/3657/4320 4641/3660/4202 4701/3720/4294
f 4701/3720/4294 4708/3727/4369 4638/3657/4320
f 4708/3727/4369 4701/3720/4294 4707/3726/4368
f 4707/3726/4368 4605/3624/4168 4604/3623/4294
f 4707/3726/4368 4611/3630/4299 4708/3727/4369
f 4707/3726/4368 4604/3623/4294 4611/3630/4299
f 4618/3637/4101 4708/3727/4369 4611/3630/4299
f 4639/3658/4321 4638/3657/4320 4708/3727/4369
f 4708/3727/4369 4618/3637/4101 4639/3658/4321
f 4618/3637/4101 4624/3643/4303 4639/3658/4321
f 4704/3723/4366 4692/3711/4359 4706/3725/4367
f 4693/3712/4346 4692/3711/4359 4704/3723/4366
f 4693/3712/4346 4704/3723/4366 4696/3715/4362
f 4692/3711/4359 4691/3710/4358 4706/3725/4367
f 4691/3710/4358 4709/3728/4274 4706/3725/4367
f 4709/3728/4274 4710/3729/4333 4706/3725/4367
f 4705/3724/4209 4706/3725/4367 4710/3729/4333
f 4709/3728/4274 4596/3615/4290 4710/3729/4333
f 4596/3615/4290 4709/3728/4274 4573/3592/4274
f 4691/3710/4358 4711/3730/4370 4709/3728/4274
f 4709/3728/4274 4711/3730/4370 4572/3591/4273
f 4572/3591/4273 4573/3592/4274 4709/3728/4274
f 4712/3731/4371 4572/3591/4273 4711/3730/4370
f 4712/3731/4371 4570/3589/4272 4572/3591/4273
f 4689/3708/4356 4712/3731/4371 4711/3730/4370
f 4711/3730/4370 4691/3710/4358 4689/3708/4356
f 4690/3709/4357 4712/3731/4371 4689/3708/4356
f 4690/3709/4357 4713/3732/4372 4712/3731/4371
f 4570/3589/4272 4712/3731/4371 4713/3732/4372
f 4713/3732/4372 4563/3582/4266 4570/3589/4272
f 4690/3709/4357 4714/3733/4373 4713/3732/4372
f 4713/3732/4372 4714/3733/4373 4563/3582/4266
f 4714/3733/4373 4562/3581/4265 4563/3582/4266
f 4603/3622/4168 4710/3729/4333 4596/3615/4290
f 4705/3724/4209 4710/3729/4333 4603/3622/4168
f 4603/3622/4168 4605/3624/4168 4705/3724/4209
f 4715/3734/4154 4547/3566/4228 4549/3568/4256
f 4576/3595/4277 4715/3734/4154 4549/3568/4256
f 4549/3568/4256 4579/3598/4231 4576/3595/4277
f 4579/3598/4231 4549/3568/4256 4548/3567/4255
f 4574/3593/4275 4715/3734/4154 4576/3595/4277
f 4574/3593/4275 4547/3566/4228 4715/3734/4154
f 4547/3566/4228 4574/3593/4275 4571/3590/4228
f 4571/3590/4228 4556/3575/4223 4547/3566/4228
f 4716/3735/4374 4653/3672/4328 4717/3736/4102
f 4653/3672/4328 4716/3735/4374 4718/3737/4375
f 4717/3736/4102 4653/3672/4328 4652/3671/4220
f 4652/3671/4220 4636/3655/4318 4717/3736/4102
f 4636/3655/4318 4719/3738/4376 4717/3736/4102
f 4636/3655/4318 4635/3654/4317 4719/3738/4376
f 4718/3737/4375 4654/3673/4329 4653/3672/4328
f 4718/3737/4375 4656/3675/4331 4654/3673/4329
f 4720/3739/4377 4721/3740/4378 4722/3741/4379
f 4721/3740/4378 4720/3739/4377 4678/3697/4350
f 4723/3742/4346 4722/3741/4379 4721/3740/4378
f 4722/3741/4379 4724/3743/4380 4720/3739/4377
f 4724/3743/4380 4675/3694/4347 4720/3739/4377
f 4675/3694/4347 4678/3697/4350 4720/3739/4377
f 4675/3694/4347 4724/3743/4380 4677/3696/4349
f 4723/3742/4346 4721/3740/4378 4670/3689/4343
f 4723/3742/4346 4670/3689/4343 4725/3744/4147
f 4664/3683/4338 4725/3744/4147 4670/3689/4343
f 4725/3744/4147 4664/3683/4338 4663/3682/4337
f 4670/3689/4343 4721/3740/4378 4671/3690/4344
f 4721/3740/4378 4678/3697/4350 4671/3690/4344
f 4482/3501/4209 4726/3745/4381 4484/3503/4143
f 4726/3745/4381 4482/3501/4209 4480/3499/4209
f 4480/3499/4209 4479/3498/4208 4726/3745/4381
f 4599/3618/4292 4597/3616/4291 4614/3633/4302
f 4590/3609/4285 4727/3746/4317 4598/3617/4291
f 4591/3610/4286 4727/3746/4317 4590/3609/4285
f 4727/3746/4317 4591/3610/4286 4728/3747/4244
f 4728/3747/4244 4591/3610/4286 4729/3748/4245
f 4591/3610/4286 4730/3749/4286 4729/3748/4245
f 4586/3605/4283 4730/3749/4286 4591/3610/4286
f 4731/3750/4136 4476/3495/4194 4475/3494/4205
f 4732/3751/4382 4733/3752/4305 4734/3753/4140
f 4733/3752/4305 4735/3754/4383 4734/3753/4140
f 4736/3755/4384 4735/3754/4383 4733/3752/4305
f 4736/3755/4384 4737/3756/4385 4735/3754/4383
f 4738/3757/4386 4734/3753/4140 4735/3754/4383
f 4735/3754/4383 4739/3758/4387 4738/3757/4386
f 4739/3758/4387 4735/3754/4383 4737/3756/4385
f 4740/3759/4388 4738/3757/4386 4739/3758/4387
f 4739/3758/4387 4741/3760/4354 4740/3759/4388
f 4741/3760/4354 4742/3761/4389 4740/3759/4388
f 4741/3760/4354 4743/3762/4390 4742/3761/4389
f 4737/3756/4385 4744/3763/4114 4739/3758/4387
f 4739/3758/4387 4744/3763/4114 4741/3760/4354
f 4736/3755/4384 4745/3764/4391 4737/3756/4385
f 4745/3764/4391 4746/3765/4392 4737/3756/4385
f 4745/3764/4391 4747/3766/4245 4746/3765/4392
f 4747/3766/4245 4748/3767/4393 4746/3765/4392
f 4744/3763/4114 4749/3768/4394 4741/3760/4354
f 4749/3768/4394 4743/3762/4390 4741/3760/4354
f 4749/3768/4394 4750/3769/4395 4743/3762/4390
f 4749/3768/4394 4744/3763/4114 4751/3770/4396
f 4751/3770/4396 4750/3769/4395 4749/3768/4394
f 4737/3756/4385 4746/3765/4392 4752/3771/4397
f 4751/3770/4396 4744/3763/4114 4752/3771/4397
f 4748/3767/4393 4752/3771/4397 4746/3765/4392
f 4737/3756/4385 4752/3771/4397 4744/3763/4114
f 4753/3772/4398 4751/3770/4396 4752/3771/4397
f 4752/3771/4397 4748/3767/4393 4754/3773/4219
f 4752/3771/4397 4754/3773/4219 4753/3772/4398
f 4753/3772/4398 4754/3773/4219 4755/3774/4399
f 4753/3772/4398 4755/3774/4399 4756/3775/4115
f 4757/3776/4400 4755/3774/4399 4754/3773/4219
f 4755/3774/4399 4757/3776/4400 4758/3777/4401
f 4755/3774/4399 4758/3777/4401 4759/3778/4402
f 4754/3773/4219 4760/3779/4403 4757/3776/4400
f 4760/3779/4403 4754/3773/4219 4748/3767/4393
f 4748/3767/4393 4761/3780/4404 4760/3779/4403
f 4762/3781/4204 4761/3780/4404 4748/3767/4393
f 4748/3767/4393 4747/3766/4245 4762/3781/4204
f 4763/3782/4405 4761/3780/4404 4762/3781/4204
f 4760/3779/4403 4761/3780/4404 4763/3782/4405
f 4762/3781/4204 4764/3783/4406 4763/3782/4405
f 4763/3782/4405 4765/3784/4407 4760/3779/4403
f 4760/3779/4403 4765/3784/4407 4757/3776/4400
f 4757/3776/4400 4765/3784/4407 4766/3785/4408
f 4758/3777/4401 4757/3776/4400 4766/3785/4408
f 4766/3785/4408 4767/3786/4409 4758/3777/4401
f 4766/3785/4408 4765/3784/4407 4768/3787/4410
f 4768/3787/4410 4769/3788/4411 4766/3785/4408
f 4768/3787/4410 4770/3789/4284 4769/3788/4411
f 4771/3790/4412 4768/3787/4410 4765/3784/4407
f 4765/3784/4407 4763/3782/4405 4771/3790/4412
f 4763/3782/4405 4764/3783/4406 4772/3791/4413
f 4772/3791/4413 4771/3790/4412 4763/3782/4405
f 4773/3792/4364 4770/3789/4284 4768/3787/4410
f 4768/3787/4410 4771/3790/4412 4773/3792/4364
f 4772/3791/4413 4774/3793/4414 4771/3790/4412
f 4773/3792/4364 4771/3790/4412 4774/3793/4414
f 4769/3788/4411 4775/3794/4415 4766/3785/4408
f 4766/3785/4408 4775/3794/4415 4767/3786/4409
f 4776/3795/4416 4775/3794/4415 4769/3788/4411
f 4777/3796/4417 4775/3794/4415 4776/3795/4416
f 4769/3788/4411 4778/3797/4418 4776/3795/4416
f 4778/3797/4418 4769/3788/4411 4770/3789/4284
f 4775/3794/4415 4779/3798/4419 4767/3786/4409
f 4780/3799/4416 4770/3789/4284 4773/3792/4364
f 4780/3799/4416 4778/3797/4418 4770/3789/4284
f 4780/3799/4416 4781/3800/4420 4778/3797/4418
f 4773/3792/4364 4782/3801/4421 4780/3799/4416
f 4782/3801/4421 4773/3792/4364 4774/3793/4414
f 4783/3802/4147 4781/3800/4420 4780/3799/4416
f 4783/3802/4147 4780/3799/4416 4782/3801/4421
f 4784/3803/4422 4781/3800/4420 4783/3802/4147
f 4783/3802/4147 4785/3804/4423 4784/3803/4422
f 4785/3804/4423 4783/3802/4147 4786/3805/4154
f 4782/3801/4421 4786/3805/4154 4783/3802/4147
f 4786/3805/4154 4787/3806/4424 4785/3804/4423
f 4788/3807/4425 4787/3806/4424 4786/3805/4154
f 4774/3793/4414 4788/3807/4425 4782/3801/4421
f 4782/3801/4421 4788/3807/4425 4786/3805/4154
f 4789/3808/4426 4787/3806/4424 4788/3807/4425
f 4779/3798/4419 4775/3794/4415 4790/3809/4231
f 4777/3796/4417 4790/3809/4231 4775/3794/4415
f 4790/3809/4231 4777/3796/4417 4791/3810/4427
f 4791/3810/4427 4792/3811/4428 4790/3809/4231
f 4791/3810/4427 4777/3796/4417 4793/3812/4429
f 4781/3800/4420 4784/3803/4422 4794/3813/4430
f 4794/3813/4430 4795/3814/4431 4781/3800/4420
f 4778/3797/4418 4781/3800/4420 4795/3814/4431
f 4795/3814/4431 4796/3815/4432 4778/3797/4418
f 4797/3816/4433 4793/3812/4429 4776/3795/4416
f 4797/3816/4433 4798/3817/4434 4793/3812/4429
f 4777/3796/4417 4776/3795/4416 4793/3812/4429
f 4790/3809/4231 4799/3818/4428 4800/3819/4435
f 4801/3820/4436 4800/3819/4435 4799/3818/4428
f 4790/3809/4231 4800/3819/4435 4779/3798/4419
f 4800/3819/4435 4802/3821/4437 4779/3798/4419
f 4803/3822/4438 4802/3821/4437 4800/3819/4435
f 4804/3823/4439 4802/3821/4437 4803/3822/4438
f 4804/3823/4439 4803/3822/4438 4805/3824/4440
f 4802/3821/4437 4804/3823/4439 4767/3786/4409
f 4767/3786/4409 4779/3798/4419 4802/3821/4437
f 4758/3777/4401 4767/3786/4409 4804/3823/4439
f 4758/3777/4401 4804/3823/4439 4806/3825/4441
f 4807/3826/4442 4805/3824/4440 4803/3822/4438
f 4807/3826/4442 4803/3822/4438 4800/3819/4435
f 4800/3819/4435 4801/3820/4436 4807/3826/4442
f 4808/3827/4443 4805/3824/4440 4807/3826/4442
f 4758/3777/4401 4806/3825/4441 4759/3778/4402
f 4809/3828/4444 4759/3778/4402 4806/3825/4441
f 4810/3829/4445 4809/3828/4444 4806/3825/4441
f 4811/3830/4446 4809/3828/4444 4810/3829/4445
f 4810/3829/4445 4812/3831/4447 4811/3830/4446
f 4813/3832/4448 4812/3831/4447 4810/3829/4445
f 4810/3829/4445 4814/3833/4449 4813/3832/4448
f 4814/3833/4449 4810/3829/4445 4815/3834/4450
f 4815/3834/4450 4810/3829/4445 4806/3825/4441
f 4804/3823/4439 4815/3834/4450 4806/3825/4441
f 4815/3834/4450 4816/3835/4451 4814/3833/4449
f 4804/3823/4439 4816/3835/4451 4815/3834/4450
f 4814/3833/4449 4816/3835/4451 4817/3836/4443
f 4817/3836/4443 4813/3832/4448 4814/3833/4449
f 4818/3837/4452 4759/3778/4402 4809/3828/4444
f 4809/3828/4444 4811/3830/4446 4819/3838/4453
f 4819/3838/4453 4818/3837/4452 4809/3828/4444
f 4811/3830/4446 4820/3839/4454 4819/3838/4453
f 4811/3830/4446 4812/3831/4447 4820/3839/4454
f 4819/3838/4453 4756/3775/4115 4818/3837/4452
f 4819/3838/4453 4821/3840/4455 4756/3775/4115
f 4756/3775/4115 4821/3840/4455 4822/3841/4456
f 4756/3775/4115 4822/3841/4456 4753/3772/4398
f 4753/3772/4398 4822/3841/4456 4751/3770/4396
f 4821/3840/4455 4819/3838/4453 4823/3842/4457
f 4819/3838/4453 4820/3839/4454 4823/3842/4457
f 4756/3775/4115 4755/3774/4399 4818/3837/4452
f 4818/3837/4452 4755/3774/4399 4759/3778/4402
f 4751/3770/4396 4822/3841/4456 4750/3769/4395
f 4824/3843/4458 4825/3844/4432 4826/3845/4456
f 4824/3843/4458 4826/3845/4456 4827/3846/4455
f 4827/3846/4455 4828/3847/4427 4824/3843/4458
f 4829/3848/4428 4828/3847/4427 4827/3846/4455
f 4827/3846/4455 4830/3849/4459 4829/3848/4428
f 4829/3848/4428 4830/3849/4459 4831/3850/4460
f 4829/3848/4428 4831/3850/4460 4832/3851/4461
f 4833/3852/4462 4832/3851/4461 4831/3850/4460
f 4826/3845/4456 4825/3844/4432 4834/3853/4463
f 4825/3844/4432 4835/3854/4464 4834/3853/4463
f 4834/3853/4463 4835/3854/4464 4836/3855/4465
f 4836/3855/4465 4835/3854/4464 4837/3856/4430
f 4838/3851/4461 4839/3857/4462 4840/3858/4443
f 4840/3858/4443 4839/3857/4462 4841/3859/4466
f 4838/3851/4461 4840/3858/4443 4842/3860/4442
f 4843/3752/4208 4844/3751/4467 4845/3753/4468
f 4845/3753/4468 4846/3754/4469 4843/3752/4208
f 4847/3755/4470 4843/3752/4208 4846/3754/4469
f 4846/3754/4469 4848/3756/4471 4847/3755/4470
f 4846/3754/4469 4845/3753/4468 4849/3757/4472
f 4849/3757/4472 4850/3758/4473 4846/3754/4469
f 4846/3754/4469 4850/3758/4473 4848/3756/4471
f 4850/3758/4473 4849/3757/4472 4851/3759/4474
f 4850/3758/4473 4851/3759/4474 4852/3760/4475
f 4852/3760/4475 4851/3759/4474 4853/3761/4476
f 4853/3761/4476 4854/3762/4477 4852/3760/4475
f 4848/3756/4471 4850/3758/4473 4855/3763/4364
f 4850/3758/4473 4852/3760/4475 4855/3763/4364
f 4856/3764/4478 4847/3755/4470 4848/3756/4471
f 4848/3756/4471 4857/3765/4232 4856/3764/4478
f 4858/3766/4289 4856/3764/4478 4857/3765/4232
f 4857/3765/4232 4859/3767/4479 4858/3766/4289
f 4855/3763/4364 4852/3760/4475 4860/3768/4480
f 4860/3768/4480 4852/3760/4475 4854/3762/4477
f 4860/3768/4480 4854/3762/4477 4861/3769/4481
f 4860/3768/4480 4862/3770/4482 4855/3763/4364
f 4862/3770/4482 4860/3768/4480 4861/3769/4481
f 4848/3756/4471 4863/3771/4169 4857/3765/4232
f 4862/3770/4482 4863/3771/4169 4855/3763/4364
f 4859/3767/4479 4857/3765/4232 4863/3771/4169
f 4848/3756/4471 4855/3763/4364 4863/3771/4169
f 4864/3772/4483 4863/3771/4169 4862/3770/4482
f 4863/3771/4169 4865/3773/4484 4859/3767/4479
f 4863/3771/4169 4864/3772/4483 4865/3773/4484
f 4864/3772/4483 4866/3774/4330 4865/3773/4484
f 4864/3772/4483 4867/3775/4231 4866/3774/4330
f 4865/3773/4484 4866/3774/4330 4868/3776/4485
f 4866/3774/4330 4869/3777/4486 4868/3776/4485
f 4866/3774/4330 4870/3778/4487 4869/3777/4486
f 4868/3776/4485 4871/3779/4488 4865/3773/4484
f 4859/3767/4479 4865/3773/4484 4871/3779/4488
f 4871/3779/4488 4872/3780/4489 4859/3767/4479
f 4873/3781/4285 4858/3766/4289 4859/3767/4479
f 4859/3767/4479 4872/3780/4489 4873/3781/4285
f 4873/3781/4285 4872/3780/4489 4874/3782/4490
f 4874/3782/4490 4872/3780/4489 4871/3779/4488
f 4873/3781/4285 4874/3782/4490 4875/3783/4491
f 4871/3779/4488 4876/3784/4492 4874/3782/4490
f 4876/3784/4492 4871/3779/4488 4868/3776/4485
f 4868/3776/4485 4877/3785/4493 4876/3784/4492
f 4877/3785/4493 4868/3776/4485 4869/3777/4486
f 4869/3777/4486 4878/3786/4494 4877/3785/4493
f 4879/3787/4495 4876/3784/4492 4877/3785/4493
f 4877/3785/4493 4880/3788/4496 4879/3787/4495
f 4879/3787/4495 4880/3788/4496 4881/3789/4497
f 4882/3790/4498 4876/3784/4492 4879/3787/4495
f 4882/3790/4498 4874/3782/4490 4876/3784/4492
f 4875/3783/4491 4874/3782/4490 4883/3791/4498
f 4883/3791/4498 4874/3782/4490 4882/3790/4498
f 4884/3792/4114 4882/3790/4498 4879/3787/4495
f 4879/3787/4495 4881/3789/4497 4884/3792/4114
f 4883/3791/4498 4882/3790/4498 4885/3793/4499
f 4885/3793/4499 4882/3790/4498 4884/3792/4114
f 4880/3788/4496 4877/3785/4493 4886/3794/4500
f 4877/3785/4493 4878/3786/4494 4886/3794/4500
f 4887/3795/4501 4880/3788/4496 4886/3794/4500
f 4886/3794/4500 4888/3796/4120 4887/3795/4501
f 4880/3788/4496 4887/3795/4501 4889/3797/4502
f 4889/3797/4502 4881/3789/4497 4880/3788/4496
f 4886/3794/4500 4878/3786/4494 4890/3798/4503
f 4884/3792/4114 4881/3789/4497 4891/3799/4504
f 4891/3799/4504 4881/3789/4497 4889/3797/4502
f 4891/3799/4504 4889/3797/4502 4892/3800/4505
f 4891/3799/4504 4893/3801/4354 4884/3792/4114
f 4893/3801/4354 4885/3793/4499 4884/3792/4114
f 4894/3802/4506 4891/3799/4504 4892/3800/4505
f 4893/3801/4354 4891/3799/4504 4894/3802/4506
f 4894/3802/4506 4892/3800/4505 4895/3803/4474
f 4895/3803/4474 4896/3804/4507 4894/3802/4506
f 4897/3805/4223 4894/3802/4506 4896/3804/4507
f 4894/3802/4506 4897/3805/4223 4893/3801/4354
f 4898/3806/4508 4897/3805/4223 4896/3804/4507
f 4899/3807/4509 4897/3805/4223 4898/3806/4508
f 4899/3807/4509 4885/3793/4499 4893/3801/4354
f 4893/3801/4354 4897/3805/4223 4899/3807/4509
f 4900/3808/4510 4899/3807/4509 4898/3806/4508
f 4890/3798/4503 4901/3809/4115 4886/3794/4500
f 4888/3796/4120 4886/3794/4500 4901/3809/4115
f 4902/3810/4511 4888/3796/4120 4901/3809/4115
f 4901/3809/4115 4903/3811/4512 4902/3810/4511
f 4904/3812/4513 4888/3796/4120 4902/3810/4511
f 4904/3812/4513 4887/3795/4501 4888/3796/4120
f 4887/3795/4501 4904/3812/4513 4905/3816/4514
f 4904/3812/4513 4906/3817/4515 4905/3816/4514
f 4901/3809/4115 4907/3819/4516 4908/3818/4517
f 4909/3820/4518 4908/3818/4517 4907/3819/4516
f 4901/3809/4115 4890/3798/4503 4907/3819/4516
f 4910/3821/4519 4907/3819/4516 4890/3798/4503
f 4907/3819/4516 4910/3821/4519 4911/3822/4520
f 4911/3822/4520 4910/3821/4519 4912/3823/4521
f 4912/3823/4521 4913/3824/4522 4911/3822/4520
f 4910/3821/4519 4878/3786/4494 4912/3823/4521
f 4878/3786/4494 4910/3821/4519 4890/3798/4503
f 4869/3777/4486 4912/3823/4521 4878/3786/4494
f 4869/3777/4486 4914/3825/4523 4912/3823/4521
f 4915/3826/4524 4911/3822/4520 4913/3824/4522
f 4909/3820/4518 4907/3819/4516 4915/3826/4524
f 4911/3822/4520 4915/3826/4524 4907/3819/4516
f 4916/3827/4525 4915/3826/4524 4913/3824/4522
f 4869/3777/4486 4870/3778/4487 4914/3825/4523
f 4917/3828/4526 4914/3825/4523 4870/3778/4487
f 4918/3829/4527 4914/3825/4523 4917/3828/4526
f 4919/3830/4528 4918/3829/4527 4917/3828/4526
f 4918/3829/4527 4919/3830/4528 4920/3831/4529
f 4918/3829/4527 4920/3831/4529 4921/3832/4530
f 4921/3832/4530 4922/3833/4531 4918/3829/4527
f 4923/3834/4532 4918/3829/4527 4922/3833/4531
f 4923/3834/4532 4914/3825/4523 4918/3829/4527
f 4912/3823/4521 4914/3825/4523 4923/3834/4532
f 4922/3833/4531 4924/3835/4522 4923/3834/4532
f 4912/3823/4521 4923/3834/4532 4924/3835/4522
f 4922/3833/4531 4925/3836/4533 4924/3835/4522
f 4922/3833/4531 4921/3832/4530 4925/3836/4533
f 4926/3837/4534 4917/3828/4526 4870/3778/4487
f 4917/3828/4526 4926/3837/4534 4927/3838/4535
f 4927/3838/4535 4919/3830/4528 4917/3828/4526
f 4919/3830/4528 4927/3838/4535 4928/3839/4536
f 4919/3830/4528 4928/3839/4536 4920/3831/4529
f 4927/3838/4535 4926/3837/4534 4867/3775/4231
f 4927/3838/4535 4867/3775/4231 4929/3840/4537
f 4867/3775/4231 4930/3841/4538 4929/3840/4537
f 4867/3775/4231 4864/3772/4483 4930/3841/4538
f 4864/3772/4483 4862/3770/4482 4930/3841/4538
f 4929/3840/4537 4931/3842/4539 4927/3838/4535
f 4927/3838/4535 4931/3842/4539 4928/3839/4536
f 4867/3775/4231 4926/3837/4534 4866/3774/4330
f 4926/3837/4534 4870/3778/4487 4866/3774/4330
f 4862/3770/4482 4861/3769/4481 4930/3841/4538
f 4932/3843/4540 4933/3845/4538 4934/3844/4515
f 4935/3846/4541 4933/3845/4538 4932/3843/4540
f 4932/3843/4540 4936/3847/4542 4935/3846/4541
f 4935/3846/4541 4936/3847/4542 4937/3848/4512
f 4937/3848/4512 4938/3849/4543 4935/3846/4541
f 4937/3848/4512 4939/3850/4544 4938/3849/4543
f 4937/3848/4512 4940/3851/4545 4939/3850/4544
f 4941/3852/4546 4939/3850/4544 4940/3851/4545
f 4933/3845/4538 4942/3853/4481 4934/3844/4515
f 4943/3854/4547 4934/3844/4515 4942/3853/4481
f 4942/3853/4481 4944/3855/4548 4943/3854/4547
f 4944/3855/4548 4945/3856/4476 4943/3854/4547
f 4946/3857/4546 4947/3851/4518 4948/3858/4549
f 4946/3857/4546 4948/3858/4549 4949/3859/4550
f 4948/3858/4549 4947/3851/4518 4950/3860/4551
f 4892/3800/4505 4951/3814/4552 4952/3813/4553
f 4952/3813/4553 4895/3803/4474 4892/3800/4505
f 4951/3814/4552 4892/3800/4505 4889/3797/4502
f 4889/3797/4502 4953/3815/4515 4951/3814/4552
o head
v 0.037865 7.384299 0.368960
v 0.038116 7.422737 0.351245
v 0.018501 7.430106 0.371745
v 0.020261 7.392287 0.396999
v 0.020512 7.475962 0.345864
v 0.040379 7.469151 0.328875
v 0.065017 7.458797 0.310429
v 0.062000 7.418344 0.328183
v 0.105249 7.431530 0.303827
v 0.000399 7.432198 0.376740
v 0.001907 7.477065 0.351881
v 0.083370 7.385026 0.320671
v 0.039373 7.365390 0.381842
v 0.056469 7.358362 0.351273
v 0.055715 7.375681 0.333394
v 0.044150 7.344145 0.374131
v 0.054207 7.337829 0.356632
v 0.042642 7.330312 0.358261
v 0.026294 7.327571 0.375403
v 0.027551 7.339297 0.354094
v 0.015987 7.322981 0.371454
v 0.034094 7.349545 0.397183
v 0.021769 7.372887 0.409883
v 0.020763 7.350346 0.415777
v 0.016489 7.332620 0.408015
v -0.001864 7.347458 0.423870
v -0.002115 7.327170 0.413132
v -0.000355 7.373505 0.417417
v -0.001612 7.321828 0.393605
v -0.000355 7.318994 0.374032
v -0.000607 7.395431 0.404492
v -0.019463 7.332612 0.407513
v -0.021977 7.348845 0.416304
v -0.033044 7.349033 0.396688
v -0.021977 7.372378 0.409891
v -0.038324 7.365893 0.381834
v -0.043101 7.344145 0.374131
v -0.025496 7.328073 0.375395
v -0.020468 7.392795 0.396991
v -0.037318 7.384291 0.368458
v -0.017703 7.430106 0.371745
v -0.037318 7.422729 0.350742
v -0.015943 7.475962 0.345864
v -0.036061 7.471147 0.327838
v -0.061454 7.418838 0.327672
v -0.060197 7.462771 0.307348
v -0.104702 7.432025 0.303316
v -0.054666 7.375681 0.333394
v -0.082572 7.385026 0.320671
v -0.106965 7.361252 0.311996
v -0.160521 7.426317 0.292344
v -0.190942 7.377820 0.279042
v -0.137637 7.329319 0.296416
v -0.101434 7.305861 0.307856
v -0.140905 7.271230 0.280754
v -0.166303 7.291154 0.268862
v -0.181640 7.244785 0.231387
v -0.152476 7.236155 0.257676
v -0.144933 7.196205 0.244236
v -0.166052 7.172126 0.185277
v -0.113250 7.160599 0.250340
v -0.120290 7.131946 0.220124
v -0.115261 7.109202 0.181761
v -0.149459 7.136225 0.142097
v -0.071007 7.129761 0.271957
v -0.075784 7.103878 0.257286
v -0.040084 7.114474 0.290814
v -0.040587 7.085188 0.283741
v -0.211312 7.336012 0.243500
v -0.239973 7.391413 0.216963
v -0.255057 7.347397 0.138203
v -0.275930 7.414594 0.126060
v -0.273667 7.372162 0.020621
v -0.262857 7.326127 0.034938
v -0.285232 7.434754 0.003523
v -0.285986 7.495810 0.109669
v -0.292272 7.504879 -0.014198
v -0.261599 7.491875 0.178130
v -0.258331 7.546810 0.185294
v -0.276936 7.604006 0.113966
v -0.251538 7.646441 0.188221
v -0.242487 7.586223 0.227915
v -0.227402 7.554907 0.251048
v -0.233184 7.519749 0.222445
v -0.235699 7.490994 0.216872
v -0.252040 7.438852 0.196080
v -0.233184 7.457489 0.228977
v -0.220614 7.422646 0.251664
v -0.201004 7.581175 0.289354
v -0.208295 7.614195 0.278766
v -0.170326 7.593118 0.312798
v -0.149710 7.630513 0.323770
v -0.130849 7.589921 0.332971
v -0.090623 7.614369 0.352191
v -0.090874 7.577563 0.346244
v -0.046872 7.606956 0.360356
v -0.043101 7.554492 0.350135
v -0.189685 7.554036 0.290796
v -0.213574 7.530880 0.257972
v -0.214831 7.512506 0.241169
v -0.211312 7.499921 0.240365
v -0.200501 7.508605 0.248775
v -0.185411 7.482292 0.270324
v -0.181640 7.502562 0.279553
v -0.199238 7.457033 0.263181
v -0.205529 7.523841 0.258085
v -0.183399 7.542352 0.283440
v -0.159515 7.549195 0.302440
v -0.148956 7.490270 0.297352
v -0.150967 7.465506 0.289703
v -0.110736 7.470646 0.296661
v -0.082321 7.484723 0.296435
v -0.114004 7.490326 0.300871
v -0.086349 7.502333 0.296655
v -0.073270 7.500290 0.294676
v -0.064974 7.497313 0.297239
v -0.114759 7.495792 0.296760
v -0.147196 7.496243 0.293233
v -0.133614 7.525376 0.228390
v -0.087606 7.506721 0.288036
v -0.080812 7.508124 0.281475
v -0.084841 7.517327 0.290883
v -0.105959 7.527536 0.300273
v -0.071007 7.503178 0.286584
v -0.128838 7.535118 0.302666
v -0.128083 7.538717 0.307637
v -0.102691 7.529635 0.305772
v -0.079304 7.518007 0.301935
v -0.154990 7.537048 0.297606
v -0.175606 7.530270 0.282628
v -0.176109 7.520696 0.250089
v -0.176360 7.505573 0.279505
v -0.187422 7.519348 0.260168
v -0.157755 7.542140 0.301548
v -0.179377 7.533335 0.285597
v -0.197981 7.518359 0.261190
v -0.194210 7.517305 0.258190
v -0.098417 7.534241 0.310726
v -0.127329 7.544783 0.309551
v -0.092634 7.557611 0.325443
v -0.071762 7.523635 0.307879
v -0.060197 7.539592 0.330762
v -0.127329 7.566641 0.323790
v -0.021222 7.512547 0.337733
v 0.000399 7.555565 0.354644
v 0.001656 7.511615 0.342274
v 0.024535 7.511550 0.338252
v 0.044402 7.551973 0.350175
v 0.047921 7.599415 0.360477
v 0.091918 7.573038 0.346317
v 0.091667 7.610347 0.352255
v 0.132150 7.584910 0.334057
v 0.151760 7.625477 0.323348
v 0.107009 7.682601 0.341540
v 0.164839 7.675517 0.307452
v 0.219149 7.672106 0.251681
v 0.171375 7.589614 0.313860
v 0.210847 7.609654 0.277833
v 0.203305 7.576651 0.289427
v 0.232474 7.555408 0.250537
v 0.246553 7.588202 0.225872
v 0.262392 7.547773 0.182262
v 0.256358 7.646911 0.186201
v 0.279745 7.607452 0.109385
v 0.240771 7.520227 0.220929
v 0.281756 7.499426 0.115646
v 0.299858 7.588897 0.018649
v 0.264655 7.492838 0.175098
v 0.243033 7.491983 0.215851
v 0.275471 7.414546 0.123043
v 0.278739 7.432662 -0.001472
v 0.268683 7.376821 0.028592
v 0.257867 7.439825 0.194053
v 0.240016 7.457968 0.227461
v 0.242782 7.391413 0.216963
v 0.253593 7.346367 0.136710
v 0.225686 7.422654 0.252166
v 0.209595 7.335510 0.243508
v 0.214372 7.282232 0.183006
v 0.242279 7.283935 0.069818
v 0.257364 7.327707 0.039444
v 0.208087 7.220247 0.112586
v 0.192494 7.377307 0.278044
v 0.166599 7.291146 0.268359
v 0.139189 7.329311 0.295913
v 0.108014 7.361252 0.311996
v 0.161822 7.424832 0.293877
v 0.103992 7.306843 0.306332
v 0.068286 7.339681 0.315360
v 0.146486 7.272227 0.280235
v 0.155034 7.237647 0.256646
v 0.177912 7.244266 0.230390
v 0.145480 7.197695 0.242704
v 0.163079 7.171607 0.184279
v 0.115305 7.162098 0.249813
v 0.121590 7.132441 0.219613
v 0.072308 7.130264 0.271949
v 0.071554 7.161594 0.281006
v 0.076834 7.103878 0.257286
v 0.041133 7.114474 0.290814
v 0.041636 7.085188 0.283741
v 0.036859 7.149665 0.289746
v 0.036356 7.173496 0.301936
v 0.072057 7.186398 0.291168
v 0.105249 7.212418 0.282704
v 0.000148 7.145237 0.295852
v 0.000650 7.111116 0.300926
v 0.039876 7.065655 0.257397
v 0.076582 7.081729 0.224954
v 0.042642 7.063728 0.200093
v 0.000650 7.059763 0.203677
v 0.000650 7.078437 0.113857
v 0.089410 7.086484 0.176594
v 0.079096 7.092256 0.097537
v 0.000650 7.061738 0.263997
v 0.116059 7.108700 0.181769
v 0.000399 7.040387 0.062162
v 0.090918 7.061007 0.030647
v 0.142458 7.134414 0.060652
v 0.070548 7.208224 0.303390
v 0.033842 7.191472 0.325288
v 0.035602 7.214182 0.329953
v 0.000148 7.209755 0.336058
v -0.000104 7.188553 0.331370
v 0.069794 7.224418 0.309667
v 0.107009 7.246176 0.286688
v 0.029814 7.233669 0.322096
v 0.072057 7.238941 0.305914
v 0.069291 7.241673 0.319448
v 0.037613 7.246432 0.333961
v 0.051692 7.261060 0.336743
v 0.079348 7.252214 0.318273
v 0.121339 7.256806 0.291043
v 0.131898 7.233454 0.277337
v 0.091918 7.276264 0.312355
v 0.047670 7.296145 0.329139
v 0.024032 7.267271 0.347707
v 0.022020 7.294385 0.344757
v 0.042893 7.317310 0.331817
v 0.017244 7.315598 0.350451
v 0.047167 7.323997 0.340761
v -0.000104 7.292390 0.345795
v -0.000858 7.263792 0.350277
v -0.001361 7.241533 0.342086
v 0.000399 7.229185 0.324683
v -0.028016 7.232655 0.321604
v -0.035810 7.245929 0.333969
v -0.064219 7.239662 0.319480
v -0.065476 7.235941 0.306968
v -0.063968 7.221920 0.310713
v -0.033547 7.213177 0.329969
v -0.032541 7.190467 0.325305
v -0.065476 7.205721 0.304436
v -0.102942 7.244164 0.286720
v -0.068242 7.183893 0.291711
v -0.034804 7.172491 0.301952
v -0.070002 7.160596 0.281525
v -0.099171 7.208899 0.282761
v -0.124312 7.230964 0.278886
v -0.035558 7.149665 0.289746
v -0.116016 7.254284 0.290581
v -0.085589 7.273255 0.312906
v -0.073522 7.250722 0.319303
v -0.049386 7.262066 0.336727
v -0.046369 7.295643 0.329147
v -0.024742 7.269249 0.345664
v -0.021222 7.294385 0.344757
v -0.041341 7.317310 0.331817
v -0.017200 7.315598 0.350451
v -0.054917 7.320633 0.319186
v -0.067236 7.339179 0.315368
v -0.058688 7.328960 0.336659
v -0.065476 7.345462 0.330862
v -0.044861 7.323493 0.340769
v -0.053409 7.337327 0.356640
v -0.055420 7.357860 0.351281
v -0.064219 7.359378 0.320581
v 0.000148 7.306070 0.352113
v -0.042095 7.329810 0.358269
v -0.026753 7.338795 0.354102
v -0.015189 7.322973 0.370951
v 0.059486 7.328960 0.336659
v 0.055966 7.321136 0.319178
v 0.066526 7.345462 0.330862
v 0.064263 7.359880 0.320572
v 0.151508 7.464524 0.291228
v 0.203556 7.456546 0.264194
v 0.189477 7.481303 0.271346
v 0.150000 7.488315 0.300903
v 0.113797 7.469170 0.298696
v 0.117065 7.488339 0.302412
v 0.184449 7.503089 0.281053
v 0.205573 7.509107 0.248766
v 0.088650 7.478722 0.298543
v 0.217138 7.500415 0.239854
v 0.092421 7.495821 0.298268
v 0.117819 7.493308 0.298309
v 0.093427 7.500217 0.290152
v 0.128127 7.520988 0.237009
v 0.148240 7.494289 0.296784
v 0.178666 7.506105 0.281005
v 0.086639 7.501620 0.283591
v 0.090410 7.511829 0.292982
v 0.075828 7.495676 0.289219
v 0.080353 7.492278 0.296817
v 0.070046 7.489831 0.301382
v 0.083370 7.509995 0.304075
v 0.104997 7.524121 0.306866
v 0.106506 7.522021 0.301368
v 0.129133 7.534217 0.309218
v 0.129887 7.531631 0.304734
v 0.156542 7.533050 0.299179
v 0.159308 7.537137 0.303137
v 0.128379 7.539788 0.311643
v 0.161068 7.543689 0.304037
v 0.182186 7.529321 0.286164
v 0.186460 7.537341 0.284527
v 0.201796 7.520873 0.261150
v 0.190986 7.520330 0.258644
v 0.177661 7.526766 0.283691
v 0.180678 7.520712 0.251095
v 0.209847 7.525852 0.258052
v 0.195762 7.518870 0.261685
v 0.127624 7.561616 0.324373
v 0.093684 7.554121 0.327008
v 0.163330 7.561390 0.310290
v 0.192243 7.550533 0.291858
v 0.062755 7.536583 0.331313
v 0.041636 7.501747 0.322820
v -0.037067 7.505210 0.319244
v -0.047878 7.497443 0.305283
v 0.052950 7.491985 0.309896
v 0.066526 7.522783 0.317454
v 0.099466 7.528751 0.313329
v 0.177409 7.169772 0.101327
v 0.208841 7.217576 0.040207
v 0.147240 7.135211 0.141610
v 0.213367 7.248469 -0.040259
v 0.230211 7.264859 0.009269
v 0.258621 7.335731 -0.024557
v 0.256107 7.331921 -0.042605
v 0.292567 7.337427 -0.044202
v 0.280499 7.334177 -0.058734
v 0.305389 7.350453 -0.078613
v 0.291310 7.346772 -0.088612
v 0.268180 7.354877 -0.022350
v 0.316702 7.392514 -0.121531
v 0.301869 7.393885 -0.130103
v 0.323742 7.449415 -0.148601
v 0.273962 7.432751 -0.121172
v 0.292567 7.502971 -0.133363
v 0.238759 7.431277 -0.182003
v 0.208338 7.287671 -0.135946
v 0.258621 7.373771 -0.067416
v 0.337072 7.510311 -0.146059
v 0.327010 7.553998 -0.119096
v 0.343860 7.549642 -0.108465
v 0.353917 7.505485 -0.133403
v 0.339335 7.530628 -0.102125
v 0.341095 7.505719 -0.118823
v 0.341095 7.447054 -0.139008
v 0.332044 7.449307 -0.123952
v 0.324496 7.401474 -0.096028
v 0.326759 7.508784 -0.115855
v 0.326005 7.463383 -0.092999
v 0.312931 7.418841 -0.079203
v 0.317457 7.534946 -0.084091
v 0.305640 7.524228 -0.062289
v 0.286030 7.499617 -0.060385
v 0.331541 7.542155 -0.073640
v 0.318965 7.536501 -0.049914
v 0.319719 7.553708 -0.043150
v 0.332798 7.561787 -0.072447
v 0.305137 7.561583 -0.053837
v 0.301115 7.548947 -0.026472
v 0.292818 7.515378 -0.018390
v 0.312177 7.691554 -0.009150
v 0.315697 7.570261 -0.077109
v 0.305389 7.550444 -0.089871
v 0.318965 7.668336 -0.108360
v 0.313183 7.775435 -0.110080
v 0.295835 7.677150 -0.217136
v 0.281505 7.580285 -0.204512
v 0.236245 7.583008 -0.316716
v 0.300863 7.506970 -0.040890
v 0.284270 7.471853 -0.035297
v 0.273208 7.431067 -0.069845
v 0.296338 7.386120 -0.050013
v 0.274717 7.380848 -0.033836
v 0.283013 7.420550 -0.035479
v 0.125613 7.777216 0.314373
v 0.064766 7.796099 0.331168
v 0.053955 7.682868 0.358131
v 0.142960 7.857835 0.260767
v 0.210847 7.800549 0.232520
v 0.235742 7.838226 0.167037
v 0.255604 7.738359 0.180710
v 0.167353 7.901415 0.187143
v 0.089153 7.931952 0.209791
v 0.078342 7.886216 0.274398
v 0.187717 7.737902 0.277785
v 0.282259 7.795078 0.079713
v 0.254095 7.870545 0.081519
v 0.269180 7.876585 -0.012121
v 0.303126 7.786067 -0.011673
v 0.291813 7.721759 0.086422
v 0.282008 7.858145 -0.126997
v 0.288544 7.771317 -0.209591
v 0.225434 7.874403 -0.241928
v 0.221663 7.932932 -0.136245
v 0.208082 7.942331 -0.020720
v 0.188220 7.929519 0.089629
v 0.098706 7.977967 0.099914
v 0.001405 7.991695 0.109249
v 0.000902 8.009494 -0.035377
v 0.115305 7.992013 -0.027553
v 0.002159 7.943668 0.219158
v 0.122847 7.979834 -0.159633
v 0.118322 7.911730 -0.297851
v -0.000607 7.996734 -0.171974
v -0.000607 7.924998 -0.317179
v -0.001612 7.824117 -0.398038
v 0.123853 7.819444 -0.375830
v -0.003875 7.708774 -0.439943
v 0.129636 7.706774 -0.408223
v -0.004378 7.589634 -0.436521
v 0.131647 7.582042 -0.408231
v 0.118071 7.454766 -0.379026
v -0.001864 7.454274 -0.409700
v 0.104997 7.318699 -0.333593
v 0.001907 7.316365 -0.353671
v 0.087142 7.175956 -0.327780
v 0.000399 7.175593 -0.350404
v 0.154531 7.183947 -0.268562
v 0.182940 7.344618 -0.254039
v 0.217892 7.473297 -0.289804
v 0.232725 7.691048 -0.322474
v 0.233228 7.791544 -0.296926
v 0.202048 7.148219 -0.144770
v 0.166850 7.107628 -0.041518
v 0.000650 7.169003 0.304020
v 0.002159 7.893846 0.279807
v 0.001405 7.796244 0.340218
v 0.000650 7.683962 0.363645
v 0.000399 7.603956 0.361410
v -0.052152 7.682374 0.358642
v -0.104199 7.683120 0.342537
v -0.120541 7.777744 0.315874
v -0.060951 7.797128 0.332660
v -0.136129 7.856821 0.260281
v -0.201758 7.799033 0.232041
v -0.225391 7.835196 0.166582
v -0.245504 7.736343 0.180742
v -0.181640 7.737407 0.278296
v -0.161527 7.676538 0.308441
v -0.214329 7.672131 0.253189
v -0.160018 7.899901 0.187168
v -0.083835 7.931441 0.209296
v -0.073019 7.885705 0.273903
v -0.246258 7.868048 0.082564
v -0.274170 7.792093 0.081773
v -0.301071 7.788151 -0.007181
v -0.266879 7.877631 -0.009624
v -0.285232 7.719305 0.090490
v -0.315156 7.782522 -0.107176
v -0.285484 7.864195 -0.126089
v -0.308865 7.689599 -0.005598
v -0.297300 7.578476 0.027365
v -0.206032 7.942850 -0.019723
v -0.223379 7.935949 -0.136293
v -0.230670 7.879918 -0.243022
v -0.182645 7.928027 0.090659
v -0.095148 7.977473 0.100425
v 0.001405 7.991695 0.109249
v 0.000902 8.009494 -0.035377
v -0.113753 7.992524 -0.027058
v 0.002159 7.943668 0.219158
v -0.123809 7.980831 -0.160152
v -0.121044 7.912265 -0.295848
v -0.000607 7.996734 -0.171974
v -0.000607 7.924998 -0.317179
v -0.001612 7.824117 -0.398038
v -0.129340 7.818041 -0.369270
v -0.003875 7.708774 -0.439943
v -0.136883 7.702390 -0.399101
v -0.004378 7.589634 -0.436521
v -0.136883 7.581093 -0.404696
v -0.118781 7.457247 -0.381083
v -0.001864 7.454274 -0.409700
v -0.092886 7.329208 -0.336779
v 0.001907 7.316365 -0.353671
v -0.086344 7.175956 -0.327780
v 0.000399 7.175593 -0.350404
v -0.153733 7.183947 -0.268562
v -0.176863 7.353020 -0.263231
v -0.218603 7.480344 -0.289414
v -0.232933 7.439394 -0.177607
v -0.286489 7.582255 -0.207058
v -0.208043 7.284947 -0.148977
v -0.266376 7.419169 -0.121457
v -0.240224 7.586576 -0.313756
v -0.300317 7.683175 -0.217736
v -0.317921 7.669312 -0.109884
v -0.240727 7.694623 -0.319011
v -0.295540 7.780883 -0.209242
v -0.241984 7.798088 -0.296529
v -0.285735 7.481777 -0.137554
v -0.332000 7.467927 -0.154430
v -0.339291 7.522393 -0.145247
v -0.310625 7.394730 -0.140179
v -0.308111 7.554995 -0.087933
v -0.323201 7.397308 -0.136198
v -0.310876 7.343180 -0.093080
v -0.299060 7.341510 -0.103111
v -0.286992 7.326920 -0.072195
v -0.298808 7.330179 -0.057161
v -0.256817 7.322654 -0.056034
v -0.263611 7.329528 -0.035023
v -0.211060 7.240911 -0.041144
v -0.346331 7.465000 -0.148851
v -0.354879 7.522044 -0.135686
v -0.346331 7.509222 -0.119885
v -0.265119 7.367530 -0.079888
v -0.325464 7.402747 -0.110632
v -0.341051 7.462737 -0.133220
v -0.302580 7.378858 -0.063474
v -0.274421 7.348650 -0.034325
v -0.316659 7.410547 -0.094665
v -0.332252 7.466229 -0.103605
v -0.332000 7.513196 -0.122967
v -0.278193 7.433933 -0.078943
v -0.289003 7.492408 -0.070830
v -0.307356 7.522111 -0.068792
v -0.321692 7.530790 -0.092070
v -0.334263 7.537519 -0.080103
v -0.340297 7.529598 -0.103617
v -0.346079 7.553617 -0.111043
v -0.335269 7.559670 -0.078950
v -0.321190 7.567618 -0.085113
v -0.332252 7.554981 -0.120117
v -0.319681 7.544070 -0.048024
v -0.321190 7.528330 -0.057326
v -0.305848 7.552041 -0.052678
v -0.300568 7.539389 -0.026319
v -0.304088 7.502803 -0.049875
v -0.291015 7.473710 -0.044882
v -0.289506 7.414339 -0.046443
v -0.280958 7.373075 -0.047792
v -0.248269 7.284933 0.069299
v -0.220865 7.283247 0.183492
v -0.216843 7.222784 0.114053
v -0.212317 7.218102 0.041707
v -0.183399 7.172796 0.101781
v -0.145436 7.134325 0.055122
v -0.166052 7.107628 -0.041518
v -0.201250 7.148219 -0.144770
v -0.233184 7.261302 0.007315
v -0.080310 7.096664 0.089923
v -0.088355 7.086484 0.176594
v 0.000650 7.078437 0.113857
v -0.041592 7.063728 0.200093
v -0.090120 7.061007 0.030647
v 0.000650 7.059763 0.203677
v -0.038827 7.065655 0.257397
v 0.000650 7.061738 0.263997
v -0.075533 7.081729 0.224954
v 0.000399 7.040387 0.062162
v 0.000650 7.079268 0.290877
v 0.220909 7.513008 0.241160
v 0.218395 7.532396 0.258450
v 0.002159 7.893846 0.279807
v -0.162784 7.566399 0.308701
v -0.149459 7.579061 0.251666
v -0.180885 7.554851 0.247529
v -0.172589 7.546772 0.276832
v -0.148453 7.565428 0.279549
v -0.118027 7.565492 0.283572
v -0.109730 7.578631 0.256199
v -0.094394 7.546917 0.285881
v -0.079561 7.554541 0.259603
v -0.070002 7.517848 0.260695
v -0.086600 7.518260 0.286342
v -0.096154 7.491576 0.284759
v -0.082578 7.483623 0.259233
v -0.111490 7.463448 0.255534
v -0.118781 7.475440 0.282000
v -0.146442 7.462873 0.251018
v -0.146442 7.475383 0.278481
v -0.169320 7.490928 0.275717
v -0.176611 7.482431 0.247686
v -0.190690 7.517079 0.244112
v -0.180131 7.518083 0.275281
v -0.125821 7.493213 0.292778
v -0.142419 7.492679 0.290776
v -0.135374 7.518478 0.299916
v -0.112496 7.502798 0.294636
v -0.106965 7.518908 0.295383
v -0.111993 7.535005 0.295628
v -0.125821 7.545547 0.294452
v -0.143425 7.545514 0.292441
v -0.157504 7.534924 0.290600
v -0.156498 7.502223 0.290119
v -0.162281 7.518317 0.289861
v 0.151508 7.579612 0.254675
v 0.150503 7.565476 0.282566
v 0.174644 7.546821 0.279848
v 0.182940 7.555401 0.250537
v 0.120082 7.565541 0.286588
v 0.112037 7.578687 0.259718
v 0.096449 7.546463 0.288906
v 0.081610 7.554590 0.262620
v 0.072057 7.517897 0.263712
v 0.088650 7.518309 0.289358
v 0.098209 7.491625 0.287775
v 0.084879 7.483663 0.261747
v 0.113545 7.463488 0.258048
v 0.121088 7.475480 0.284514
v 0.148743 7.462921 0.254034
v 0.148491 7.475431 0.281498
v 0.171375 7.490976 0.278733
v 0.178918 7.482472 0.250200
v 0.192745 7.517630 0.247121
v 0.182438 7.518131 0.278297
v 0.128127 7.493254 0.295292
v 0.144720 7.492727 0.293792
v 0.137429 7.518527 0.302933
v 0.114802 7.502839 0.297150
v 0.109271 7.518454 0.298408
v 0.114048 7.535053 0.298644
v 0.128127 7.545595 0.297469
v 0.145475 7.545563 0.295458
v 0.159559 7.534972 0.293617
v 0.158553 7.502263 0.292633
v 0.164336 7.518357 0.292375
v 0.130138 7.533195 0.308229
v 0.151257 7.535847 0.316735
v 0.133407 7.534897 0.320271
v 0.156794 7.544133 0.331694
v 0.125613 7.534881 0.319265
v 0.116562 7.534370 0.318771
v 0.110780 7.525111 0.305844
v 0.103237 7.522645 0.308901
v 0.090410 7.512356 0.294483
v 0.126367 7.545114 0.330170
v 0.158553 7.535069 0.299650
v 0.159308 7.536292 0.313208
v 0.170370 7.531120 0.304239
v 0.173638 7.535311 0.314732
v 0.177661 7.542495 0.323674
v 0.085382 7.508375 0.297061
v 0.177912 7.529305 0.285158
v 0.187214 7.525842 0.288734
v 0.180175 7.531104 0.303234
v 0.206824 7.541767 0.309600
v 0.195260 7.522185 0.280244
v 0.205065 7.526385 0.291240
v 0.222417 7.533569 0.300177
v 0.195762 7.515805 0.258717
v 0.205316 7.516469 0.268769
v 0.210093 7.524707 0.280706
v 0.213613 7.521083 0.274227
v 0.226943 7.532711 0.278063
v 0.210093 7.513267 0.257249
v 0.220155 7.516916 0.265236
v 0.229960 7.515254 0.255708
v 0.243285 7.519251 0.254135
v -0.128335 7.537169 0.305148
v -0.132106 7.537882 0.318211
v -0.151470 7.539845 0.315162
v -0.159767 7.545600 0.329156
v -0.126575 7.538368 0.317198
v -0.117273 7.536349 0.316727
v -0.104953 7.526546 0.301295
v -0.097663 7.523587 0.304863
v -0.088360 7.512835 0.292966
v -0.128335 7.547636 0.330632
v -0.155996 7.538069 0.298596
v -0.158007 7.540809 0.312633
v -0.168566 7.534120 0.303185
v -0.175606 7.538311 0.313678
v -0.184405 7.546963 0.320077
v -0.083332 7.509356 0.295537
v -0.175354 7.530805 0.284631
v -0.185159 7.526329 0.287721
v -0.178874 7.531071 0.301223
v -0.197987 7.532165 0.306737
v -0.191947 7.522696 0.280739
v -0.209049 7.524293 0.286245
v -0.220111 7.529936 0.293194
v -0.189433 7.520873 0.261150
v -0.199993 7.519534 0.271737
v -0.205529 7.524252 0.283731
v -0.209300 7.521634 0.277235
v -0.226899 7.533400 0.289619
v -0.204272 7.515829 0.260225
v -0.217346 7.518488 0.269240
v -0.224888 7.515367 0.262747
v -0.239218 7.521464 0.266672
v -0.109441 5.546291 -0.264844
v -0.129565 5.812438 -0.353106
v 0.000650 5.833020 -0.354945
v 0.000650 5.548536 -0.250296
v 0.000650 6.162555 -0.476431
v -0.247488 6.139447 -0.474552
v -0.419164 6.017771 -0.372998
v -0.289419 5.757190 -0.312977
v -0.218553 6.351776 -0.522172
v 0.000650 6.370002 -0.499917
v -0.188914 6.519997 -0.514356
v 0.000650 6.537438 -0.493012
v -0.508453 6.171052 -0.354366
v -0.442955 6.315771 -0.462187
v -0.416059 6.554584 -0.461496
v -0.160756 6.677033 -0.474636
v -0.386731 6.697514 -0.410059
v -0.545159 6.137552 -0.279400
v -0.507344 5.947376 -0.242123
v -0.419120 5.764058 -0.198450
v -0.519717 5.893718 -0.113555
v -0.495330 5.810067 -0.093604
v -0.563397 6.274417 -0.321786
v -0.579428 6.624585 -0.391232
v -0.545247 6.422036 -0.419153
v -0.561392 6.494040 -0.421343
v -0.557675 6.294121 -0.229604
v -0.563709 6.297592 -0.232677
v -0.580685 6.301405 -0.323706
v -0.543651 6.134373 -0.195870
v -0.327841 6.803769 -0.346855
v -0.477234 6.776878 -0.290154
v -0.348703 6.829268 -0.261800
v -0.263223 6.882636 -0.245045
v -0.210492 6.909910 -0.323442
v -0.138113 6.821952 -0.426641
v -0.120000 6.915934 -0.386389
v 0.000650 6.904346 -0.419383
v 0.000650 7.010216 -0.382901
v -0.103915 7.013499 -0.353765
v -0.093350 7.110010 -0.342218
v 0.000650 7.114666 -0.365420
v 0.094400 7.110010 -0.342218
v 0.104964 7.013499 -0.353765
v 0.165560 7.083430 -0.269932
v 0.189422 6.968638 -0.298240
v 0.121306 6.915934 -0.386389
v 0.211541 6.909910 -0.323442
v 0.000650 6.812596 -0.445601
v 0.213804 6.933973 -0.233833
v 0.264021 6.882641 -0.245045
v 0.191199 7.059908 -0.200162
v 0.154482 7.213657 -0.256926
v 0.201988 7.177430 -0.133164
v 0.087371 7.205163 -0.316120
v 0.000399 7.204808 -0.338236
v -0.086322 7.205163 -0.316120
v -0.153684 7.213657 -0.256926
v -0.164511 7.083430 -0.269932
v -0.190149 7.059908 -0.200162
v -0.201190 7.177430 -0.133164
v -0.188373 6.968638 -0.298240
v -0.212503 6.933973 -0.233833
v -0.603055 6.407427 -0.389756
v -0.587221 6.409803 -0.398344
v -0.604372 6.479740 -0.404020
v -0.615117 6.476171 -0.397901
v -0.626994 6.545259 -0.394009
v -0.615937 6.549225 -0.397593
v -0.632962 6.605712 -0.376854
v -0.623414 6.608689 -0.379416
v -0.635728 6.659026 -0.344027
v -0.628442 6.662011 -0.346087
v -0.637739 6.694838 -0.305388
v -0.630951 6.696833 -0.306426
v -0.638559 6.723891 -0.260119
v -0.631956 6.725711 -0.261143
v -0.216526 6.212274 0.504786
v -0.300978 6.263882 0.431054
v -0.323102 6.206695 0.501858
v -0.252467 6.163671 0.546792
v -0.188373 6.173938 0.528529
v -0.171528 6.113486 0.552627
v -0.070723 6.100140 0.486356
v -0.089082 6.195768 0.447732
v -0.151186 6.253144 0.443848
v -0.058912 6.274517 0.349891
v -0.084567 6.370685 0.279544
v -0.269563 6.356143 0.290300
v -0.014680 6.196421 0.370244
v 0.000650 6.119445 0.398128
v 0.000650 6.278676 0.319197
v 0.000650 6.197289 0.361687
v 0.015730 6.196421 0.370244
v 0.071773 6.100145 0.486356
v 0.089885 6.195768 0.447732
v 0.059967 6.274517 0.349891
v 0.085622 6.370685 0.279544
v 0.000650 6.373632 0.266963
v 0.152235 6.253144 0.443848
v 0.270612 6.356143 0.290300
v 0.302033 6.263882 0.431054
v 0.217575 6.212274 0.504786
v 0.417152 6.313365 0.256293
v 0.430226 6.232939 0.382782
v 0.401860 6.180091 0.466143
v 0.324152 6.206695 0.501858
v 0.000650 6.478941 0.207975
v 0.106495 6.480350 0.210943
v 0.000650 6.576524 0.146056
v -0.105445 6.480350 0.210943
v -0.117021 6.592970 0.136740
v 0.117819 6.592970 0.136740
v 0.280220 6.458664 0.206759
v 0.000650 6.663995 0.091323
v -0.077790 6.690754 0.097934
v -0.167779 6.706116 0.062972
v -0.055660 6.742795 0.029695
v -0.149645 6.754645 -0.024818
v 0.078839 6.690754 0.097934
v 0.000650 6.713578 0.037188
v 0.056710 6.742795 0.029695
v 0.168828 6.706116 0.062972
v 0.303820 6.597811 0.081804
v 0.303541 6.704642 0.012695
v 0.445261 6.631295 -0.004739
v 0.452437 6.500029 0.089430
v 0.469435 6.729764 -0.082229
v 0.150700 6.754645 -0.024818
v 0.054698 6.810812 0.006984
v 0.159778 6.855927 -0.064643
v 0.218810 6.809622 -0.107645
v 0.323616 6.745111 -0.086499
v 0.468479 6.764696 -0.140611
v 0.051671 6.927639 0.009606
v 0.144179 6.974151 -0.048945
v 0.090896 7.091467 0.042702
v 0.346052 6.808328 -0.179029
v 0.263294 6.851369 -0.169148
v 0.213050 6.906452 -0.162998
v 0.191663 7.024398 -0.132210
v 0.166801 7.136851 -0.029940
v 0.350003 6.829268 -0.261800
v 0.264021 6.882641 -0.245045
v 0.213804 6.933973 -0.233833
v 0.191199 7.059908 -0.200162
v 0.201988 7.177430 -0.133164
v 0.473255 6.780861 -0.198703
v 0.478032 6.776878 -0.290154
v 0.000399 7.070849 0.073704
v 0.000650 6.918783 0.021818
v 0.000650 6.799154 0.012183
v -0.053649 6.810812 0.006984
v -0.050621 6.927639 0.009606
v -0.158728 6.855927 -0.064643
v -0.143130 6.974151 -0.048945
v -0.212000 6.906452 -0.162998
v -0.217761 6.809622 -0.107645
v -0.262244 6.851363 -0.169148
v -0.263223 6.882636 -0.245045
v -0.348703 6.829268 -0.261800
v -0.345003 6.808328 -0.179029
v -0.212503 6.933973 -0.233833
v -0.190614 7.024398 -0.132210
v -0.190149 7.059908 -0.200162
v -0.201190 7.177430 -0.133164
v -0.165751 7.136851 -0.029940
v -0.089847 7.091467 0.042702
v -0.472206 6.780861 -0.198703
v -0.467429 6.764696 -0.140611
v -0.580493 6.756482 -0.202827
v -0.572197 6.747863 -0.144867
v -0.322567 6.745111 -0.086499
v -0.468386 6.729759 -0.082229
v -0.587030 6.739253 -0.273944
v -0.477234 6.776878 -0.290154
v -0.302487 6.704642 0.012695
v -0.444212 6.631295 -0.004739
v -0.302771 6.597806 0.081804
v -0.451383 6.500023 0.089430
v -0.279165 6.458659 0.206759
v -0.421465 6.394794 0.175606
v -0.508453 6.384851 0.088766
v -0.482558 6.313057 0.158814
v -0.516750 6.301903 0.058919
v -0.550581 6.351558 0.004793
v -0.502419 6.273009 0.013620
v -0.538912 6.329558 -0.065253
v -0.527003 6.232879 -0.097880
v -0.499654 6.177080 0.083553
v -0.501567 6.207696 0.157434
v -0.548318 6.326494 -0.147152
v -0.557675 6.294121 -0.229604
v -0.563458 6.329985 -0.156763
v -0.563709 6.297592 -0.232677
v -0.543651 6.134373 -0.195870
v -0.573399 6.335856 -0.087973
v -0.581302 6.360360 -0.018973
v -0.554101 6.484257 0.033836
v -0.614051 6.485098 0.010667
v -0.514634 6.075605 0.134919
v -0.523740 6.093740 0.192980
v -0.522931 6.129765 0.282369
v -0.522428 6.011214 0.320475
v -0.515285 5.978420 0.231444
v -0.493221 5.946790 0.165620
v -0.533490 6.034170 0.027989
v -0.513880 5.849187 -0.000717
v -0.519717 5.893718 -0.113555
v -0.495330 5.810067 -0.093604
v -0.493319 6.124039 0.389101
v -0.429176 6.232939 0.382782
v -0.400811 6.180086 0.466143
v -0.416103 6.313360 0.256293
v -0.474217 6.248585 0.253851
v 0.555402 6.484257 0.033836
v 0.539513 6.644254 -0.011982
v 0.509759 6.384856 0.088766
v 0.422519 6.394794 0.175606
v 0.483612 6.313062 0.158809
v 0.551630 6.351558 0.004793
v 0.582357 6.360360 -0.018973
v 0.615101 6.485104 0.010667
v 0.585063 6.639823 -0.015929
v 0.641554 6.629520 -0.021300
v 0.517805 6.301903 0.058919
v 0.539962 6.329558 -0.065253
v 0.574449 6.335862 -0.087973
v 0.503474 6.273014 0.013620
v 0.500709 6.177080 0.083553
v 0.502616 6.207701 0.157434
v 0.515689 6.075605 0.134919
v 0.534540 6.034170 0.027989
v 0.528058 6.232884 -0.097880
v 0.549116 6.326494 -0.147152
v 0.564507 6.329990 -0.156763
v 0.558725 6.294127 -0.229604
v 0.564758 6.297592 -0.232677
v 0.544706 6.134373 -0.195870
v 0.520767 5.893718 -0.113555
v 0.514935 5.849187 -0.000717
v 0.524789 6.093740 0.192980
v 0.516340 5.978425 0.231444
v 0.523478 6.011214 0.320475
v 0.523980 6.129765 0.282369
v 0.475267 6.248585 0.253851
v 0.494374 6.124045 0.389100
v 0.495631 5.808064 -0.093069
v 0.494276 5.946795 0.165620
v 0.253521 6.163676 0.546792
v 0.189422 6.173938 0.528529
v 0.172583 6.113486 0.552627
v 0.000650 6.053410 0.418293
v -0.543738 6.644743 -0.012493
v -0.591550 6.638299 -0.016910
v -0.640756 6.629520 -0.021300
v -0.601858 6.681032 -0.048261
v -0.639313 6.718494 -0.095123
v -0.612166 6.723035 -0.094190
v -0.619703 6.737840 -0.142695
v -0.554101 6.688111 -0.045861
v -0.564655 6.731090 -0.093314
v -0.637302 6.741111 -0.189505
v -0.627999 6.744007 -0.197095
v -0.631956 6.725711 -0.261143
v -0.638559 6.723891 -0.260119
v -2.178533 4.560338 0.182960
v -2.164202 4.565207 0.235690
v -2.121457 4.637468 0.163114
v -2.173040 4.556124 0.136740
v -2.118232 4.625598 0.078798
v -2.040087 4.757671 0.128453
v -2.092588 4.641109 0.262098
v -1.995144 4.761347 0.230436
v -1.964226 4.712920 0.283000
v -2.025259 4.610642 0.303791
v -2.125020 4.565405 0.307568
v -2.085297 4.543493 0.320994
v -1.930542 4.873599 0.175841
v -1.968194 4.872187 0.088902
v -1.977802 4.842485 0.022993
v -2.042098 4.740458 0.058330
v -1.968248 4.637049 0.317404
v -1.914709 4.694256 0.310451
v -1.892901 4.768978 0.265478
v -1.926465 4.621424 0.348872
v -1.850172 4.754339 0.261690
v -1.860917 4.666731 0.318436
v -1.855069 4.838920 0.209108
v -1.825911 4.640404 0.278169
v -1.811903 4.725525 0.222462
v -1.807055 4.804772 0.180494
v -1.791041 4.871744 0.154252
v -1.828742 4.912324 0.176728
v -1.891584 4.944530 0.147049
v -1.810826 4.778757 0.094923
v -1.780662 4.837787 0.075877
v -1.805044 4.811868 -0.003661
v -1.831945 4.753034 -0.003722
v -1.927973 4.941718 0.066162
v -1.939287 4.914290 -0.013346
v -1.961209 4.820697 -0.018889
v -1.918923 4.884944 -0.056123
v -1.891273 4.841591 -0.062965
v -1.923508 4.794163 -0.043099
v -1.985541 4.704656 -0.041662
v -2.021739 4.719858 -0.003189
v -1.902641 4.723105 -0.053524
v -1.872734 4.774456 -0.049320
v -1.953612 4.647597 -0.056838
v -1.841313 4.816061 -0.057029
v -1.831945 4.753034 -0.003722
v -1.805044 4.811868 -0.003661
v -2.058850 4.596508 -0.038914
v -2.005599 4.574188 -0.053642
v -2.048886 4.514514 -0.046152
v -2.100382 4.529239 -0.034313
v -2.071513 4.477428 -0.038516
v -2.124304 4.496184 -0.029262
v -2.103186 4.434196 -0.037821
v -2.136044 4.438746 -0.028831
v -2.112023 4.346210 -0.041437
v -2.140389 4.343791 -0.031341
v -2.152205 4.438267 -0.003187
v -2.147931 4.501634 -0.002702
v -2.077044 4.428341 -0.026664
v -2.088145 4.345828 -0.033893
v -2.150232 4.500177 0.028490
v -2.147144 4.433046 0.019532
v -2.131808 4.536275 -0.003247
v -2.087811 4.609702 -0.002918
v -2.151992 4.338682 -0.009137
v -2.148434 4.336428 0.011518
v -2.113958 4.418764 0.038368
v -2.117303 4.333733 0.027140
v -2.145920 4.315277 0.009343
v -2.115505 4.319039 0.024369
v -2.149188 4.316439 -0.012294
v -2.136623 4.321119 -0.033994
v -2.114417 4.227679 -0.018401
v -2.103858 4.231945 -0.034568
v -2.106875 4.209053 -0.019611
v -2.096567 4.213822 -0.035786
v -2.076957 4.168308 -0.019962
v -2.069163 4.172619 -0.033615
v -2.108968 4.329034 -0.042167
v -2.081231 4.240874 -0.042255
v -2.060107 4.199664 -0.040587
v -2.074443 4.225783 -0.042515
v -2.087598 4.332188 -0.033669
v -2.065435 4.244588 -0.035274
v -2.046279 4.208827 -0.033694
v -2.036222 4.172611 -0.034118
v -2.047536 4.165998 -0.038538
v -2.034714 4.151028 -0.031257
v -2.042256 4.144460 -0.033163
v -2.061112 4.233459 -0.034592
v -2.050553 4.140462 -0.031590
v -2.051558 4.129563 -0.021352
v -2.040245 4.133131 -0.018392
v -2.048039 4.140963 -0.000414
v -2.057090 4.135846 -0.005863
v -2.057090 4.160691 0.006813
v -2.078214 4.168542 -0.005382
v -2.105618 4.209846 -0.001520
v -2.114417 4.228464 -0.000813
v -2.094807 4.235231 0.013159
v -2.088019 4.220614 0.011382
v -2.072683 4.193927 0.009296
v -2.165749 4.551846 0.089537
v -2.181369 4.504171 0.123974
v -2.148150 4.546602 0.044864
v -2.186397 4.512233 0.093677
v -2.175838 4.506721 0.063592
v -2.192180 4.440352 0.095334
v -2.182812 4.437807 0.069252
v -2.183347 4.437134 0.117530
v -2.184167 4.503478 0.140056
v -2.200914 4.511655 0.158094
v -2.213265 4.450016 0.168109
v -2.207008 4.511805 0.192239
v -2.219048 4.455998 0.196180
v -2.162191 4.425054 0.151942
v -2.237177 4.327055 0.179114
v -2.239713 4.325989 0.202236
v -2.140137 4.415849 0.134948
v -2.193464 4.333118 0.114133
v -2.161005 4.329768 0.128787
v -2.162010 4.308117 0.127123
v -2.194158 4.306798 0.112079
v -2.198208 4.318161 0.157632
v -2.171242 4.195486 0.106340
v -2.147609 4.200739 0.120336
v -2.200252 4.334287 0.092998
v -2.199941 4.305948 0.090469
v -2.193431 4.334840 0.068867
v -2.192366 4.306511 0.067338
v -2.173253 4.192648 0.086264
v -2.165459 4.195366 0.067614
v -2.164994 4.311359 0.051659
v -2.139312 4.201660 0.052426
v -2.133278 4.183553 0.052214
v -2.159677 4.172719 0.066469
v -2.121205 4.149879 0.053761
v -2.134284 4.119382 0.065314
v -2.108383 4.107674 0.056450
v -2.165279 4.333552 0.051287
v -2.167973 4.169485 0.084625
v -2.140318 4.116146 0.082967
v -2.113411 4.078691 0.067979
v -2.117434 4.068838 0.080709
v -2.104109 4.083192 0.066398
v -2.103858 4.073395 0.082648
v -2.118188 4.076151 0.097696
v -2.139061 4.117970 0.102556
v -2.107126 4.081244 0.101637
v -2.113663 4.105546 0.111807
v -2.128502 4.148877 0.116643
v -2.165208 4.172845 0.105698
v -2.141826 4.182113 0.119127
v -2.184637 4.520038 0.266524
v -2.192147 4.471910 0.278896
v -2.191928 4.479926 0.304884
v -2.180396 4.528112 0.296529
v -2.154971 4.523910 0.319762
v -2.170777 4.476748 0.329610
v -2.149658 4.573556 0.282795
v -2.178604 4.520169 0.243394
v -2.152173 4.438891 0.258305
v -2.222344 4.364633 0.327349
v -2.221841 4.358707 0.302808
v -2.206002 4.363504 0.351003
v -2.154145 4.435460 0.236265
v -2.202455 4.454382 0.220848
v -2.190606 4.513175 0.221439
v -2.188660 4.346805 0.281878
v -2.193934 4.323269 0.287787
v -2.224607 4.327646 0.309839
v -2.225109 4.332542 0.332893
v -2.209773 4.334398 0.354482
v -2.172570 4.332548 0.364569
v -2.180833 4.218585 0.381027
v -2.207199 4.214840 0.372079
v -2.152927 4.215327 0.365993
v -2.145417 4.327287 0.350076
v -2.141723 4.341459 0.347246
v -2.167071 4.353689 0.361677
v -2.106454 4.450577 0.324963
v -2.129797 4.461340 0.340921
v -2.111231 4.495974 0.333789
v -2.089401 4.478770 0.323466
v -2.179287 4.198410 0.382401
v -2.151631 4.203714 0.368234
v -2.144089 4.166050 0.371857
v -2.171744 4.161225 0.384512
v -2.142832 4.116807 0.374659
v -2.164454 4.113968 0.385774
v -2.151129 4.089618 0.372581
v -2.162945 4.088206 0.378639
v -2.175264 4.085166 0.377179
v -2.176773 4.074344 0.361260
v -2.162945 4.076339 0.360222
v -2.164202 4.082573 0.341012
v -2.175013 4.080611 0.344061
v -2.191103 4.124593 0.358442
v -2.187835 4.124781 0.338826
v -2.208707 4.182012 0.332375
v -2.212227 4.184384 0.354464
v -2.212730 4.206612 0.329466
v -2.216753 4.209984 0.351538
v -2.174258 4.151612 0.318274
v -2.166968 4.106496 0.327553
v -2.182304 4.186706 0.311173
v -2.186113 4.206338 0.307299
v -2.186326 4.129909 0.375957
v -2.203679 4.189726 0.373991
v -2.156982 4.501395 0.045076
v -2.141865 4.424545 0.053865
v -2.122714 4.190612 0.115973
v -2.106623 4.196712 0.088714
v -2.108678 4.205851 0.089059
v -2.126026 4.202776 0.116767
v -2.125348 4.312642 0.091334
v -2.140176 4.310134 0.123051
v -2.147609 4.200739 0.120336
v -2.162010 4.308117 0.127123
v -2.141826 4.182113 0.119127
v -2.110394 4.157383 0.113992
v -2.128502 4.148877 0.116643
v -2.092293 4.164027 0.089239
v -2.116428 4.189707 0.059659
v -2.104612 4.158555 0.061668
v -2.120998 4.204369 0.059412
v -2.099835 4.112033 0.108686
v -2.113663 4.105546 0.111807
v -2.087516 4.116210 0.086989
v -2.096064 4.113812 0.062889
v -2.133278 4.183553 0.052214
v -2.121205 4.149879 0.053761
v -2.139312 4.201660 0.052426
v -2.141395 4.311049 0.059191
v -2.164994 4.311359 0.051659
v -2.098830 4.088274 0.101021
v -2.094304 4.085494 0.084465
v -2.095813 4.089760 0.068304
v -2.108383 4.107674 0.056450
v -2.104109 4.083192 0.066398
v -2.103858 4.073395 0.082648
v -2.107126 4.081244 0.101637
v -2.140679 4.331217 0.058354
v -2.165279 4.333552 0.051287
v -2.141865 4.424545 0.053865
v -2.108716 4.422755 0.063935
v -2.113958 4.418764 0.038368
v -2.079810 4.423285 0.034261
v -2.054712 4.450349 0.056440
v -2.065020 4.430442 0.006482
v -2.041847 4.465846 -0.008162
v -2.075077 4.339257 -0.004626
v -2.094681 4.335671 0.022582
v -2.077044 4.428341 -0.026664
v -2.088145 4.345828 -0.033893
v -2.071513 4.477428 -0.038516
v -2.048886 4.514514 -0.046152
v -2.010174 4.503029 -0.009759
v -2.005599 4.574188 -0.053642
v -1.963056 4.561648 -0.017227
v -2.008414 4.506657 0.059570
v -1.948972 4.567320 0.054097
v -1.960848 4.578148 0.130352
v -2.018924 4.512959 0.141954
v -1.900761 4.627486 -0.022816
v -1.885676 4.623070 0.046654
v -1.851047 4.698002 -0.017919
v -1.840739 4.693336 0.035959
v -1.840559 4.693915 0.101298
v -1.810826 4.778757 0.094923
v -1.831945 4.753034 -0.003722
v -1.810143 4.708703 0.176981
v -1.865694 4.613900 0.159399
v -1.956377 4.553929 0.216199
v -1.902209 4.622697 0.120098
v -1.908363 4.548106 0.229367
v -1.939342 4.539944 0.281755
v -1.987804 4.553308 0.271521
v -2.017968 4.512679 0.215353
v -2.073109 4.447855 0.147968
v -2.079056 4.456521 0.225306
v -2.034856 4.518627 0.269531
v -2.082827 4.463296 0.271458
v -2.119992 4.439540 0.267346
v -2.122971 4.431893 0.233305
v -2.152173 4.438891 0.258305
v -2.154145 4.435460 0.236265
v -2.169302 4.306796 0.232740
v -2.115215 4.424803 0.195172
v -2.151954 4.302249 0.200130
v -2.171313 4.290699 0.232495
v -2.153249 4.289756 0.200304
v -2.172821 4.289641 0.166639
v -2.153424 4.163929 0.171697
v -2.139848 4.168452 0.202804
v -2.137804 4.158821 0.203489
v -2.150626 4.151784 0.172423
v -2.168979 4.142605 0.164524
v -2.139815 4.113099 0.175055
v -2.158420 4.103912 0.166654
v -2.133273 4.061844 0.177890
v -2.147357 4.055698 0.170948
v -2.133273 4.034792 0.184359
v -2.142832 4.027729 0.182964
v -2.174258 4.163713 0.163682
v -2.155403 4.154270 0.233238
v -2.124976 4.119617 0.205124
v -2.144341 4.114019 0.232375
v -2.157949 4.167939 0.233488
v -2.179538 4.164900 0.237593
v -2.196230 4.290848 0.236986
v -2.175767 4.145277 0.236902
v -2.163951 4.105513 0.235026
v -2.192929 4.315926 0.237622
v -2.122211 4.065280 0.203985
v -2.135541 4.062165 0.229185
v -2.135033 4.034400 0.222590
v -2.129502 4.030566 0.203034
v -2.151129 4.055670 0.231804
v -2.145597 4.027864 0.222695
v -2.141324 4.015962 0.201760
v -2.171345 4.308298 0.165312
v -2.126490 4.423196 0.161526
v -2.109761 4.417912 0.134390
v -2.096944 4.417890 0.101708
v -2.123375 4.324300 0.092639
v -2.139170 4.326238 0.123798
v -2.140137 4.415849 0.134948
v -2.161005 4.329768 0.128787
v -2.162191 4.425054 0.151942
v -2.198208 4.318161 0.157632
v -2.199498 4.289597 0.159075
v -2.161792 4.339447 0.288998
v -2.188660 4.346805 0.281878
v -2.141181 4.334895 0.318736
v -2.107000 4.448596 0.291771
v -2.165563 4.321401 0.292305
v -2.142941 4.320353 0.320981
v -2.163235 4.207919 0.311800
v -2.146893 4.211874 0.338892
v -2.161185 4.193793 0.314076
v -2.144592 4.200749 0.340120
v -2.182304 4.186706 0.311173
v -2.186113 4.206338 0.307299
v -2.193934 4.323269 0.287787
v -2.153140 4.157191 0.321202
v -2.135290 4.162119 0.346272
v -2.174258 4.151612 0.318274
v -2.150626 4.110567 0.330505
v -2.166968 4.106496 0.327553
v -2.153894 4.087601 0.340932
v -2.164202 4.082573 0.341012
v -2.149620 4.085865 0.358058
v -2.162945 4.076339 0.360222
v -2.151129 4.089618 0.372581
v -2.162945 4.088206 0.378639
v -2.137301 4.113954 0.353584
v -2.142832 4.116807 0.374659
v -2.144089 4.166050 0.371857
v -2.151631 4.203714 0.368234
v -2.152927 4.215327 0.365993
v -2.145417 4.327287 0.350076
v -2.141723 4.341459 0.347246
v -2.106454 4.450577 0.324963
v -2.089401 4.478770 0.323466
v -2.056270 4.523860 0.310131
v -2.006403 4.576412 0.301318
v -1.967746 4.576713 0.317367
v -1.948726 4.518538 0.304838
v -1.964565 4.549314 0.342066
v -1.969396 4.502338 0.357360
v -1.961712 4.464271 0.328728
v -1.987296 4.441870 0.377398
v -1.974730 4.428897 0.352467
v -1.901706 4.510835 0.294904
v -1.851047 4.554771 0.268983
v -1.875303 4.509625 0.313530
v -1.901384 4.445827 0.338573
v -1.930990 4.450583 0.324963
v -1.824403 4.624944 0.223607
v -1.843504 4.573191 0.319976
v -1.864492 4.523147 0.340978
v -1.887436 4.472220 0.360861
v -1.904843 4.414761 0.380347
v -1.914146 4.411366 0.356772
v -1.811903 4.725525 0.222462
v -1.807055 4.804772 0.180494
v -1.825911 4.640404 0.278169
v -1.942550 4.419216 0.344576
v -1.945567 4.409680 0.345735
v -1.981016 4.417375 0.355166
v -1.991373 4.425403 0.381641
v -1.998609 4.400811 0.388115
v -1.991624 4.371815 0.363392
v -2.009371 4.362649 0.395812
v -2.000823 4.324676 0.379826
v -2.014098 4.323996 0.404528
v -2.002528 4.307162 0.389712
v -2.011830 4.304477 0.410373
v -1.975933 4.316072 0.376444
v -1.985935 4.296121 0.391398
v -2.001774 4.291327 0.406058
v -1.966576 4.295115 0.391414
v -1.956574 4.306649 0.384642
v -1.958192 4.364655 0.355969
v -1.915905 4.400334 0.358452
v -1.932996 4.350729 0.369306
v -1.909429 4.398300 0.384591
v -1.918923 4.374700 0.390546
v -1.936461 4.336554 0.399248
v -1.956771 4.302953 0.409392
v -1.970850 4.288440 0.414151
v -1.983169 4.283308 0.407696
v -1.953612 4.647597 -0.056838
v -1.902641 4.723105 -0.053524
v -1.872734 4.774456 -0.049320
v -2.117303 4.333733 0.027140
v -2.094430 4.324065 0.019752
v -2.076585 4.330686 -0.005997
v -2.057390 4.245487 -0.010647
v -2.065435 4.244588 -0.035274
v -2.056838 4.238358 -0.011030
v -2.061112 4.233459 -0.034592
v -2.046279 4.208827 -0.033694
v -2.037982 4.213723 -0.010634
v -2.087598 4.332188 -0.033669
v -2.075241 4.239298 0.011077
v -2.056838 4.203472 0.008640
v -2.028680 4.174476 -0.012015
v -2.044268 4.168217 0.005686
v -2.039742 4.147507 -0.000016
v -2.031697 4.146259 -0.015082
v -2.071426 4.229640 0.009729
v -2.036222 4.172611 -0.034118
v -2.034714 4.151028 -0.031257
v -2.042256 4.144460 -0.033163
v -2.040245 4.133131 -0.018392
v -2.048039 4.140963 -0.000414
v -2.088019 4.220614 0.011382
v -2.094807 4.235231 0.013159
v -2.115505 4.319039 0.024369
v -2.072683 4.193927 0.009296
v -2.057090 4.160691 0.006813
v -2.003785 4.303771 0.428991
v -1.998254 4.348379 0.419726
v -2.014098 4.323996 0.404528
v -2.011830 4.304477 0.410373
v -2.009371 4.362649 0.395812
v -1.981464 4.403144 0.412260
v -1.974621 4.341421 0.424866
v -1.953557 4.398709 0.417863
v -1.928607 4.386943 0.409552
v -1.919114 4.407580 0.406657
v -1.946015 4.419808 0.416518
v -1.953503 4.330296 0.421022
v -1.998609 4.400811 0.388115
v -2.004288 4.287644 0.427239
v -2.001774 4.291327 0.406058
v -1.989203 4.282122 0.427830
v -1.978392 4.293223 0.430166
v -1.970850 4.288440 0.414151
v -1.983169 4.283308 0.407696
v -1.956771 4.302953 0.409392
v -1.936461 4.336554 0.399248
v -1.918923 4.374700 0.390546
v -1.909429 4.398300 0.384591
v -1.904843 4.414761 0.380347
v -1.911883 4.426161 0.401286
v -1.887436 4.472220 0.360861
v -1.892967 4.497195 0.381582
v -1.938527 4.440408 0.411612
v -1.914528 4.511372 0.390958
v -1.864492 4.523147 0.340978
v -1.888633 4.551858 0.375216
v -1.843504 4.573191 0.319976
v -1.876248 4.598524 0.360254
v -1.942943 4.518832 0.385809
v -1.930679 4.571923 0.369318
v -1.968697 4.449337 0.403931
v -1.976436 4.428234 0.408839
v -1.967746 4.576713 0.317367
v -1.964565 4.549314 0.342066
v -1.969396 4.502338 0.357360
v -1.987296 4.441870 0.377398
v -2.006403 4.576412 0.301318
v -2.056270 4.523860 0.310131
v -1.991373 4.425403 0.381641
v 2.174095 4.556129 0.136740
v 2.122517 4.637480 0.163114
v 2.179341 4.560343 0.182960
v 2.165262 4.565213 0.235690
v 2.201750 4.511212 0.158080
v 2.185222 4.503483 0.140056
v 2.208068 4.511810 0.192239
v 2.214320 4.450021 0.168109
v 2.220103 4.456004 0.196180
v 2.087860 4.637170 0.266687
v 2.150932 4.574021 0.282826
v 2.126075 4.565410 0.307567
v 2.026314 4.610653 0.303791
v 2.191661 4.513181 0.221439
v 2.179658 4.520175 0.243394
v 2.203510 4.454388 0.220842
v 2.231471 4.324323 0.223379
v 2.240773 4.325995 0.202236
v 2.156031 4.523916 0.319762
v 2.181451 4.528118 0.296529
v 2.155206 4.435466 0.236265
v 2.193989 4.315931 0.237622
v 2.185692 4.520043 0.266523
v 2.192983 4.479931 0.304884
v 2.171832 4.476753 0.329610
v 2.153227 4.438897 0.258304
v 2.193202 4.471916 0.278896
v 2.223404 4.364639 0.327349
v 2.222901 4.358712 0.302808
v 2.226170 4.332548 0.332893
v 2.225667 4.327652 0.309839
v 2.194994 4.323274 0.287787
v 2.189715 4.346810 0.281878
v 2.207062 4.363509 0.351003
v 2.210834 4.334404 0.354482
v 2.208259 4.214846 0.372079
v 2.217813 4.209989 0.351538
v 2.181888 4.218591 0.381027
v 2.173630 4.332553 0.364569
v 2.213790 4.206617 0.329465
v 2.213288 4.184389 0.354464
v 2.209768 4.182023 0.332375
v 2.192163 4.124599 0.358441
v 2.187387 4.129914 0.375957
v 2.204740 4.189732 0.373991
v 2.188895 4.124786 0.338826
v 2.176073 4.080616 0.344061
v 2.176073 4.073344 0.361276
v 2.168028 4.106502 0.327553
v 2.165262 4.082579 0.341012
v 2.175319 4.151618 0.318274
v 2.183364 4.186711 0.311173
v 2.187168 4.206344 0.307299
v 2.164005 4.076344 0.360222
v 2.176073 4.085171 0.377179
v 2.164005 4.088212 0.378638
v 2.165514 4.113974 0.385774
v 2.172805 4.161230 0.384512
v 2.180347 4.198416 0.382400
v 2.145401 4.166056 0.371857
v 2.152692 4.203720 0.368234
v 2.143892 4.116813 0.374659
v 2.152189 4.089623 0.372581
v 2.153982 4.215333 0.365993
v 2.146477 4.327292 0.350075
v 2.142783 4.341464 0.347246
v 2.168132 4.353694 0.361677
v 2.130852 4.461345 0.340921
v 2.107514 4.450589 0.324963
v 2.112291 4.495979 0.333789
v 2.086352 4.543499 0.320994
v 2.090210 4.478776 0.323466
v 2.057325 4.523865 0.310131
v 2.007715 4.576417 0.301318
v 1.968800 4.576718 0.317367
v 1.969303 4.637055 0.317404
v 1.927520 4.621430 0.348867
v 1.931990 4.571934 0.369318
v 1.877308 4.598529 0.360254
v 1.861978 4.666737 0.318436
v 1.844565 4.573197 0.319976
v 1.826966 4.640410 0.278168
v 1.915763 4.694262 0.310451
v 1.889688 4.551864 0.375216
v 1.865552 4.523152 0.340978
v 1.851233 4.754344 0.261689
v 1.893956 4.768983 0.265477
v 1.965286 4.712925 0.283000
v 1.856130 4.838926 0.209108
v 1.995947 4.761289 0.226414
v 2.041147 4.757682 0.128452
v 1.931602 4.873605 0.175841
v 1.969249 4.872192 0.088902
v 1.978857 4.842496 0.022992
v 2.043158 4.740463 0.058330
v 2.022794 4.719863 -0.003189
v 2.088866 4.609707 -0.002918
v 2.119287 4.625603 0.078798
v 1.962269 4.820703 -0.018889
v 2.059910 4.596513 -0.038914
v 2.101437 4.529244 -0.034313
v 2.132863 4.536280 -0.003247
v 2.149205 4.546608 0.044864
v 1.986596 4.704667 -0.041662
v 1.924563 4.794169 -0.043099
v 1.892639 4.944541 0.147048
v 1.829983 4.912822 0.176747
v 1.792277 4.872235 0.154266
v 1.808110 4.804778 0.180494
v 1.892136 4.841111 -0.062963
v 1.919786 4.884463 -0.056116
v 1.940145 4.913809 -0.013349
v 1.928837 4.941231 0.066153
v 1.873789 4.774462 -0.049320
v 1.842368 4.816067 -0.057029
v 1.903701 4.723111 -0.053525
v 1.833000 4.753045 -0.003722
v 1.806104 4.811873 -0.003661
v 1.812958 4.725531 0.222462
v 1.781717 4.837792 0.075877
v 1.812641 4.772713 0.094020
v 1.806104 4.811873 -0.003661
v 1.833000 4.753045 -0.003722
v 1.954672 4.647602 -0.056838
v 2.006654 4.574193 -0.053642
v 2.049946 4.514519 -0.046152
v 2.072573 4.477434 -0.038516
v 2.125365 4.496189 -0.029262
v 2.104246 4.434202 -0.037821
v 2.078099 4.428346 -0.026664
v 2.089205 4.345833 -0.033893
v 2.113084 4.346215 -0.041437
v 2.136886 4.438309 -0.028830
v 2.141449 4.343797 -0.031341
v 2.137678 4.321125 -0.033994
v 2.110028 4.329040 -0.042167
v 2.104918 4.231956 -0.034568
v 2.082291 4.240884 -0.042255
v 2.088658 4.332193 -0.033669
v 2.066496 4.244594 -0.035274
v 2.075503 4.225794 -0.042515
v 2.062173 4.233464 -0.034592
v 2.047339 4.208832 -0.033694
v 2.061167 4.199669 -0.040587
v 2.037283 4.172617 -0.034118
v 2.048345 4.166003 -0.038538
v 2.035774 4.151033 -0.031257
v 2.043317 4.144465 -0.033163
v 2.051362 4.140467 -0.031590
v 2.070218 4.172625 -0.033615
v 2.097627 4.213827 -0.035786
v 2.078268 4.168313 -0.019963
v 2.053876 4.130079 -0.020857
v 2.058150 4.135852 -0.005863
v 2.041808 4.133639 -0.018400
v 2.079274 4.168547 -0.005383
v 2.107935 4.209058 -0.019611
v 2.106678 4.209851 -0.001520
v 2.115477 4.227690 -0.018402
v 2.150249 4.316444 -0.012295
v 2.153052 4.338687 -0.009142
v 2.153479 4.438721 -0.003189
v 2.148199 4.433052 0.019532
v 2.149494 4.336439 0.011518
v 2.115013 4.418770 0.038368
v 2.118363 4.333738 0.027139
v 2.148992 4.501645 -0.002702
v 2.151293 4.500183 0.028490
v 2.146980 4.315283 0.009343
v 2.115477 4.228475 -0.000813
v 2.116565 4.319044 0.024369
v 2.095867 4.235237 0.013159
v 2.089079 4.220624 0.011382
v 2.073743 4.193933 0.009296
v 2.058150 4.160697 0.006813
v 2.049099 4.140968 -0.000414
v 2.158042 4.501406 0.045076
v 2.176893 4.506727 0.063592
v 2.166804 4.551851 0.089537
v 2.187452 4.512239 0.093677
v 2.193235 4.440363 0.095334
v 2.182173 4.504182 0.123974
v 2.184402 4.437139 0.117524
v 2.201313 4.334293 0.092998
v 2.183867 4.437812 0.069252
v 2.194492 4.334846 0.068867
v 2.200996 4.305954 0.090469
v 2.193420 4.306517 0.067338
v 2.174313 4.192654 0.086264
v 2.166519 4.195372 0.067614
v 2.165798 4.311365 0.051659
v 2.140373 4.201666 0.052426
v 2.134333 4.183558 0.052214
v 2.160988 4.172724 0.066469
v 2.122265 4.149884 0.053761
v 2.135344 4.119388 0.065314
v 2.141378 4.116157 0.082967
v 2.114472 4.078697 0.067979
v 2.117740 4.068349 0.081220
v 2.118997 4.076157 0.097690
v 2.140121 4.117975 0.102556
v 2.169034 4.169490 0.084625
v 2.109443 4.107679 0.056450
v 2.105170 4.083197 0.066398
v 2.104918 4.073400 0.082648
v 2.108186 4.081249 0.101637
v 2.166268 4.172851 0.105698
v 2.172302 4.195491 0.106340
v 2.195213 4.306804 0.112079
v 2.194525 4.333129 0.114133
v 2.114723 4.105551 0.111807
v 2.129808 4.148883 0.116643
v 2.142887 4.182118 0.119127
v 2.148669 4.200745 0.120336
v 2.163071 4.308122 0.127123
v 2.162065 4.329773 0.128787
v 2.141198 4.415855 0.134948
v 2.163251 4.425059 0.151942
v 2.238232 4.327061 0.179114
v 2.199520 4.318167 0.157632
v 2.239516 4.290435 0.179674
v 2.200558 4.289602 0.159075
v 2.206499 4.158487 0.182373
v 2.175319 4.163719 0.163682
v 2.211779 4.157302 0.202507
v 2.242533 4.289291 0.202323
v 2.233488 4.291138 0.223409
v 2.205997 4.161671 0.224067
v 2.200465 4.135520 0.223984
v 2.205997 4.129650 0.202951
v 2.176827 4.145282 0.236902
v 2.180598 4.164906 0.237593
v 2.197290 4.290853 0.236986
v 2.165011 4.105518 0.235026
v 2.175570 4.071107 0.222001
v 2.152189 4.055675 0.231804
v 2.158223 4.023280 0.218746
v 2.146658 4.027870 0.222695
v 2.155206 4.012416 0.199805
v 2.142384 4.015967 0.201760
v 2.180096 4.067760 0.201431
v 2.155709 4.022739 0.185056
v 2.143892 4.027735 0.182964
v 2.175067 4.069448 0.181288
v 2.200968 4.132838 0.182282
v 2.170039 4.142611 0.164524
v 2.159480 4.103918 0.166654
v 2.148418 4.055704 0.170948
v 1.888496 4.472226 0.360861
v 1.905904 4.414767 0.380347
v 1.912692 4.426167 0.401285
v 1.894027 4.497200 0.381582
v 1.939587 4.440413 0.411612
v 1.915588 4.511377 0.390958
v 1.943998 4.518837 0.385809
v 1.969757 4.449342 0.403931
v 1.970456 4.502344 0.357360
v 1.988356 4.441875 0.377397
v 1.947075 4.419814 0.416518
v 1.920174 4.407586 0.406657
v 1.977747 4.428240 0.408839
v 1.992433 4.425408 0.381641
v 1.982524 4.403150 0.412260
v 1.999921 4.400816 0.388115
v 2.010431 4.362655 0.395812
v 1.999314 4.348384 0.419726
v 1.975681 4.341426 0.424866
v 2.004845 4.303776 0.428991
v 1.954618 4.398714 0.417863
v 2.015159 4.324001 0.404528
v 2.013147 4.303574 0.416422
v 2.012639 4.304888 0.404332
v 1.929476 4.386511 0.409509
v 1.954557 4.330301 0.421022
v 1.979453 4.293234 0.430166
v 1.990263 4.282127 0.427830
v 2.005348 4.287650 0.427239
v 2.002834 4.291333 0.406058
v 1.984229 4.283313 0.407696
v 1.973419 4.289045 0.420176
v 1.957826 4.302958 0.409392
v 1.970402 4.287838 0.407623
v 1.937521 4.336560 0.399248
v 1.919983 4.374705 0.390545
v 1.910489 4.398305 0.384591
v 2.040802 4.147512 -0.000016
v 2.045328 4.168222 0.005686
v 2.029740 4.174481 -0.012015
v 2.032757 4.146265 -0.015083
v 2.057899 4.203477 0.008640
v 2.039043 4.213728 -0.010634
v 2.035774 4.151033 -0.031257
v 2.043317 4.144465 -0.033163
v 2.041808 4.133639 -0.018400
v 2.037283 4.172617 -0.034118
v 2.047339 4.208832 -0.033694
v 2.057647 4.238369 -0.011030
v 2.062173 4.233464 -0.034592
v 2.072480 4.229650 0.009729
v 2.066496 4.244594 -0.035274
v 2.058451 4.245492 -0.010647
v 2.077640 4.330697 -0.005997
v 2.088658 4.332193 -0.033669
v 2.076137 4.339262 -0.004626
v 2.089205 4.345833 -0.033893
v 2.078099 4.428346 -0.026664
v 2.066081 4.430448 0.006482
v 2.076301 4.239303 0.011077
v 2.042907 4.465852 -0.008162
v 2.072573 4.477434 -0.038516
v 2.080864 4.423290 0.034261
v 2.095742 4.335677 0.022582
v 2.055773 4.450354 0.056440
v 2.109777 4.422760 0.063935
v 2.115013 4.418770 0.038368
v 2.142920 4.424551 0.053865
v 2.141739 4.331228 0.058353
v 2.166339 4.333558 0.051286
v 2.165798 4.311365 0.051659
v 2.142455 4.311054 0.059191
v 2.118363 4.333738 0.027139
v 2.095490 4.324070 0.019751
v 2.116565 4.319044 0.024369
v 2.095867 4.235237 0.013159
v 2.089079 4.220624 0.011382
v 2.073743 4.193933 0.009296
v 2.058150 4.160697 0.006813
v 2.049099 4.140968 -0.000414
v -2.199908 4.132833 0.182282
v -2.174007 4.069442 0.181288
v -2.179035 4.067754 0.201431
v -2.204936 4.129645 0.202951
v -2.174761 4.071102 0.222001
v -2.199405 4.135514 0.223984
v -2.157162 4.023275 0.218746
v -2.156408 4.013448 0.201800
v -2.154648 4.022734 0.185056
v -2.158420 4.103912 0.166654
v -2.168979 4.142605 0.164524
v -2.205439 4.158482 0.182373
v -2.174258 4.163713 0.163682
v -2.147357 4.055698 0.170948
v -2.142832 4.027729 0.182964
v -2.141324 4.015962 0.201760
v -2.145597 4.027864 0.222695
v -2.199498 4.289597 0.159075
v -2.238456 4.290430 0.179674
v -2.241473 4.289285 0.202323
v -2.210719 4.157296 0.202507
v -2.204936 4.161665 0.224067
v -2.232428 4.291132 0.223409
v -2.230416 4.324317 0.223379
v -2.175767 4.145277 0.236902
v -2.163951 4.105513 0.235026
v -2.151129 4.055670 0.231804
v -2.179538 4.164900 0.237593
v -2.196230 4.290848 0.236986
v -2.192929 4.315926 0.237622
v 2.142920 4.424551 0.053865
v 2.166339 4.333558 0.051286
v 2.123271 4.065286 0.203985
v 2.130813 4.030571 0.203034
v 2.136099 4.034406 0.222590
v 2.136601 4.062171 0.229185
v 2.145401 4.114025 0.232375
v 2.126037 4.119622 0.205124
v 2.156463 4.154275 0.233238
v 2.138607 4.158826 0.203489
v 2.151686 4.151790 0.172423
v 2.140875 4.113104 0.175055
v 2.134333 4.061850 0.177890
v 2.134333 4.034798 0.184359
v 2.140908 4.168458 0.202804
v 2.159010 4.167945 0.233488
v 2.154485 4.163935 0.171697
v 2.170039 4.142611 0.164524
v 2.175319 4.163719 0.163682
v 2.159480 4.103918 0.166654
v 2.148418 4.055704 0.170948
v 2.143892 4.027735 0.182964
v 2.154304 4.289762 0.200304
v 2.172373 4.290705 0.232495
v 2.173881 4.289647 0.166639
v 2.200558 4.289602 0.159075
v 2.172406 4.308303 0.165312
v 2.199520 4.318167 0.157632
v 2.153014 4.302254 0.200130
v 2.170356 4.306801 0.232740
v 2.180598 4.164906 0.237593
v 2.197290 4.290853 0.236986
v 2.193989 4.315931 0.237622
v 2.116270 4.424809 0.195172
v 2.124025 4.431898 0.233305
v 2.127332 4.422759 0.161512
v 2.074169 4.447861 0.147968
v 2.163251 4.425059 0.151942
v 2.141198 4.415855 0.134948
v 2.110821 4.417918 0.134390
v 2.098004 4.417896 0.101708
v 2.140231 4.326243 0.123798
v 2.162065 4.329773 0.128787
v 2.124435 4.324306 0.092639
v 2.141236 4.310140 0.123051
v 2.126408 4.312647 0.091334
v 2.127086 4.202781 0.116767
v 2.109739 4.205856 0.089059
v 2.122052 4.204375 0.059412
v 2.124025 4.190617 0.115973
v 2.107684 4.196717 0.088714
v 2.148669 4.200745 0.120336
v 2.163071 4.308122 0.127123
v 2.142887 4.182118 0.119127
v 2.111455 4.157389 0.113992
v 2.129808 4.148883 0.116643
v 2.100895 4.112044 0.108686
v 2.114723 4.105551 0.111807
v 2.099890 4.088280 0.101021
v 2.108186 4.081249 0.101637
v 2.095364 4.085499 0.084465
v 2.104918 4.073400 0.082648
v 2.105170 4.083197 0.066398
v 2.096873 4.089766 0.068304
v 2.093353 4.164032 0.089238
v 2.088576 4.116222 0.086989
v 2.097124 4.113823 0.062889
v 2.105672 4.158561 0.061667
v 2.117489 4.189713 0.059658
v 2.109443 4.107679 0.056450
v 2.134333 4.183558 0.052214
v 2.140373 4.201666 0.052426
v 2.122265 4.149884 0.053761
v 2.176827 4.145282 0.236902
v 2.165011 4.105518 0.235026
v 2.152189 4.055675 0.231804
v 2.146658 4.027870 0.222695
v 2.142384 4.015967 0.201760
v 2.019979 4.512965 0.141954
v 2.009475 4.506662 0.059570
v 1.962160 4.578154 0.130352
v 1.957438 4.553935 0.216199
v 1.866749 4.613905 0.159399
v 1.909423 4.548111 0.229367
v 1.940402 4.539950 0.281755
v 1.903018 4.510840 0.294904
v 1.949781 4.518543 0.304838
v 1.852107 4.554782 0.268983
v 1.876363 4.509631 0.313530
v 1.902444 4.445833 0.338573
v 1.932045 4.450589 0.324963
v 1.888496 4.472226 0.360861
v 1.905904 4.414767 0.380347
v 1.915206 4.411371 0.356772
v 1.865552 4.523152 0.340978
v 1.844565 4.573197 0.319976
v 1.988859 4.553314 0.271521
v 1.825457 4.624949 0.223607
v 1.811198 4.708708 0.176980
v 1.841613 4.693921 0.101298
v 1.903264 4.622703 0.120098
v 1.886736 4.623075 0.046654
v 1.841799 4.693341 0.035959
v 1.950032 4.567326 0.054097
v 1.852107 4.698008 -0.017919
v 1.833000 4.753045 -0.003722
v 1.901821 4.627492 -0.022816
v 1.964362 4.561654 -0.017227
v 2.011234 4.503040 -0.009759
v 2.049946 4.514519 -0.046152
v 1.873789 4.774462 -0.049320
v 1.903701 4.723111 -0.053525
v 1.954672 4.647602 -0.056838
v 2.006654 4.574193 -0.053642
v 1.812641 4.772713 0.094020
v 1.808110 4.804778 0.180494
v 1.812958 4.725531 0.222462
v 1.826966 4.640410 0.278168
v 2.019023 4.512684 0.215352
v 2.080110 4.456526 0.225306
v 2.035917 4.518638 0.269531
v 2.083881 4.463302 0.271458
v 2.057325 4.523865 0.310131
v 2.090210 4.478776 0.323466
v 2.007715 4.576417 0.301318
v 1.968800 4.576718 0.317367
v 1.965374 4.549320 0.342066
v 1.970456 4.502344 0.357360
v 1.962772 4.464282 0.328728
v 1.988356 4.441875 0.377397
v 1.975785 4.428903 0.352467
v 2.108055 4.448601 0.291771
v 2.121047 4.439545 0.267346
v 2.142242 4.334901 0.318736
v 2.162852 4.339452 0.288998
v 2.166623 4.321406 0.292305
v 2.144002 4.320358 0.320981
v 2.146477 4.327292 0.350075
v 2.142783 4.341464 0.347246
v 2.164289 4.207924 0.311800
v 2.187168 4.206344 0.307299
v 2.194994 4.323274 0.287787
v 2.147948 4.211880 0.338892
v 2.183364 4.186711 0.311173
v 2.162246 4.193798 0.314076
v 2.154200 4.157196 0.321202
v 2.175319 4.151618 0.318274
v 2.153982 4.215333 0.365993
v 2.145652 4.200754 0.340120
v 2.152692 4.203720 0.368234
v 2.145401 4.166056 0.371857
v 2.136344 4.162125 0.346272
v 2.143892 4.116813 0.374659
v 2.138613 4.113960 0.353583
v 2.152189 4.089623 0.372581
v 2.150681 4.085870 0.358058
v 2.164005 4.076344 0.360222
v 2.164005 4.088212 0.378638
v 2.165262 4.082579 0.341012
v 2.154954 4.087606 0.340932
v 2.151686 4.110572 0.330505
v 2.168028 4.106502 0.327553
v 2.189715 4.346810 0.281878
v 2.153227 4.438897 0.258304
v 2.155206 4.435466 0.236265
v 2.107514 4.450589 0.324963
v 1.781717 4.837792 0.075877
v 1.792277 4.872235 0.154266
v 1.705545 5.011195 0.102757
v 1.681164 4.973718 0.023411
v 1.829983 4.912822 0.176747
v 1.748034 5.040168 0.121904
v 1.529327 5.315820 0.034009
v 1.441699 5.262570 0.007195
v 1.696499 4.950821 -0.056176
v 1.806104 4.811873 -0.003661
v 1.402238 5.223432 -0.081669
v 1.439584 5.204729 -0.182941
v 1.249407 5.431974 -0.057365
v 1.358613 5.508682 -0.036481
v 1.605242 5.354798 -0.012380
v 1.458035 5.575350 -0.083298
v 1.196742 5.406352 -0.152491
v 1.234831 5.407481 -0.267638
v 1.157779 5.501193 -0.289778
v 1.111415 5.507932 -0.180262
v 1.280703 5.601062 -0.082705
v 1.374223 5.673846 -0.122093
v 1.174000 5.531038 -0.087615
v 1.082251 5.562154 -0.185156
v 1.129872 5.569590 -0.320547
v 1.077332 5.635302 -0.330151
v 1.050185 5.619958 -0.189610
v 0.988846 5.701029 -0.214044
v 1.014993 5.718180 -0.336008
v 0.812284 5.940980 -0.250613
v 0.856035 5.967926 -0.357669
v 1.150122 5.586234 -0.094536
v 1.245511 5.642729 -0.086894
v 0.819072 5.944211 -0.174723
v 0.998651 5.704796 -0.167342
v 1.110519 5.643046 -0.098466
v 1.042894 5.730155 -0.091315
v 1.205290 5.692570 -0.083168
v 0.850756 5.965393 -0.076989
v 1.142694 5.780781 -0.070007
v 1.228666 5.836369 -0.146825
v 1.288748 5.757449 -0.145054
v 1.246390 5.850991 -0.243117
v 1.312249 5.773419 -0.241844
v 1.360898 5.729825 -0.237131
v 1.335122 5.714275 -0.136315
v 1.076043 6.090641 -0.232392
v 1.059444 6.086175 -0.134755
v 0.967673 6.039793 -0.048005
v 1.046371 6.076555 -0.326720
v 1.204153 5.822883 -0.333688
v 0.666689 6.231694 -0.062670
v 0.777759 6.317098 -0.028325
v 0.874880 6.366303 -0.110080
v 0.902530 6.370681 -0.213221
v 0.815137 6.479353 -0.092786
v 0.722989 6.395830 -0.016542
v 0.628989 6.288562 -0.059062
v 0.604979 6.250334 -0.169565
v 0.636405 6.196974 -0.173234
v 0.601093 6.341285 -0.031753
v 0.580985 6.288327 -0.167650
v 0.591036 6.321011 -0.073659
v 0.576209 6.275088 -0.240831
v 0.599951 6.243058 -0.246882
v 0.634831 6.188935 -0.259574
v 0.596819 6.298321 -0.328177
v 0.635334 6.275180 -0.336879
v 0.700439 6.223547 -0.358675
v 0.574449 6.335862 -0.087973
v 0.582357 6.360360 -0.018973
v 0.564507 6.329990 -0.156763
v 0.564758 6.297592 -0.232677
v 0.581740 6.301405 -0.323706
v 0.667875 6.452696 -0.003893
v 0.615101 6.485104 0.010667
v 0.722738 6.566359 -0.041402
v 0.764204 6.596948 -0.108755
v 0.838016 6.502197 -0.204783
v 0.769987 6.612105 -0.197983
v 0.705647 6.673985 -0.101443
v 0.705647 6.693635 -0.192754
v 0.702379 6.642095 -0.303032
v 0.759253 6.569872 -0.301894
v 0.638788 6.692201 -0.313392
v 0.638100 6.741117 -0.189505
v 0.640362 6.718494 -0.095123
v 0.641554 6.629520 -0.021300
v 0.814886 6.475388 -0.308440
v 0.703133 6.469444 -0.378688
v 0.628043 6.545265 -0.394009
v 0.633011 6.611364 -0.369407
v 0.745507 6.403446 -0.373157
v 0.873962 6.364184 -0.313191
v 0.793942 6.316301 -0.374748
v 0.956108 6.026364 -0.383249
v 0.672286 6.313527 -0.359617
v 1.103589 5.770868 -0.378616
v 0.856035 5.967926 -0.357669
v 1.014993 5.718180 -0.336008
v 1.162304 5.679292 -0.377621
v 1.249659 5.729616 -0.339684
v 1.210318 5.605908 -0.375939
v 1.290885 5.665274 -0.338651
v 1.077332 5.635302 -0.330151
v 1.270149 5.528623 -0.366652
v 1.365926 5.615878 -0.318775
v 1.129872 5.569590 -0.320547
v 1.157779 5.501193 -0.289778
v 1.334756 5.453570 -0.343319
v 1.439579 5.527226 -0.296733
v 1.234831 5.407481 -0.267638
v 1.439584 5.204729 -0.182941
v 1.523796 5.232891 -0.245244
v 1.696499 4.950821 -0.056176
v 1.754570 4.957469 -0.111589
v 1.806104 4.811873 -0.003661
v 1.842368 4.816067 -0.057029
v 1.613036 5.299935 -0.203580
v 1.828977 5.017263 -0.083387
v 1.892136 4.841111 -0.062963
v 1.919786 4.884463 -0.056116
v 1.940145 4.913809 -0.013349
v 1.839974 5.062645 0.018473
v 1.928837 4.941231 0.066153
v 1.805350 5.065380 0.094846
v 1.892639 4.944541 0.147048
v 1.663401 5.349833 -0.100294
v 1.501169 5.575162 -0.192410
v 1.409163 5.682230 -0.226309
v 0.581740 6.301405 -0.323706
v 0.604104 6.407427 -0.389756
v 0.641554 6.373541 -0.371114
v 0.596819 6.298321 -0.328177
v 0.615921 6.476192 -0.396895
v 0.635334 6.275180 -0.336879
v 0.700439 6.223547 -0.358675
v 0.604104 6.407427 -0.389756
v 0.581740 6.301405 -0.323706
v 0.594556 6.408823 -0.396819
v 0.615921 6.476192 -0.396895
v 0.606116 6.479122 -0.401971
v 0.628043 6.545265 -0.394009
v 0.615418 6.549567 -0.398074
v 0.633011 6.611364 -0.369407
v 0.619686 6.614340 -0.371963
v 0.637345 6.658192 -0.343533
v 0.622201 6.662553 -0.343581
v 0.638788 6.692201 -0.313392
v 0.622703 6.699274 -0.310991
v 0.555598 6.417046 -0.417061
v 0.564452 6.274417 -0.321786
v 0.564758 6.297592 -0.232677
v 0.558725 6.294127 -0.229604
v 0.546214 6.137557 -0.279401
v 0.544706 6.134373 -0.195870
v 0.508398 5.947376 -0.242123
v 0.420213 6.017771 -0.372998
v 0.509508 6.171052 -0.354366
v 0.248542 6.139452 -0.474552
v 0.444004 6.315776 -0.462187
v 0.420169 5.764058 -0.198450
v 0.520767 5.893718 -0.113555
v 0.495631 5.808064 -0.093069
v 0.219357 6.351776 -0.522172
v 0.130619 5.812438 -0.353106
v 0.189963 6.519997 -0.514356
v 0.161805 6.677033 -0.474636
v 0.000650 6.687129 -0.472283
v 0.417114 6.554584 -0.461496
v 0.387781 6.697519 -0.410059
v 0.328896 6.803769 -0.346855
v 0.139162 6.821952 -0.426641
v 0.350003 6.829268 -0.261800
v 0.478032 6.776878 -0.290154
v 0.579029 6.713335 -0.322800
v 0.579029 6.740688 -0.278493
v 0.578974 6.675378 -0.358868
v 0.577717 6.624123 -0.388710
v 0.573498 6.565095 -0.411426
v 0.565403 6.490914 -0.419253
v -0.253724 5.556061 -0.251423
v 0.111250 5.546307 -0.263838
v 0.290720 5.757190 -0.312977
v 0.255281 5.556069 -0.250920
v -1.695609 4.951308 -0.056178
v -1.680273 4.974210 0.023414
v -1.780662 4.837787 0.075877
v -1.805044 4.811868 -0.003661
v -1.704834 5.012196 0.102779
v -1.791041 4.871744 0.154252
v -1.828742 4.912324 0.176728
v -1.747148 5.040665 0.121918
v -1.891584 4.944530 0.147049
v -1.804650 5.066386 0.094869
v -1.927973 4.941718 0.066162
v -1.839099 5.063148 0.018476
v -1.939287 4.914290 -0.013346
v -1.828288 5.018258 -0.083403
v -1.918923 4.884944 -0.056123
v -1.440644 5.262564 0.007195
v -1.401320 5.223945 -0.081677
v -1.604188 5.354793 -0.012380
v -1.528272 5.315814 0.034009
v -1.662346 5.349827 -0.100294
v -1.248353 5.431969 -0.057365
v -1.195687 5.406346 -0.152491
v -1.357695 5.509229 -0.036484
v -1.279653 5.601057 -0.082705
v -1.172945 5.531033 -0.087615
v -1.110360 5.507926 -0.180262
v -1.500114 5.575156 -0.192410
v -1.456986 5.575345 -0.083298
v -1.373168 5.673841 -0.122093
v -1.148815 5.586228 -0.094536
v -1.244456 5.642724 -0.086894
v -1.334068 5.714269 -0.136315
v -1.408108 5.682225 -0.226309
v -1.611982 5.299930 -0.203580
v -1.438529 5.527226 -0.296733
v -1.522741 5.232885 -0.245243
v -1.333701 5.453565 -0.343319
v -1.359843 5.729820 -0.237131
v -1.364871 5.615872 -0.318775
v -1.269094 5.528618 -0.366652
v -1.438524 5.204723 -0.182941
v -1.695609 4.951308 -0.056178
v -1.753685 4.957961 -0.111602
v -1.234028 5.407476 -0.267638
v -1.289956 5.665836 -0.338682
v -1.209263 5.605903 -0.375939
v -1.128708 5.569027 -0.320510
v -1.156724 5.501188 -0.289778
v -1.161134 5.678724 -0.377584
v -1.076283 5.635297 -0.330151
v -1.102534 5.770862 -0.378615
v -1.013938 5.718174 -0.336008
v -1.248604 5.729610 -0.339684
v -1.203098 5.822883 -0.333688
v -1.045573 6.076549 -0.326720
v -0.955053 6.026359 -0.383249
v -1.245336 5.850991 -0.243117
v -1.074988 6.090637 -0.232392
v -0.901481 6.370681 -0.213221
v -0.872913 6.364178 -0.313191
v -0.854981 5.967926 -0.357669
v -0.792893 6.316301 -0.374748
v -0.744452 6.403446 -0.373157
v -0.813836 6.475382 -0.308440
v -0.702078 6.469438 -0.378688
v -0.758203 6.569866 -0.301894
v -0.671231 6.313527 -0.359617
v -0.699384 6.223541 -0.358674
v -0.836961 6.502191 -0.204783
v -0.768938 6.612099 -0.197983
v -0.701330 6.641984 -0.309568
v -0.704592 6.693629 -0.192754
v -0.638559 6.723891 -0.260119
v -0.704592 6.673980 -0.101443
v -0.763155 6.596948 -0.108755
v -0.721432 6.566353 -0.041402
v -0.814088 6.479348 -0.092786
v -0.721934 6.395824 -0.016542
v -0.776709 6.317092 -0.028325
v -0.873831 6.366303 -0.110080
v -0.666826 6.452696 -0.003893
v -1.058395 6.086175 -0.134755
v -0.966618 6.039788 -0.048005
v -0.665635 6.231694 -0.062670
v -0.849701 5.965387 -0.076989
v -0.627939 6.288562 -0.059062
v -0.603929 6.250334 -0.169565
v -0.579931 6.288327 -0.167650
v -0.589987 6.321005 -0.073659
v -0.600038 6.341285 -0.031753
v -0.581302 6.360360 -0.018973
v -0.635350 6.196974 -0.173234
v -0.573399 6.335856 -0.087973
v -0.563458 6.329985 -0.156763
v -0.563709 6.297592 -0.232677
v -0.575405 6.275088 -0.240831
v -0.598901 6.243058 -0.246882
v -0.633782 6.188930 -0.259574
v -0.580685 6.301405 -0.323706
v -0.595764 6.298316 -0.328177
v -0.634285 6.275175 -0.336879
v -0.699384 6.223541 -0.358674
v -0.811481 5.940975 -0.250613
v -0.854981 5.967926 -0.357669
v -0.818023 5.944205 -0.174718
v -0.987792 5.701023 -0.214044
v -0.997597 5.704791 -0.167342
v -1.049131 5.619958 -0.189610
v -1.109464 5.643041 -0.098466
v -1.041840 5.730150 -0.091315
v -1.081306 5.562706 -0.185170
v -1.141639 5.780776 -0.070007
v -1.204235 5.692564 -0.083168
v -1.227617 5.836362 -0.146825
v -1.287693 5.757443 -0.145054
v -1.311195 5.773413 -0.241843
v -1.156724 5.501188 -0.289778
v -1.128708 5.569027 -0.320510
v -1.076283 5.635297 -0.330151
v -1.013938 5.718174 -0.336008
v -1.234028 5.407476 -0.267638
v -1.438524 5.204723 -0.182941
v -0.603055 6.407427 -0.389756
v -0.640504 6.373541 -0.371114
v -0.580685 6.301405 -0.323706
v -0.595764 6.298316 -0.328177
v -0.634285 6.275175 -0.336879
v -0.615117 6.476171 -0.397901
v -0.626994 6.545259 -0.394009
v -0.632962 6.605712 -0.376854
v -0.635728 6.659026 -0.344027
v -0.637739 6.694838 -0.305388
v -0.637302 6.741111 -0.189505
v -0.639313 6.718494 -0.095123
v -0.640756 6.629520 -0.021300
v -0.614051 6.485098 0.010667
v 0.640362 6.718494 -0.095123
v 0.605170 6.724544 -0.094215
v 0.595310 6.682369 -0.048791
v 0.611455 6.741357 -0.143254
v 0.638100 6.741117 -0.189505
v 0.617992 6.746602 -0.192107
v 0.620003 6.739450 -0.230709
v 0.620692 6.723600 -0.267641
v 0.638788 6.692201 -0.313392
v 0.622703 6.699274 -0.310991
v -1.891273 4.841591 -0.062965
v -1.841313 4.816061 -0.057029
v -1.805044 4.811868 -0.003661
v 1.976993 4.316078 0.376444
v 1.959252 4.364660 0.355969
v 1.992684 4.371820 0.363392
v 2.001883 4.324681 0.379826
v 1.982071 4.417380 0.355166
v 1.946627 4.409685 0.345735
v 1.943610 4.419221 0.344576
v 1.916966 4.400340 0.358457
v 1.934056 4.350734 0.369306
v 1.957635 4.306654 0.384642
v 1.967636 4.295121 0.391414
v 1.986995 4.296126 0.391397
v 2.003588 4.307168 0.389711
v 1.937521 4.336560 0.399248
v 1.957826 4.302958 0.409392
v 1.970402 4.287838 0.407623
v 1.984229 4.283313 0.407696
v 2.002834 4.291333 0.406058
v 2.012639 4.304888 0.404332
v 2.015159 4.324001 0.404528
v 2.010431 4.362655 0.395812
v 1.999921 4.400816 0.388115
v 1.992433 4.425408 0.381641
v 1.910489 4.398305 0.384591
v 1.919983 4.374705 0.390545
v 1.965374 4.549320 0.342066
v 0.551270 6.687770 -0.046374
v 0.562441 6.731598 -0.093322
v 0.569481 6.750369 -0.145410
v 0.576515 6.757581 -0.197313
v 0.578777 6.753400 -0.238471
v 0.579029 6.740688 -0.278493
v -0.584767 6.678095 -0.356425
v -0.586527 6.713515 -0.311236
v -0.587030 6.739253 -0.273944
v -0.572197 6.565598 -0.411434
v 0.637345 6.658192 -0.343533
vn 0.8351 0.2860 0.4699
vn 0.7598 0.2342 0.6066
vn 0.5543 0.4165 0.7206
vn 0.5982 0.4525 0.6614
vn 0.5045 0.2674 0.8210
vn 0.6929 0.2107 0.6896
vn 0.4738 0.2447 0.8459
vn 0.6008 0.1814 0.7786
vn 0.2706 0.1525 0.9505
vn -0.0039 0.5362 0.8441
vn -0.0039 0.3640 0.9314
vn 0.3393 -0.0200 0.9405
vn 0.8707 0.2160 0.4418
vn 0.8935 0.1994 0.4023
vn 0.7781 0.0999 0.6201
vn 0.7989 -0.3265 0.5051
vn 0.7663 -0.3967 0.5055
vn 0.1293 -0.9472 0.2933
vn 0.4807 -0.8698 0.1117
vn 0.2470 -0.9499 0.1917
vn 0.4893 -0.8545 0.1742
vn 0.8513 -0.2160 0.4782
vn 0.6054 0.3281 0.7252
vn 0.6073 -0.1403 0.7820
vn 0.5133 -0.6853 0.5165
vn -0.0117 -0.1441 0.9895
vn -0.0195 -0.7741 0.6328
vn -0.0039 0.3802 0.9249
vn -0.0273 -0.9746 0.2222
vn -0.0117 -0.9490 0.3151
vn -0.0117 0.5563 0.8309
vn -0.5805 -0.6506 0.4897
vn -0.6244 -0.1078 0.7736
vn -0.8788 -0.1922 0.4367
vn -0.6283 0.3198 0.7092
vn -0.8804 0.2142 0.4231
vn -0.8007 -0.3160 0.5090
vn -0.5085 -0.8566 0.0875
vn -0.6165 0.4463 0.6487
vn -0.8423 0.2778 0.4618
vn -0.5676 0.4302 0.7020
vn -0.7625 0.2559 0.5943
vn -0.5194 0.2902 0.8038
vn -0.7149 0.2410 0.6564
vn -0.5973 0.2115 0.7736
vn -0.4723 0.2828 0.8348
vn -0.2769 0.1751 0.9448
vn -0.7781 0.0999 0.6202
vn -0.3463 -0.0122 0.9380
vn -0.2777 -0.0511 0.9593
vn -0.4006 0.0808 0.9127
vn -0.5948 -0.0922 0.7986
vn -0.4543 -0.1607 0.8763
vn -0.3794 -0.0908 0.9208
vn -0.5483 -0.2400 0.8011
vn -0.6360 -0.2811 0.7187
vn -0.7744 -0.3771 0.5081
vn -0.6511 -0.3519 0.6725
vn -0.6720 -0.4215 0.6089
vn -0.7915 -0.5133 0.3319
vn -0.6403 -0.3891 0.6622
vn -0.7194 -0.5494 0.4250
vn -0.6902 -0.7031 0.1712
vn -0.7016 -0.7083 0.0780
vn -0.5810 -0.2332 0.7798
vn -0.6872 -0.4687 0.5550
vn -0.3936 -0.1296 0.9101
vn -0.4407 -0.5226 0.7299
vn -0.7813 -0.2591 0.5678
vn -0.8837 -0.1525 0.4424
vn -0.9377 -0.2570 0.2337
vn -0.9651 -0.1569 0.2096
vn -0.9775 -0.1894 0.0926
vn -0.9501 -0.3081 0.0480
vn -0.9898 -0.1201 0.0763
vn -0.9791 -0.0397 0.1996
vn -0.9688 -0.1643 0.1855
vn -0.9087 -0.0050 0.4174
vn -0.9227 -0.0055 0.3855
vn -0.9609 0.0239 0.2759
vn -0.9167 0.0726 0.3929
vn -0.8983 0.0109 0.4393
vn -0.8150 -0.1744 0.5527
vn -0.8147 -0.1509 0.5599
vn -0.7907 0.0371 0.6110
vn -0.9072 -0.0517 0.4175
vn -0.7987 0.0914 0.5947
vn -0.7450 0.0224 0.6667
vn -0.6969 -0.0703 0.7137
vn -0.7545 0.1315 0.6430
vn -0.5348 -0.0841 0.8408
vn -0.5332 0.0642 0.8436
vn -0.4006 -0.2308 0.8867
vn -0.3159 -0.0277 0.9484
vn -0.3227 -0.3475 0.8804
vn -0.1364 -0.0816 0.9873
vn -0.2452 -0.3476 0.9050
vn -0.5268 -0.3663 0.7670
vn -0.6271 -0.4297 0.6497
vn -0.6729 -0.3435 0.6552
vn -0.6794 0.0157 0.7336
vn -0.6749 -0.2032 0.7094
vn -0.6505 0.0083 0.7595
vn -0.6032 0.2031 0.7713
vn -0.6148 0.1339 0.7772
vn -0.5267 -0.5159 0.6756
vn -0.4959 -0.4055 0.7679
vn -0.3778 -0.3642 0.8512
vn -0.2766 0.1283 0.9524
vn -0.3554 -0.0358 0.9340
vn -0.1130 0.0043 0.9936
vn -0.0740 0.1056 0.9917
vn -0.0507 0.1680 0.9845
vn 0.0664 0.5641 0.8231
vn 0.0978 0.6421 0.7604
vn -0.4168 -0.0361 0.9083
vn -0.1136 0.7584 0.6419
vn -0.0587 0.7509 0.6578
vn -0.1363 -0.1440 0.9801
vn -0.0355 0.9017 0.4309
vn -0.5656 0.1807 0.8047
vn -0.5416 -0.7864 0.2971
vn -0.2776 -0.8897 0.3624
vn -0.6690 0.2110 0.7127
vn -0.2222 -0.8782 0.4235
vn -0.2140 -0.5278 0.8219
vn -0.2217 -0.7566 0.6152
vn -0.4315 -0.6470 0.6286
vn -0.1281 -0.8658 0.4837
vn -0.0662 -0.8844 0.4620
vn 0.5208 -0.0686 0.8509
vn -0.1369 0.7268 0.6730
vn 0.1210 -0.2225 0.9674
vn -0.3382 -0.4337 0.8351
vn -0.4487 -0.5151 0.7303
vn -0.3229 -0.6702 0.6683
vn -0.2992 -0.4881 0.8199
vn -0.2302 -0.5845 0.7781
vn -0.2222 -0.3951 0.8914
vn -0.3078 -0.5605 0.7689
vn -0.3469 -0.5373 0.7688
vn -0.4171 -0.5616 0.7146
vn -0.3168 -0.4679 0.8251
vn -0.4249 -0.1768 0.8878
vn -0.0196 -0.2389 0.9709
vn -0.0117 -0.0427 0.9990
vn 0.3628 -0.1530 0.9192
vn 0.2216 -0.3469 0.9114
vn 0.1285 -0.0971 0.9869
vn 0.3086 -0.3492 0.8848
vn 0.3089 -0.0278 0.9507
vn 0.3948 -0.2241 0.8910
vn 0.5276 0.0644 0.8471
vn 0.3794 0.1204 0.9174
vn 0.6139 0.0869 0.7846
vn 0.7978 0.1156 0.5917
vn 0.5303 -0.0611 0.8456
vn 0.7473 0.1318 0.6513
vn 0.6940 -0.0473 0.7184
vn 0.8202 -0.1363 0.5556
vn 0.8997 0.0267 0.4357
vn 0.9396 -0.0063 0.3422
vn 0.9210 0.0415 0.3874
vn 0.9645 -0.0076 0.2639
vn 0.8298 -0.1369 0.5410
vn 0.9828 -0.0484 0.1784
vn 0.9848 -0.0799 0.1543
vn 0.9335 -0.0061 0.3586
vn 0.8113 0.0368 0.5834
vn 0.9763 -0.1584 0.1476
vn 0.9887 -0.1288 0.0769
vn 0.9795 -0.1918 0.0621
vn 0.9245 -0.0687 0.3749
vn 0.8094 0.0836 0.5813
vn 0.8772 -0.2094 0.4321
vn 0.9303 -0.2989 0.2129
vn 0.7375 -0.0087 0.6753
vn 0.7954 -0.3011 0.5260
vn 0.8685 -0.3680 0.3321
vn 0.9250 -0.3728 0.0729
vn 0.9501 -0.3111 0.0247
vn 0.8761 -0.4573 0.1527
vn 0.5912 -0.1242 0.7969
vn 0.6603 -0.2819 0.6961
vn 0.4261 -0.1616 0.8901
vn 0.2702 -0.0668 0.9605
vn 0.3879 0.0579 0.9199
vn 0.3802 -0.0675 0.9224
vn 0.5973 -0.1866 0.7800
vn 0.5821 -0.2258 0.7812
vn 0.7003 -0.3539 0.6200
vn 0.8009 -0.3794 0.4633
vn 0.7000 -0.4249 0.5740
vn 0.8125 -0.4936 0.3102
vn 0.6547 -0.3935 0.6454
vn 0.7317 -0.5372 0.4195
vn 0.5758 -0.2343 0.7833
vn 0.4651 -0.2876 0.8372
vn 0.6860 -0.4733 0.5526
vn 0.3803 -0.1304 0.9156
vn 0.4343 -0.5244 0.7324
vn 0.2858 -0.1924 0.9388
vn 0.3087 -0.5463 0.7786
vn 0.4657 -0.4220 0.7779
vn 0.5032 -0.2952 0.8122
vn -0.0039 -0.1441 0.9896
vn -0.0039 -0.0970 0.9953
vn 0.3642 -0.8762 0.3157
vn 0.6162 -0.7539 0.2280
vn 0.2391 -0.9692 -0.0590
vn -0.0039 -0.9973 -0.0738
vn -0.0195 -0.9981 0.0591
vn 0.4763 -0.8785 -0.0371
vn 0.4347 -0.8954 0.0966
vn -0.0039 -0.9410 0.3384
vn 0.7035 -0.6932 0.1566
vn -0.0273 -0.7599 0.6495
vn 0.5926 -0.5838 0.5549
vn 0.7284 -0.6798 0.0857
vn 0.5426 -0.3429 0.7668
vn 0.3415 -0.4856 0.8047
vn 0.3180 0.0741 0.9452
vn -0.0039 0.0981 0.9952
vn -0.0039 -0.5349 0.8449
vn 0.5041 0.0021 0.8637
vn 0.3864 -0.4595 0.7997
vn 0.2542 -0.2863 0.9238
vn 0.4423 -0.4455 0.7784
vn 0.3465 -0.6947 0.6303
vn 0.2535 -0.6238 0.7393
vn 0.4095 -0.1298 0.9030
vn 0.5260 -0.2794 0.8033
vn 0.4562 -0.3260 0.8280
vn 0.5044 -0.3273 0.7990
vn 0.4735 -0.0054 0.8808
vn 0.4588 0.1200 0.8804
vn 0.2531 -0.0897 0.9633
vn 0.3326 -0.0044 0.9431
vn 0.4812 -0.3746 0.7925
vn 0.5880 -0.4369 0.6807
vn 0.1923 -0.8598 0.4730
vn -0.0195 -0.1441 0.9894
vn -0.0429 -0.1440 0.9887
vn -0.0274 -0.5938 0.8042
vn -0.0039 -0.1593 0.9872
vn -0.2694 -0.2780 0.9220
vn -0.2622 -0.5785 0.7724
vn -0.3624 -0.6717 0.6461
vn -0.4557 -0.3962 0.7971
vn -0.5247 0.0098 0.8512
vn -0.3390 0.0735 0.9379
vn -0.3538 -0.4889 0.7974
vn -0.5636 -0.3338 0.7556
vn -0.3787 -0.4517 0.8078
vn -0.4810 -0.4060 0.7770
vn -0.3157 -0.5450 0.7767
vn -0.4723 -0.2794 0.8360
vn -0.5089 -0.2940 0.8091
vn -0.4647 -0.3108 0.8291
vn -0.2929 -0.1920 0.9367
vn -0.4499 -0.3271 0.8310
vn -0.4883 -0.0368 0.8719
vn -0.5406 -0.2555 0.8015
vn -0.4168 -0.1141 0.9018
vn -0.4717 0.1037 0.8756
vn -0.2848 -0.0588 0.9568
vn -0.3488 -0.0202 0.9370
vn -0.4946 -0.3651 0.7887
vn -0.5982 -0.4310 0.6756
vn -0.5877 -0.1937 0.7855
vn -0.5973 -0.1866 0.7800
vn -0.7340 -0.5968 0.3242
vn -0.9700 -0.0468 0.2384
vn -0.1677 -0.8622 0.4780
vn -0.7756 -0.3936 0.4936
vn -0.8979 0.1985 0.3929
vn -0.6824 -0.0390 0.7299
vn -0.0117 -0.5990 0.8007
vn -0.1527 -0.9388 0.3088
vn -0.2536 -0.9450 0.2064
vn -0.5166 -0.8402 0.1650
vn 0.7392 -0.5934 0.3186
vn 0.6000 -0.1954 0.7758
vn 0.9738 -0.0318 0.2253
vn 0.7025 -0.0318 0.7110
vn 0.3409 -0.0672 0.9377
vn 0.6012 0.1344 0.7877
vn 0.6375 0.0085 0.7704
vn 0.2554 0.1058 0.9610
vn 0.0975 -0.0191 0.9950
vn 0.0195 0.1833 0.9829
vn 0.5903 0.2275 0.7744
vn 0.6445 -0.1873 0.7413
vn 0.0979 0.1060 0.9895
vn 0.6626 0.0003 0.7490
vn -0.1212 0.5413 0.8321
vn 0.0354 0.7770 0.6285
vn -0.0510 0.8980 0.4370
vn 0.2148 -0.1368 0.9670
vn 0.0275 0.7371 0.6752
vn 0.1221 0.7396 0.6619
vn 0.5303 0.2527 0.8093
vn 0.6004 -0.7450 0.2906
vn 0.6565 0.2121 0.7239
vn -0.0430 0.6190 0.7842
vn 0.4674 -0.0054 0.8840
vn 0.4965 -0.6039 0.6236
vn 0.3087 -0.7607 0.5710
vn 0.3634 -0.8822 0.2994
vn 0.2299 -0.5758 0.7846
vn 0.2296 -0.9008 0.3686
vn 0.0974 -0.8931 0.4391
vn 0.3172 -0.4921 0.8107
vn 0.2220 -0.3791 0.8983
vn 0.3800 -0.3507 0.8559
vn 0.4504 -0.5885 0.6714
vn 0.5217 -0.4236 0.7405
vn 0.4428 -0.5570 0.7026
vn -0.2761 -0.1598 0.9477
vn 0.0975 -0.9177 0.3851
vn -0.4025 -0.1379 0.9050
vn 0.4907 -0.5348 0.6879
vn 0.2787 0.4572 0.8446
vn 0.3010 -0.4517 0.8399
vn 0.2862 -0.5323 0.7967
vn 0.3882 -0.3589 0.8488
vn 0.5340 -0.3580 0.7659
vn 0.4267 -0.5404 0.7252
vn 0.6069 -0.1794 0.7743
vn -0.6577 -0.2337 0.7161
vn -0.5898 -0.0926 0.8022
vn 0.5681 -0.0691 0.8201
vn 0.4097 -0.4910 0.7688
vn 0.2145 -0.5368 0.8160
vn 0.7947 -0.6063 0.0293
vn 0.8275 -0.5544 -0.0892
vn 0.7176 -0.6930 0.0699
vn 0.9183 -0.3912 -0.0607
vn 0.8947 -0.4389 -0.0836
vn 0.7901 -0.5910 0.1628
vn 0.6309 -0.7368 -0.2429
vn 0.6721 -0.6185 0.4070
vn -0.0822 -0.9335 -0.3491
vn 0.8006 -0.5965 -0.0575
vn -0.1292 -0.7815 -0.6103
vn 0.8770 -0.2253 0.4245
vn 0.6795 -0.5460 -0.4901
vn -0.1452 -0.5042 -0.8513
vn 0.0512 -0.1615 -0.9855
vn 0.2708 -0.3792 -0.8848
vn 0.4138 -0.0264 -0.9100
vn 0.8676 -0.3163 -0.3837
vn 0.9355 -0.2293 -0.2687
vn 0.2240 -0.6521 -0.7243
vn 0.1692 0.2800 -0.9450
vn -0.0277 0.7856 -0.6181
vn 0.8792 0.4678 -0.0903
vn 0.9768 0.0401 -0.2103
vn 0.6929 -0.4252 0.5823
vn 0.5462 -0.2663 0.7942
vn 0.9124 -0.2696 -0.3078
vn 0.8950 -0.0126 0.4458
vn 0.9484 -0.2207 0.2279
vn 0.6223 -0.2661 0.7362
vn 0.8807 0.0037 0.4736
vn 0.6608 0.0863 0.7456
vn 0.6213 -0.6455 0.4441
vn 0.8057 -0.5673 0.1703
vn 0.9578 -0.2541 0.1342
vn 0.8058 -0.4941 0.3264
vn 0.8291 -0.4546 0.3256
vn 0.6797 0.4300 0.5943
vn 0.7800 0.5649 0.2692
vn 0.7978 0.5427 0.2625
vn 0.9044 0.0108 0.4266
vn 0.9420 -0.2126 0.2596
vn 0.9893 -0.0016 0.1459
vn -0.2080 0.9768 -0.0510
vn 0.4073 0.6743 -0.6159
vn 0.9963 -0.0445 -0.0741
vn 0.9775 0.1991 -0.0699
vn 0.9360 -0.0254 -0.3511
vn 0.9238 -0.2057 -0.3230
vn 0.7910 -0.1551 -0.5918
vn 0.8999 -0.4269 0.0894
vn 0.9658 -0.2471 0.0789
vn 0.8213 0.0367 0.5693
vn 0.6929 0.2108 0.6896
vn 0.8727 0.0899 0.4799
vn 0.9876 -0.1389 -0.0725
vn 0.4591 0.2921 0.8390
vn 0.2228 0.3624 0.9050
vn 0.1756 0.1133 0.9779
vn 0.5140 0.5250 0.6784
vn 0.7356 0.3204 0.5968
vn 0.7908 0.4358 0.4298
vn 0.8869 0.1293 0.4434
vn 0.5608 0.6860 0.4636
vn 0.3030 0.8147 0.4945
vn 0.2633 0.6366 0.7248
vn 0.6890 0.1806 0.7019
vn 0.9321 0.2442 0.2675
vn 0.8073 0.5281 0.2633
vn 0.8383 0.5332 0.1134
vn 0.9647 0.2266 0.1342
vn 0.9613 0.0554 0.2699
vn 0.8677 0.4773 -0.1385
vn 0.9028 0.2189 -0.3702
vn 0.6681 0.5816 -0.4640
vn 0.6218 0.7616 -0.1826
vn 0.6028 0.7933 0.0857
vn 0.5767 0.7696 0.2741
vn 0.3036 0.9151 0.2652
vn -0.0039 0.9622 0.2723
vn -0.0039 0.9998 0.0195
vn 0.3110 0.9494 0.0438
vn -0.0039 0.8553 0.5181
vn 0.3194 0.9148 -0.2473
vn 0.3451 0.7324 -0.5870
vn -0.0039 0.9623 -0.2719
vn -0.0118 0.7750 -0.6319
vn -0.0276 0.4720 -0.8811
vn 0.3906 0.4408 -0.8081
vn -0.0274 0.1529 -0.9879
vn 0.4313 0.1321 -0.8925
vn -0.0196 -0.1065 -0.9941
vn 0.4458 -0.1287 -0.8858
vn 0.4518 -0.3003 -0.8400
vn -0.0117 -0.2937 -0.9558
vn 0.4839 -0.2378 -0.8422
vn -0.0039 -0.2313 -0.9729
vn 0.4923 -0.0258 -0.8701
vn -0.0512 -0.0515 -0.9974
vn 0.8089 -0.0213 -0.5876
vn 0.8316 -0.2641 -0.4885
vn 0.8053 -0.3028 -0.5098
vn 0.7536 0.0803 -0.6524
vn 0.7302 0.3100 -0.6089
vn 0.9989 0.0204 0.0431
vn 0.8663 -0.3990 0.3004
vn 0.0039 -0.6125 0.7904
vn -0.0039 0.6664 0.7456
vn 0.0039 0.3640 0.9314
vn -0.0117 -0.0893 0.9959
vn -0.1833 0.1054 0.9774
vn -0.3861 0.1200 0.9146
vn -0.4794 0.2978 0.8255
vn -0.2312 0.3711 0.8994
vn -0.5366 0.5238 0.6615
vn -0.7564 0.3189 0.5711
vn -0.7936 0.4253 0.4350
vn -0.8848 0.1591 0.4380
vn -0.7084 0.2104 0.6738
vn -0.6269 0.0942 0.7734
vn -0.8077 0.1458 0.5713
vn -0.5826 0.6684 0.4625
vn -0.3192 0.8079 0.4954
vn -0.2795 0.6375 0.7180
vn -0.8027 0.5101 0.3090
vn -0.9164 0.2507 0.3119
vn -0.9560 0.2255 0.1876
vn -0.8315 0.5297 0.1672
vn -0.9478 0.0868 0.3068
vn -0.9827 0.1837 -0.0225
vn -0.8641 0.4952 -0.0901
vn -0.9859 0.0066 0.1675
vn -0.9854 -0.0558 0.1606
vn -0.6006 0.7910 0.1168
vn -0.6080 0.7781 -0.1576
vn -0.6498 0.6031 -0.4626
vn -0.5899 0.7510 0.2966
vn -0.3194 0.9074 0.2732
vn -0.0040 0.9622 0.2723
vn -0.0040 0.9998 0.0195
vn -0.3106 0.9487 0.0595
vn -0.0040 0.8553 0.5181
vn -0.3100 0.9183 -0.2463
vn -0.3345 0.7345 -0.5904
vn -0.0040 0.9623 -0.2719
vn -0.0119 0.7750 -0.6319
vn -0.0277 0.4721 -0.8811
vn -0.3975 0.4239 -0.8138
vn -0.0275 0.1529 -0.9879
vn -0.4508 0.1231 -0.8841
vn -0.0197 -0.1065 -0.9941
vn -0.4677 -0.1280 -0.8746
vn -0.4662 -0.3072 -0.8296
vn -0.0118 -0.2937 -0.9558
vn -0.4677 -0.2456 -0.8491
vn -0.0040 -0.2313 -0.9729
vn -0.4591 -0.1123 -0.8812
vn -0.0513 -0.0515 -0.9974
vn -0.8270 0.0341 -0.5611
vn -0.8235 -0.2541 -0.5073
vn -0.8097 -0.3325 -0.4837
vn -0.8433 -0.3324 -0.4223
vn -0.9249 -0.2042 -0.3207
vn -0.9265 -0.2199 -0.3053
vn -0.3015 -0.3783 -0.8752
vn -0.7864 -0.1622 -0.5961
vn -0.9427 -0.0327 -0.3320
vn -0.9974 -0.0517 -0.0500
vn -0.7549 0.0482 -0.6541
vn -0.9184 0.2096 -0.3356
vn -0.7176 0.3155 -0.6208
vn -0.3584 -0.1369 -0.9235
vn -0.0673 0.3850 -0.9205
vn 0.0747 -0.4272 -0.9011
vn -0.4685 0.7202 -0.5116
vn -0.7384 -0.4188 -0.5286
vn -0.8093 -0.5766 -0.1120
vn 0.1138 -0.7290 -0.6750
vn 0.0587 -0.9261 -0.3727
vn -0.6902 -0.6058 0.3958
vn -0.6596 -0.7030 -0.2659
vn -0.7662 -0.6238 0.1540
vn -0.9049 -0.4203 -0.0677
vn -0.8646 -0.1758 -0.4707
vn -0.9280 0.2025 -0.3126
vn -0.5092 -0.3646 0.7796
vn -0.1764 -0.5812 -0.7944
vn -0.9591 -0.1805 0.2182
vn -0.9267 -0.1155 0.3577
vn -0.7460 0.1783 0.6417
vn -0.8743 -0.2302 0.4273
vn -0.7764 0.0608 0.6273
vn -0.8387 -0.0420 0.5430
vn -0.4633 -0.3725 0.8041
vn -0.8771 -0.0196 0.4799
vn -0.9584 -0.2281 0.1719
vn -0.7821 -0.6174 0.0839
vn -0.6009 -0.6716 0.4334
vn -0.8061 -0.5053 0.3080
vn -0.6811 -0.5014 0.5336
vn -0.8419 0.5355 -0.0674
vn -0.7458 0.5642 0.3542
vn 0.1535 0.9881 -0.0119
vn 0.0669 0.7976 -0.5995
vn -0.7322 0.3190 0.6018
vn -0.8186 -0.5039 0.2758
vn -0.7998 0.4780 0.3630
vn -0.9227 0.0023 0.3854
vn -0.9130 -0.4078 0.0104
vn -0.9698 -0.2284 0.0855
vn -0.9821 -0.1390 -0.1269
vn -0.8575 0.1060 0.5035
vn -0.9304 -0.3610 0.0642
vn -0.8709 -0.3419 0.3531
vn -0.8739 -0.4641 0.1446
vn -0.8232 -0.5595 -0.0964
vn -0.7909 -0.6113 0.0293
vn -0.7240 -0.6835 0.0932
vn -0.8774 -0.4214 0.2291
vn -0.9907 -0.1148 -0.0726
vn -0.8751 -0.4724 -0.1052
vn -0.4486 -0.8834 0.1352
vn -0.4728 -0.8800 -0.0445
vn -0.0196 -0.9981 0.0591
vn -0.2463 -0.9669 -0.0666
vn -0.5481 -0.5536 0.6270
vn -0.3710 -0.8737 0.3148
vn -0.6199 -0.7488 0.2343
vn -0.0274 -0.7598 0.6495
vn -0.0039 -0.5814 0.8136
vn 0.6386 -0.3534 0.6836
vn 0.6234 -0.4168 0.6616
vn -0.0040 0.6664 0.7456
vn -0.3950 -0.3738 0.8392
vn -0.3416 0.8355 0.4303
vn -0.7090 0.4050 0.5773
vn -0.3174 0.7039 0.6354
vn 0.1693 0.7002 0.6936
vn 0.2395 0.8364 0.4931
vn 0.5442 0.4072 0.7335
vn 0.6886 0.4848 0.5392
vn 0.8360 -0.0501 0.5464
vn 0.6698 -0.0468 0.7411
vn 0.5194 -0.4689 0.7144
vn 0.6522 -0.5582 0.5129
vn 0.2223 -0.8625 0.4546
vn 0.1519 -0.7335 0.6624
vn -0.3010 -0.8653 0.4009
vn -0.2913 -0.7400 0.6062
vn -0.6668 -0.4941 0.5578
vn -0.7467 -0.5612 0.3570
vn -0.9410 -0.0610 0.3329
vn -0.8320 -0.0575 0.5517
vn 0.0273 -0.4184 0.9078
vn -0.2223 -0.4267 0.8767
vn -0.1051 -0.0347 0.9939
vn 0.2224 -0.2698 0.9369
vn 0.3088 -0.0356 0.9505
vn 0.2315 0.2076 0.9504
vn 0.0196 0.3639 0.9312
vn -0.2386 0.3704 0.8977
vn -0.4491 0.2132 0.8677
vn -0.4395 -0.2937 0.8489
vn -0.5273 -0.0450 0.8485
vn 0.3346 0.8378 0.4315
vn 0.3104 0.7057 0.6370
vn 0.7019 0.4055 0.5856
vn 0.7970 0.4810 0.3653
vn -0.1760 0.6955 0.6966
vn -0.2475 0.8291 0.5013
vn -0.5513 0.3989 0.7327
vn -0.6897 0.4803 0.5418
vn -0.8383 -0.0498 0.5429
vn -0.6740 -0.0466 0.7372
vn -0.5259 -0.4757 0.7051
vn -0.6567 -0.5553 0.5103
vn -0.2297 -0.8610 0.4538
vn -0.1603 -0.7365 0.6572
vn 0.2938 -0.8673 0.4018
vn 0.2855 -0.7452 0.6026
vn 0.6624 -0.4967 0.5607
vn 0.7419 -0.5715 0.3507
vn 0.9396 -0.0693 0.3353
vn 0.8296 -0.0579 0.5554
vn -0.0350 -0.4247 0.9047
vn 0.2141 -0.4337 0.8752
vn 0.0974 -0.0425 0.9943
vn -0.2292 -0.2765 0.9333
vn -0.3157 -0.0432 0.9479
vn -0.2393 0.1997 0.9502
vn -0.0274 0.3638 0.9311
vn 0.2318 0.3642 0.9020
vn 0.4436 0.2064 0.8722
vn 0.4332 -0.2947 0.8517
vn 0.5217 -0.0452 0.8520
vn 0.1058 -0.9725 0.2077
vn 0.0979 -0.9716 0.2153
vn 0.0507 -0.9832 0.1756
vn 0.1448 -0.8896 0.4332
vn 0.0118 -0.9349 0.3546
vn 0.1841 -0.8662 0.4645
vn 0.4021 -0.8414 0.3610
vn 0.4421 -0.8607 0.2525
vn 0.5929 -0.8046 0.0326
vn 0.0195 -0.7266 0.6868
vn -0.1839 -0.9816 0.0510
vn -0.1050 -0.9729 0.2062
vn -0.2302 -0.9612 0.1520
vn -0.0974 -0.8365 0.5392
vn -0.1054 -0.7668 0.6331
vn 0.6155 -0.7881 0.0009
vn -0.3325 -0.9421 0.0425
vn -0.1602 -0.9617 0.2226
vn 0.1130 -0.9093 0.4004
vn 0.2297 -0.8690 0.4383
vn -0.1517 -0.9317 0.3299
vn -0.0666 -0.7694 0.6353
vn -0.0817 -0.7167 0.6926
vn -0.2300 -0.9438 0.2374
vn -0.0666 -0.9381 0.3400
vn 0.2465 -0.7933 0.5567
vn 0.2538 -0.7917 0.5556
vn 0.4258 -0.6899 0.5854
vn 0.0117 -0.9653 0.2608
vn 0.1366 -0.9440 0.3002
vn 0.2463 -0.8891 0.3857
vn 0.2849 -0.8637 0.4159
vn -0.1678 -0.9774 0.1289
vn -0.0664 -0.9944 0.0823
vn -0.1282 -0.9718 0.1981
vn -0.1519 -0.9419 0.2995
vn -0.0899 -0.9610 0.2616
vn -0.2772 -0.9129 0.2997
vn -0.4707 -0.8564 0.2122
vn -0.5246 -0.8161 0.2424
vn -0.6127 -0.7657 0.1958
vn -0.1213 -0.8163 0.5647
vn 0.1519 -0.9754 0.1598
vn 0.0507 -0.9423 0.3310
vn 0.2769 -0.9368 0.2140
vn 0.1368 -0.6567 0.7417
vn 0.1207 -0.5199 0.8456
vn -0.6285 -0.7585 0.1722
vn 0.4011 -0.9142 0.0575
vn 0.2778 -0.9398 0.1990
vn 0.1676 -0.9507 0.2608
vn 0.0196 -0.9457 0.3243
vn 0.2066 -0.9431 0.2607
vn 0.0195 -0.7671 0.6413
vn 0.0195 -0.7415 0.6706
vn 0.3180 -0.9358 0.1524
vn 0.1363 -0.9578 0.2529
vn -0.0978 -0.8885 0.4484
vn -0.2074 -0.8250 0.5258
vn 0.1370 -0.9553 0.2621
vn -0.0039 -0.9260 0.3776
vn -0.1135 -0.8568 0.5029
vn -0.1833 -0.8060 0.5628
vn -0.0118 -0.3266 -0.9451
vn -0.0435 -0.3428 -0.9384
vn -0.0039 -0.3502 -0.9367
vn -0.0039 -0.3267 -0.9451
vn -0.0039 -0.2719 -0.9623
vn -0.1540 -0.2799 -0.9476
vn -0.4929 -0.3715 -0.7868
vn -0.2875 -0.3961 -0.8720
vn -0.0830 -0.1146 -0.9899
vn -0.0040 -0.0200 -0.9998
vn -0.0672 0.1463 -0.9870
vn -0.0039 0.1066 -0.9943
vn -0.6820 -0.2751 -0.6777
vn -0.4302 -0.1761 -0.8854
vn -0.2492 0.1945 -0.9487
vn -0.1225 0.3130 -0.9418
vn -0.2726 0.4806 -0.8335
vn -0.9385 -0.2280 -0.2595
vn -0.8366 -0.3486 -0.4226
vn -0.7113 -0.4605 -0.5311
vn -0.9538 -0.2653 -0.1410
vn -0.8975 -0.3837 -0.2173
vn -0.8597 -0.3630 -0.3593
vn -0.2651 0.4093 -0.8730
vn -0.4379 -0.1995 -0.8766
vn -0.3115 -0.0192 -0.9501
vn -0.8804 -0.4231 0.2142
vn 0.1524 -0.9611 0.2303
vn -0.2008 -0.7698 -0.6059
vn -0.9917 -0.1208 0.0450
vn -0.4073 0.6743 -0.6159
vn -0.3192 0.8810 -0.3492
vn -0.4455 0.8943 -0.0420
vn -0.6659 0.7454 0.0313
vn -0.6205 0.5805 -0.5272
vn -0.2336 0.4096 -0.8818
vn -0.3602 0.4021 -0.8417
vn -0.0039 0.3294 -0.9442
vn -0.0040 0.2577 -0.9662
vn -0.4703 0.2751 -0.8385
vn -0.4940 0.2038 -0.8452
vn -0.0040 0.2335 -0.9724
vn 0.4880 0.2046 -0.8485
vn 0.4642 0.2761 -0.8416
vn 0.8446 0.1942 -0.4988
vn 0.7813 0.4008 -0.4784
vn 0.3533 0.4033 -0.8441
vn 0.6156 0.5834 -0.5298
vn -0.0040 0.3128 -0.9498
vn 0.8983 0.4390 -0.0190
vn 0.6615 0.7493 0.0315
vn 0.9857 0.0808 -0.1478
vn 0.8368 0.1382 -0.5297
vn 0.9996 -0.0044 -0.0276
vn 0.4955 0.2205 -0.8401
vn -0.0039 0.2890 -0.9573
vn -0.5015 0.2196 -0.8368
vn -0.8391 0.1374 -0.5263
vn -0.8469 0.1930 -0.4955
vn -0.9859 0.0802 -0.1467
vn -0.9996 -0.0043 -0.0274
vn -0.7844 0.3984 -0.4755
vn -0.8998 0.4359 -0.0188
vn -0.2718 -0.3493 -0.8967
vn -0.3977 -0.4343 -0.8082
vn -0.4304 -0.1210 -0.8945
vn -0.3279 -0.0507 -0.9433
vn -0.3675 0.1156 -0.9228
vn -0.3834 0.1237 -0.9153
vn -0.4541 0.3224 -0.8306
vn -0.3758 0.3542 -0.8563
vn -0.4384 0.5535 -0.7081
vn -0.3759 0.5860 -0.7178
vn -0.4386 0.7145 -0.5450
vn -0.3510 0.7443 -0.5682
vn -0.4860 0.8047 -0.3410
vn -0.3671 0.8588 -0.3573
vn 0.1144 0.7098 0.6951
vn -0.2003 0.8063 0.5566
vn -0.2238 0.7520 0.6200
vn 0.0512 0.6225 0.7810
vn 0.3188 0.4972 0.8069
vn 0.4135 0.4186 0.8086
vn 0.6194 0.3701 0.6924
vn 0.5478 0.4957 0.6740
vn 0.2404 0.7239 0.6467
vn 0.3197 0.6155 0.7204
vn 0.0907 0.6158 0.7826
vn -0.1693 0.7233 0.6695
vn 0.5253 0.4344 0.7317
vn -0.0039 0.4348 0.9005
vn -0.0039 0.5213 0.8534
vn -0.0039 0.4506 0.8927
vn -0.5310 0.4326 0.7286
vn -0.6242 0.3684 0.6890
vn -0.5533 0.4935 0.6710
vn -0.3268 0.6139 0.7185
vn -0.0985 0.6154 0.7821
vn -0.2478 0.7225 0.6454
vn 0.1616 0.7243 0.6703
vn 0.1928 0.8075 0.5574
vn -0.1222 0.7091 0.6944
vn 0.5572 0.6448 0.5232
vn 0.6122 0.6434 0.4597
vn 0.5338 0.6377 0.5553
vn 0.2163 0.7533 0.6211
vn 0.0197 0.5598 0.8284
vn -0.0039 0.4970 0.8678
vn -0.0275 0.5597 0.8283
vn -0.0905 0.5134 0.8534
vn 0.0827 0.5137 0.8540
vn 0.2320 0.5904 0.7730
vn -0.0039 0.5742 0.8187
vn -0.0039 0.6233 0.7820
vn -0.2082 0.6909 0.6923
vn -0.0667 0.5820 0.8105
vn -0.3501 0.6289 0.6942
vn -0.0040 0.6233 0.7820
vn -0.0039 0.5832 0.8124
vn 0.0589 0.5821 0.8110
vn 0.2007 0.6920 0.6934
vn 0.2881 0.5376 0.7925
vn 0.2566 0.7172 0.6479
vn 0.2558 0.5209 0.8144
vn 0.4133 0.4497 0.7918
vn 0.0983 0.7843 0.6125
vn 0.3432 0.6306 0.6961
vn 0.3109 0.1528 0.9381
vn 0.6590 0.1578 0.7354
vn 0.5003 0.5349 0.6809
vn 0.1928 0.8384 0.5098
vn 0.1382 0.8874 0.4398
vn 0.4048 -0.1861 0.8953
vn 0.7614 -0.0725 0.6443
vn 0.5705 -0.2590 0.7794
vn 0.3440 0.8488 0.4016
vn 0.5654 0.6681 0.4836
vn 0.8495 0.3423 0.4015
vn 0.9681 -0.0237 0.2494
vn 0.8720 -0.1305 0.4717
vn 0.4391 0.8975 -0.0420
vn 0.6615 0.7493 0.0316
vn 0.8983 0.4390 -0.0189
vn 0.9996 -0.0044 -0.0275
vn 0.2322 0.9517 0.2011
vn 0.3129 0.8857 -0.3429
vn -0.0039 -0.2939 0.9558
vn -0.0039 -0.1607 0.9870
vn -0.0039 0.1375 0.9905
vn -0.3179 0.1524 0.9358
vn -0.4113 -0.1855 0.8924
vn -0.6634 0.1570 0.7316
vn -0.7646 -0.0721 0.6404
vn -0.8516 0.3400 0.3989
vn -0.5062 0.5328 0.6782
vn -0.5708 0.6652 0.4814
vn -0.6659 0.7453 0.0314
vn -0.4455 0.8943 -0.0419
vn -0.3509 0.8464 0.4005
vn -0.8998 0.4359 -0.0187
vn -0.9686 -0.0235 0.2475
vn -0.9859 0.0801 -0.1466
vn -0.9996 -0.0044 -0.0273
vn -0.8739 -0.1296 0.4685
vn -0.5758 -0.2579 0.7759
vn -0.2482 0.9523 0.1777
vn -0.1377 0.8997 0.4143
vn -0.2393 0.9700 0.0433
vn -0.1454 0.9365 0.3190
vn -0.2003 0.8371 0.5091
vn -0.1059 0.7904 0.6033
vn -0.3186 0.8876 -0.3328
vn -0.3192 0.8811 -0.3491
vn -0.2640 0.7157 0.6466
vn -0.2632 0.5198 0.8127
vn -0.2953 0.5364 0.7907
vn -0.4118 0.4559 0.7890
vn -0.2394 0.5894 0.7716
vn -0.5457 0.5016 0.6713
vn -0.8041 0.0605 0.5914
vn -0.8598 0.2856 0.4234
vn -0.9683 -0.1815 0.1715
vn -0.7793 -0.4592 0.4264
vn -0.9764 -0.2069 0.0621
vn -0.7331 -0.6517 0.1947
vn -0.9839 -0.0561 0.1695
vn -0.9991 -0.0032 0.0432
vn -0.9847 0.1619 0.0641
vn 0.2622 -0.9145 0.3081
vn 0.1523 -0.9611 0.2302
vn -0.9917 -0.1208 0.0451
vn 0.3165 -0.9142 0.2530
vn -0.2464 -0.6334 0.7336
vn -0.4513 0.1437 0.8808
vn -0.3020 -0.0122 0.9532
vn -1.0000 -0.0039 0.0040
vn -0.9931 0.0731 -0.0915
vn -0.9690 0.2024 0.1419
vn -0.9966 -0.0026 0.0821
vn -0.9929 -0.0683 -0.0970
vn -0.9834 -0.1756 0.0459
vn -0.9920 -0.0333 0.1221
vn -0.8975 -0.3837 -0.2172
vn -0.8687 0.3400 0.3602
vn -0.6171 0.6402 0.4575
vn -0.5394 0.6350 0.5529
vn -0.5626 0.6419 0.5209
vn -0.8458 0.4492 0.2879
vn 0.4371 0.1128 0.8923
vn 0.1062 0.4667 0.8780
vn 0.8013 0.0609 0.5951
vn 0.5402 0.5038 0.6741
vn 0.8577 0.2875 0.4263
vn 0.7762 -0.4620 0.4290
vn 0.2390 -0.6346 0.7349
vn 0.2948 -0.0122 0.9555
vn 0.1691 0.3570 0.9187
vn 0.3426 0.4036 0.8484
vn 0.9678 -0.1829 0.1728
vn 0.7294 -0.6554 0.1959
vn -0.3235 -0.9119 0.2524
vn 0.9760 -0.2084 0.0627
vn 0.9990 -0.0032 0.0435
vn 0.9845 0.1632 0.0646
vn 1.0000 -0.0039 0.0040
vn 0.9918 -0.0336 0.1231
vn 0.9837 -0.0565 0.1708
vn 0.7294 -0.6554 0.1958
vn -0.2694 -0.9126 0.3075
vn 0.8786 -0.4261 0.2157
vn -0.1450 -0.9640 0.2231
vn 0.9996 -0.0035 0.0278
vn 0.9521 -0.2748 -0.1339
vn 0.9831 -0.1769 0.0463
vn 0.9930 0.0737 -0.0922
vn 0.9928 -0.0688 -0.0978
vn 0.9966 -0.0026 0.0828
vn 0.9685 0.2039 0.1430
vn 0.8435 0.4522 0.2898
vn 0.8668 0.3423 0.3626
vn 0.8960 -0.3864 -0.2188
vn -0.0590 0.6222 0.7806
vn -0.3259 0.4959 0.8049
vn -0.4200 0.4173 0.8059
vn -0.0039 0.2865 0.9581
vn -0.1530 0.4576 0.8759
vn -0.1924 0.3252 0.9258
vn -0.3181 0.3949 0.8619
vn -0.2393 0.6201 0.7472
vn -0.3815 0.7905 0.4791
vn -0.1532 0.8373 0.5248
vn -0.3258 0.9183 0.2247
vn -0.0118 0.6619 0.7495
vn -0.0907 0.8403 0.5344
vn -0.4200 0.9073 0.0208
vn -0.3271 0.9407 -0.0900
vn -0.3671 0.8589 -0.3572
vn -0.4860 0.8047 -0.3409
vn -0.8458 0.5318 0.0426
vn -0.8371 0.5252 0.1527
vn -0.8075 0.5878 0.0497
vn -0.8839 0.4333 -0.1759
vn -0.8316 0.4966 -0.2484
vn -0.8144 0.5721 0.0971
vn -0.5770 0.6094 0.5438
vn -0.5455 0.6098 0.5750
vn -0.3420 0.4964 0.7979
vn -0.2081 0.2625 0.9422
vn -0.3105 0.5044 0.8057
vn 0.0667 0.2159 0.9741
vn -0.5234 0.5884 0.6163
vn -0.8375 0.5328 0.1212
vn -0.8712 0.4096 -0.2707
vn -0.8373 0.4875 -0.2476
vn -0.4200 0.2535 0.8714
vn -0.0984 0.4979 0.8617
vn -0.2948 0.3563 0.8867
vn 0.5168 0.4184 0.7469
vn 0.5006 0.3791 0.7783
vn 0.2477 0.4425 0.8619
vn 0.9441 -0.0302 0.3284
vn 0.9444 0.0802 0.3188
vn 0.9104 0.0027 0.4138
vn 0.7766 -0.1439 0.6134
vn 0.1692 0.3102 0.9355
vn -0.5067 0.5876 0.6309
vn 0.9517 -0.3047 -0.0386
vn 0.8780 -0.4669 0.1059
vn 0.7694 -0.5536 -0.3186
vn 0.8417 -0.3427 -0.4173
vn -0.8120 0.5780 0.0810
vn -0.8389 0.4238 -0.3416
vn -0.7147 0.2224 -0.6631
vn -0.6117 0.1335 -0.7797
vn -0.2805 -0.1377 -0.9499
vn -0.3438 0.0521 -0.9376
vn -0.3916 0.2191 -0.8937
vn -0.7145 0.3814 -0.5865
vn 0.2098 -0.0197 -0.9776
vn 0.2729 -0.1932 -0.9424
vn 0.1226 -0.1384 -0.9828
vn 0.3043 -0.4443 -0.8426
vn 0.8417 -0.3426 -0.4174
vn 0.7694 -0.5536 -0.3187
vn -0.4464 0.2430 -0.8612
vn 0.1305 -0.1857 -0.9739
vn 0.1464 -0.2488 -0.9574
vn -0.4466 0.1796 -0.8765
vn 0.2176 -0.2565 -0.9417
vn -0.5251 0.1168 -0.8430
vn -0.0039 -0.0200 -0.9998
vn -0.5883 0.0937 -0.8032
vn -0.0119 -0.0200 -0.9997
vn -0.6498 -0.0161 -0.7599
vn -0.9704 0.0866 -0.2256
vn -0.9097 0.2507 -0.3309
vn 0.6539 -0.1980 -0.7302
vn 0.6702 0.0159 -0.7420
vn -0.9636 0.1419 -0.2265
vn -0.8664 -0.1216 0.4842
vn -0.7766 0.3743 -0.5067
vn -0.7226 0.4217 -0.5478
vn -0.9854 -0.0770 -0.1519
vn -0.8114 -0.0887 0.5777
vn -0.2155 -0.6426 0.7353
vn -0.1529 -0.1372 0.9787
vn -0.7944 -0.2770 0.5406
vn -0.1373 -0.1923 0.9717
vn -0.9540 -0.2192 -0.2046
vn -0.6115 -0.1112 -0.7834
vn -0.8992 -0.3537 -0.2575
vn -0.5641 -0.2140 -0.7975
vn -0.8436 -0.4635 -0.2712
vn -0.5169 -0.2931 -0.8043
vn -0.7878 -0.5417 -0.2931
vn -0.4848 -0.3479 -0.8025
vn 0.0040 -0.0200 -0.9998
vn 0.0434 -0.0200 -0.9989
vn 0.0909 -0.0989 -0.9909
vn 0.0670 -0.0200 -0.9976
vn 0.6863 0.1035 -0.7199
vn 0.7108 0.1997 -0.6745
vn 0.6868 0.2871 -0.6677
vn 0.7257 0.0405 -0.6868
vn 0.0751 -0.1147 -0.9906
vn 0.7730 -0.2197 -0.5951
vn 0.3276 -0.4593 -0.8256
vn 0.6793 0.3031 -0.6684
vn -0.2874 -0.5286 -0.7987
vn -0.2305 -0.9453 -0.2309
vn 0.5462 -0.8375 -0.0141
vn 0.1056 -0.6254 0.7731
vn -0.4823 -0.7577 0.4396
vn -0.2000 -0.2711 0.9415
vn -0.7486 -0.5067 0.4276
vn -0.7474 -0.4501 0.4886
vn -0.7873 -0.3562 0.5032
vn -0.1843 -0.1924 0.9639
vn -0.2000 -0.1767 0.9637
vn -0.1999 -0.2159 0.9557
vn -0.8693 0.4409 -0.2234
vn -0.9856 0.1689 0.0012
vn -0.8381 0.3673 -0.4034
vn -0.9622 0.2705 -0.0319
vn -0.8077 0.1366 -0.5736
vn -1.0000 -0.0040 -0.0039
vn -0.7672 -0.0142 -0.6412
vn -0.7802 -0.0410 0.6241
vn -0.8756 -0.0117 -0.4828
vn -0.8556 0.1934 -0.4802
vn -0.8051 -0.0134 -0.5929
vn -0.9230 0.3521 0.1554
vn -0.9697 0.1794 0.1660
vn -0.3436 -0.3183 -0.8835
vn -0.8153 -0.0132 -0.5789
vn -0.9847 0.0693 0.1598
vn -0.2851 -0.5697 0.7708
vn -0.7411 -0.0245 0.6710
vn -0.1530 -0.0743 0.9854
vn -0.1450 -0.0900 0.9853
vn -0.7797 -0.1430 0.6097
vn -0.1225 -0.0515 -0.9911
vn -0.7882 -0.2064 0.5798
vn -0.1686 -0.1215 0.9782
vn -0.9999 -0.0037 0.0118
vn -0.9917 -0.1222 -0.0412
vn -0.7764 0.0569 -0.6276
vn -0.7760 -0.0849 -0.6250
vn -0.9689 -0.2253 -0.1023
vn -0.7370 -0.1643 -0.6556
vn -0.1304 -0.0198 -0.9913
vn -0.0828 -0.0199 -0.9964
vn -0.0356 -0.0200 -0.9992
vn -0.6969 -0.2353 -0.6775
vn 0.0039 -0.0201 -0.9998
vn -0.6338 -0.3302 -0.6995
vn 0.0672 -0.1779 -0.9818
vn -0.1304 -0.0199 -0.9913
vn -0.9283 -0.3506 -0.1237
vn -0.8810 -0.4526 -0.1376
vn -0.3100 -0.6432 -0.7001
vn -0.3486 -0.9303 -0.1143
vn 0.3124 -0.5777 -0.7541
vn 0.5224 -0.8527 -0.0060
vn -0.4336 -0.7220 0.5391
vn -0.7249 -0.4025 0.5590
vn 0.2154 -0.6426 0.7353
vn -0.0587 -0.2624 0.9632
vn -0.1215 -0.1684 0.9782
vn -0.7712 -0.3082 0.5570
vn -0.1608 -0.1294 0.9785
vn -0.9556 0.2051 -0.2117
vn -0.9092 0.0445 -0.4141
vn -0.8982 0.2916 0.3288
vn -0.8215 0.4498 0.3505
vn -0.3815 0.3871 0.8394
vn -0.4518 0.3004 0.8400
vn -0.6797 0.6078 0.4107
vn -0.9925 0.0915 0.0809
vn -0.5154 -0.6117 -0.6001
vn -0.9376 0.2124 0.2752
vn -0.8701 0.0196 -0.4925
vn -0.5303 0.2527 0.8093
vn -0.3960 -0.3509 0.8486
vn -0.6707 0.0394 0.7407
vn -0.7890 0.2407 0.5653
vn -0.2094 -0.2011 -0.9569
vn -0.2645 -0.2164 -0.9398
vn -0.8921 -0.0112 -0.4518
vn -0.9688 0.0236 0.2468
vn -0.6006 0.1422 0.7868
vn 0.0903 0.0905 0.9918
vn 0.0589 0.1141 0.9917
vn -0.6459 0.0083 0.7633
vn 0.7934 0.0847 0.6027
vn 0.8153 0.0053 0.5790
vn 0.8324 -0.1136 0.5424
vn 0.1375 0.1140 0.9839
vn 0.7680 -0.3100 0.5604
vn 0.1532 0.0826 0.9847
vn 0.6422 -0.3397 0.6872
vn 0.0275 0.0122 0.9995
vn 0.7457 0.2114 0.6319
vn 0.7542 0.1406 0.6415
vn 0.0196 0.0122 0.9997
vn 0.7692 -0.1122 0.6291
vn 0.0353 -0.1056 0.9938
vn 0.6655 -0.5071 0.5477
vn 0.1761 -0.5227 0.8341
vn -0.5041 -0.5165 0.6922
vn -0.4895 -0.8637 0.1196
vn 0.3243 -0.9401 0.1050
vn 0.0591 -0.7474 -0.6617
vn -0.5616 -0.6562 -0.5040
vn -0.9516 -0.2922 0.0948
vn -0.8137 -0.3184 -0.4863
vn -0.8369 -0.2787 -0.4710
vn -0.9594 -0.2444 0.1410
vn -0.8689 -0.1687 -0.4653
vn -0.9763 -0.1107 0.1861
vn -0.2013 -0.2482 -0.9476
vn -0.1619 -0.3505 -0.9225
vn -0.2251 -0.2245 -0.9481
vn -0.2489 -0.1930 -0.9491
vn -0.7017 -0.1810 0.6890
vn -0.6780 -0.1098 0.7269
vn -0.8078 0.0418 -0.5879
vn -0.3041 -0.1927 -0.9329
vn 0.5081 0.1201 0.8529
vn 0.9448 0.3139 0.0938
vn 0.9771 0.2028 0.0640
vn 0.5465 0.0095 0.8374
vn 0.5790 0.0091 0.8153
vn -0.1685 -0.1215 0.9782
vn -0.1607 -0.1294 0.9785
vn 0.5318 0.1277 0.8372
vn -0.1214 -0.1684 0.9782
vn 0.9605 0.2586 0.1026
vn 0.6632 0.2229 -0.7145
vn 0.7026 0.1755 -0.6896
vn 0.6623 0.1747 -0.7286
vn 0.6105 -0.1016 0.7855
vn 0.9959 -0.0025 0.0906
vn 0.7567 -0.0145 -0.6536
vn -0.0355 -0.0200 -0.9992
vn -0.0827 -0.0199 -0.9964
vn 0.6388 0.0631 -0.7668
vn -0.1303 -0.0199 -0.9913
vn 0.6809 -0.3955 0.6165
vn 0.8864 -0.4602 0.0507
vn 0.7875 -0.3290 -0.5211
vn 0.0673 -0.1779 -0.9817
vn 0.5225 -0.8526 -0.0059
vn 0.2155 -0.6426 0.7353
vn 0.6142 -0.1274 -0.7788
vn 0.5396 -0.8037 -0.2510
vn 0.6322 -0.5849 0.5082
vn 0.6888 -0.7188 0.0942
vn 0.9034 -0.4233 -0.0682
vn 0.7376 -0.5776 -0.3497
vn 0.9916 -0.0974 0.0845
vn 0.5315 -0.1876 0.8260
vn 0.6540 -0.1980 -0.7301
vn 0.6703 0.0159 -0.7420
vn 0.6818 -0.6249 -0.3802
vn 0.6359 -0.6196 -0.4601
vn 0.7438 -0.6639 0.0776
vn 0.6950 -0.7180 0.0390
vn 0.6186 -0.7848 -0.0386
vn 0.7104 -0.7017 0.0544
vn 0.6436 -0.5340 -0.5482
vn 0.7527 -0.6583 -0.0091
vn 0.7647 -0.3299 -0.5535
vn 0.8730 -0.4571 -0.1704
vn 0.9690 -0.2117 -0.1271
vn 0.5951 -0.6655 -0.4505
vn 0.3187 -0.9279 -0.1937
vn 0.6164 -0.7684 -0.1722
vn 0.1616 -0.8629 -0.4788
vn -0.3641 -0.8780 -0.3108
vn 0.1911 -0.9028 0.3851
vn 0.6551 -0.7475 0.1101
vn 0.6578 -0.7425 0.1261
vn 0.6259 -0.7653 0.1501
vn 0.6420 -0.6675 0.3771
vn 0.6717 -0.7075 0.2195
vn 0.5473 -0.8032 -0.2352
vn 0.4831 -0.7428 0.4636
vn -0.5155 -0.6117 -0.6001
vn -0.3959 -0.3510 0.8486
vn 0.5548 -0.1561 0.8172
vn 0.7591 -0.6480 0.0616
vn 0.9761 -0.2174 -0.0005
vn 0.5553 -0.0221 0.8314
vn 0.6145 -0.0166 -0.7888
vn 0.6544 0.0871 -0.7511
vn 0.9848 0.1706 0.0329
vn 0.9687 0.2421 0.0554
vn 0.6703 0.1430 -0.7282
vn -0.0513 -0.0200 -0.9985
vn 0.6944 0.1037 -0.7121
vn -0.0197 -0.0200 -0.9996
vn 0.7254 -0.0705 -0.6847
vn 0.0355 -0.2328 -0.9719
vn 0.7486 -0.3536 -0.5608
vn 0.2483 -0.5917 -0.7669
vn -0.0830 -0.1147 -0.9899
vn 0.9766 0.2028 0.0719
vn 0.5397 0.0804 0.8380
vn 0.5554 0.0409 0.8306
vn -0.1370 0.0120 0.9905
vn -0.1293 0.0120 0.9915
vn -0.1529 -0.0744 0.9854
vn -0.0980 -0.0664 0.9930
vn 0.9987 -0.0032 0.0514
vn 0.5867 -0.1171 0.8013
vn 0.6416 -0.3711 0.6713
vn 0.8786 -0.4763 0.0352
vn -0.1136 -0.2078 0.9715
vn 0.1373 -0.5872 0.7977
vn 0.4425 -0.8966 0.0183
vn 0.5825 -0.1752 -0.7937
vn 0.5395 -0.8258 -0.1640
vn 0.5373 -0.6784 0.5012
vn 0.7917 -0.6101 0.0295
vn 0.5552 -0.1878 0.8103
vn -0.1381 -0.0199 -0.9902
vn 0.5102 -0.3410 -0.7896
vn 0.9290 -0.2845 -0.2366
vn 0.7985 -0.6019 -0.0021
vn 0.4949 -0.2233 -0.8398
vn 0.9616 -0.1187 -0.2474
vn 0.5351 -0.0413 -0.8438
vn 0.9780 0.0482 -0.2027
vn 0.5430 -0.0887 -0.8350
vn 0.9705 0.1676 -0.1731
vn -0.2644 -0.2164 -0.9398
vn 0.5668 -0.0885 -0.8191
vn 0.5903 -0.2934 -0.7520
vn 0.5799 -0.5968 -0.5546
vn 0.7601 -0.6497 0.0144
vn 0.6655 -0.5071 0.5476
vn 0.9768 -0.1952 -0.0878
vn 0.7692 -0.1122 0.6290
vn 0.7542 0.1406 0.6414
vn 0.7935 0.0847 0.6027
vn 0.5465 -0.3060 0.7796
vn 0.0666 -0.3887 0.9190
vn -0.7167 -0.2520 0.6503
vn -0.7043 -0.2976 -0.6445
vn -0.9690 0.1484 0.1977
vn -0.9693 0.2328 0.0787
vn -0.6664 -0.1655 -0.7270
vn -0.9532 0.3022 0.0069
vn -0.6665 -0.0159 -0.7453
vn 0.1065 -0.6784 -0.7269
vn 0.7228 -0.6325 -0.2782
vn 0.7238 -0.5796 -0.3744
vn 0.6609 -0.5193 -0.5418
vn -0.0039 -0.4910 -0.8712
vn 0.8977 -0.4024 -0.1795
vn 0.9280 -0.1565 0.3382
vn 0.9204 -0.2761 0.2770
vn 0.9350 -0.3170 0.1589
vn 0.9600 -0.2632 0.0951
vn 0.6755 -0.4089 -0.6137
vn 0.9441 -0.0303 0.3283
vn -0.0118 -0.3501 -0.9366
vn 0.0198 -0.1936 -0.9809
vn -0.6510 0.0786 -0.7550
vn -0.9552 0.2952 0.0228
vn -0.9619 0.2642 0.0703
vn -0.6349 -0.0873 -0.7677
vn -0.9847 0.1694 0.0404
vn -0.6190 -0.2603 -0.7410
vn -0.6186 -0.4400 -0.6510
vn -0.9765 -0.2157 -0.0005
vn -0.0593 -0.4371 -0.8975
vn -0.1852 -0.6619 -0.7263
vn -0.5700 -0.7256 -0.3855
vn 0.3749 -0.7777 -0.5045
vn 0.5341 -0.6302 -0.5636
vn -0.0039 -0.2958 -0.9552
vn 0.6931 -0.3311 -0.6403
vn 0.6436 -0.4795 -0.5965
vn 0.9424 -0.3095 0.1272
vn 0.9193 -0.3482 0.1831
vn 0.8862 -0.4102 0.2153
vn 0.8086 -0.5366 0.2413
vn 0.6399 -0.7387 0.2121
vn 0.0666 -0.9707 -0.2311
vn 0.1226 -0.1384 -0.9827
vn 0.2098 -0.0197 -0.9775
vn 0.2730 -0.1932 -0.9424
vn 0.5235 -0.0848 0.8478
vn 0.9915 -0.0018 0.1304
vn 0.9617 0.1970 0.1908
vn 0.7109 0.1997 -0.6744
vn 0.8987 0.3797 0.2196
vn 0.6793 0.3031 -0.6683
vn 0.6869 0.2871 -0.6677
vn 0.8904 0.4031 0.2112
vn 0.6864 0.1035 -0.7198
vn 0.4765 0.0574 0.8773
vn 0.3976 0.1366 0.9073
vn 0.9768 0.0941 0.1923
vn 0.4681 -0.0921 0.8789
vn 0.5788 -0.3386 0.7419
vn 0.9180 -0.3804 0.1125
vn 0.4133 0.0658 0.9082
vn 0.7257 0.0406 -0.6868
vn 0.5463 -0.8375 -0.0141
vn 0.1057 -0.6254 0.7731
vn -0.1999 -0.1767 0.9637
vn -0.1372 -0.1922 0.9717
vn -0.1998 -0.2158 0.9558
vn -0.1999 -0.2711 0.9415
vn -0.5373 0.0332 0.8427
vn -0.5533 0.2287 0.8009
vn -0.9765 -0.2157 -0.0004
vn -0.5223 0.2448 0.8169
vn 0.0432 0.1297 0.9906
vn 0.5949 -0.1252 0.7940
vn 0.6422 -0.1337 0.7548
vn 0.0824 0.0984 0.9917
vn 0.5706 -0.1405 0.8091
vn -0.9619 0.2643 0.0704
vn -0.6216 -0.5979 0.5061
vn -0.5700 -0.7257 -0.3854
vn -0.0196 -0.8403 0.5417
vn 0.3576 -0.3673 0.8586
vn 0.6399 -0.7386 0.2122
vn 0.0665 -0.9707 -0.2310
vn 0.8086 -0.5366 0.2414
vn 0.8862 -0.4101 0.2154
vn 0.9193 -0.3483 0.1832
vn 0.7059 -0.0478 0.7067
vn 0.9350 -0.3170 0.1590
vn 0.6978 -0.0475 0.7148
vn 0.1375 0.2158 0.9667
vn 0.1691 0.2239 0.9598
vn 0.9204 -0.2760 0.2770
vn 0.4450 0.1442 0.8839
vn 0.4451 0.2541 0.8587
vn -0.4362 0.3630 0.8234
vn -0.4042 0.3473 0.8462
vn -0.5139 0.3850 0.7666
vn -0.5539 0.2993 0.7770
vn -0.7166 -0.2520 0.6503
vn -0.9690 0.1483 0.1977
vn -0.9693 0.2329 0.0787
vn 0.8827 0.4284 -0.1930
vn 0.7939 0.6053 0.0574
vn 0.8594 0.5112 0.0116
vn 0.8202 0.5532 0.1457
vn 0.8689 0.2190 -0.4440
vn 0.9154 0.0371 -0.4009
vn 0.9218 0.3547 0.1565
vn 0.8023 -0.0135 -0.5967
vn 0.9692 0.1807 0.1672
vn 0.5558 0.6200 0.5538
vn 0.6602 0.6274 0.4130
vn 0.2955 0.4977 0.8155
vn 0.2085 0.2552 0.9441
vn 0.7939 0.2342 0.5611
vn 0.9921 0.1154 0.0495
vn 0.6663 0.0396 0.7446
vn 0.6582 0.0082 0.7528
vn 0.9845 0.0698 0.1610
vn 0.3747 0.3883 0.8419
vn 0.8097 0.4369 0.3919
vn 0.3893 -0.3521 0.8512
vn 0.0903 -0.0664 0.9937
vn 0.9630 0.1751 -0.2049
vn 0.8967 0.2937 0.3311
vn 0.4456 0.3014 0.8430
vn 0.5096 -0.6142 -0.6026
vn 0.9078 0.0448 -0.4170
vn 0.9367 0.2139 0.2772
vn 0.8682 0.0198 -0.4959
vn 0.9683 0.0238 0.2487
vn 0.8904 -0.0113 -0.4550
vn 0.2571 -0.2168 -0.9418
vn 0.2019 -0.2014 -0.9585
vn 0.5247 0.2537 0.8126
vn 0.5955 0.1429 0.7906
vn 0.6413 0.0084 0.7672
vn 0.9759 -0.1116 0.1875
vn -0.0667 0.1140 0.9912
vn -0.0981 0.0905 0.9911
vn 0.8670 -0.1699 -0.4685
vn 0.9587 -0.2463 0.1421
vn 0.8346 -0.2806 -0.4741
vn 0.9509 -0.2944 0.0955
vn 0.7055 -0.1822 0.6849
vn 0.6737 -0.1104 0.7307
vn 0.8121 -0.3287 -0.4821
vn 0.5639 -0.6587 -0.4982
vn 0.4274 -0.8960 0.1203
vn 0.1542 -0.3509 -0.9236
vn -0.0747 -0.7466 -0.6610
vn 0.1938 -0.2485 -0.9490
vn 0.2176 -0.2249 -0.9498
vn 0.2415 -0.1934 -0.9509
vn -0.3477 -0.9326 0.0971
vn 0.5061 -0.5108 0.6949
vn -0.1920 -0.5156 0.8351
vn -0.0431 -0.1056 0.9935
vn -0.0274 0.0122 0.9995
vn -0.0353 0.0121 0.9993
vn -0.7575 0.1398 0.6376
vn -0.7491 0.2102 0.6282
vn -0.7724 -0.1115 0.6253
vn -0.6698 -0.5045 0.5449
vn -0.7963 0.0842 0.5990
vn -0.8179 0.0053 0.5753
vn -0.8348 -0.1129 0.5389
vn -0.1451 0.1138 0.9828
vn -0.1609 0.0825 0.9835
vn -0.1451 0.1139 0.9828
vn -0.0981 0.1609 0.9821
vn -0.6468 -0.3379 0.6837
vn -0.5520 -0.3046 0.7762
vn -0.0743 -0.3885 0.9185
vn 0.7128 -0.2534 0.6540
vn 0.4135 0.2543 0.8743
vn 0.2876 0.3571 0.8887
vn 0.3899 0.3564 0.8491
vn -0.4434 0.2688 0.8551
vn -0.5064 0.3776 0.7752
vn -0.9290 -0.1553 0.3358
vn -0.9449 -0.0300 0.3260
vn 0.0906 0.4982 0.8623
vn -0.4513 0.1437 0.8807
vn -0.9216 -0.2740 0.2750
vn -0.5226 0.4167 0.7438
vn 0.0275 0.5597 0.8283
vn 0.3428 0.5054 0.7919
vn -0.2477 0.4425 0.8619
vn 0.5480 0.6124 0.5698
vn 0.8174 0.5664 0.1054
vn 0.5174 0.5828 0.6266
vn 0.8351 0.5364 0.1220
vn 0.8692 0.4124 -0.2726
vn 0.8349 0.4907 -0.2493
vn 0.7106 0.3836 -0.5898
vn 0.7188 0.4241 -0.5509
vn 0.8292 0.4999 -0.2501
vn 0.7108 0.2236 -0.6669
vn 0.4400 0.2438 -0.8643
vn 0.4324 0.1962 -0.8801
vn 0.7741 0.3850 -0.5025
vn 0.8357 0.3698 -0.4060
vn 0.3849 0.2198 -0.8964
vn 0.3368 0.0523 -0.9401
vn 0.5008 0.5899 0.6334
vn -0.1768 0.3098 0.9342
vn -0.7797 -0.1430 0.6096
vn -0.9117 0.0027 0.4109
vn 0.2732 -0.1380 -0.9520
vn 0.6068 0.1341 -0.7835
vn 0.8365 0.4266 -0.3439
vn 0.8093 0.5817 0.0815
vn -0.2802 -0.1927 -0.9404
vn -0.3115 -0.4432 -0.8406
vn -0.2173 -0.0196 -0.9759
vn -0.8439 -0.3404 -0.4146
vn -0.7726 -0.5503 -0.3167
vn -0.9452 0.0796 0.3165
vn -0.8798 -0.4636 0.1052
vn -0.9520 -0.3025 -0.0461
vn -0.8440 -0.3404 -0.4145
vn -0.1304 -0.1382 -0.9818
vn -0.1382 -0.1855 -0.9729
vn -0.1541 -0.2485 -0.9563
vn -0.2251 -0.2560 -0.9401
vn 0.5194 0.1173 -0.8465
vn -0.6584 -0.1970 -0.7264
vn -0.6746 0.0158 -0.7381
vn 0.5831 0.0942 -0.8069
vn 0.6452 -0.0162 -0.7638
vn 0.6065 -0.1118 -0.7872
vn 0.5587 -0.2150 -0.8010
vn -0.6905 0.1029 -0.7160
vn -0.7147 0.1985 -0.6706
vn -0.0749 -0.0199 -0.9970
vn -0.6835 0.3015 -0.6648
vn -0.6910 0.2855 -0.6641
vn -0.0988 -0.0989 -0.9902
vn -0.7294 0.0403 -0.6829
vn -0.7675 -0.2496 -0.5904
vn -0.3271 -0.4899 -0.8081
vn 0.2326 -0.5764 -0.7833
vn 0.4787 -0.3493 -0.8055
vn 0.5111 -0.2943 -0.8076
vn 0.7848 -0.5451 -0.2949
vn 0.2396 -0.9426 -0.2324
vn 0.4595 -0.7667 0.4484
vn -0.5424 -0.8396 -0.0295
vn 0.7452 -0.5096 0.4301
vn 0.8413 -0.4666 -0.2730
vn 0.7440 -0.4527 0.4915
vn 0.8977 -0.3562 -0.2593
vn 0.9533 -0.2209 -0.2061
vn 0.9852 -0.0776 -0.1531
vn 0.9699 0.0874 -0.2271
vn 0.8645 -0.1225 0.4876
vn 0.8087 -0.0893 0.5814
vn 0.2786 -0.6761 0.6821
vn 0.1453 -0.1374 0.9798
vn 0.9157 0.2366 -0.3249
vn 0.9630 0.1430 -0.2282
vn 0.7914 -0.2788 0.5440
vn 0.7843 -0.3584 0.5064
vn 0.1296 -0.1924 0.9727
vn 0.1767 -0.1926 0.9652
vn 0.1925 -0.1770 0.9652
vn 0.1923 -0.2162 0.9572
vn 0.1924 -0.2716 0.9430
vn -0.1212 -0.6328 0.7648
vn 0.8525 0.0988 -0.5132
vn 0.8451 0.1704 -0.5067
vn 0.8686 0.4284 -0.2489
vn 0.9616 0.2726 -0.0321
vn 1.0000 -0.0040 -0.0039
vn 0.9854 0.1702 0.0012
vn 0.7771 -0.0412 0.6280
vn 0.9999 -0.0037 0.0119
vn 0.7496 0.0886 -0.6559
vn 0.7732 0.0573 -0.6315
vn 0.9915 -0.1231 -0.0415
vn 0.7728 -0.0854 -0.6289
vn 0.9684 -0.2270 -0.1031
vn 0.7334 -0.1652 -0.6595
vn 0.1226 -0.0199 -0.9923
vn 0.0749 -0.0200 -0.9970
vn 0.0277 -0.0200 -0.9994
vn 0.6928 -0.2366 -0.6812
vn 0.6291 -0.3318 -0.7030
vn 0.8793 -0.4557 -0.1386
vn 0.3116 -0.6385 -0.7037
vn 0.3186 -0.9419 -0.1068
vn 0.4273 -0.7245 0.5409
vn 0.7211 -0.4048 0.5622
vn 0.9272 -0.3532 -0.1246
vn -0.0751 -0.1778 -0.9812
vn -0.3195 -0.5763 -0.7522
vn -0.5373 -0.8434 -0.0061
vn -0.2228 -0.6332 0.7413
vn 0.7852 -0.2077 0.5834
vn 0.7375 -0.0247 0.6749
vn 0.0509 -0.2626 0.9636
vn 0.1138 -0.1686 0.9791
vn 0.1532 -0.1295 0.9797
vn 0.1610 -0.1217 0.9794
vn 0.1374 -0.0901 0.9864
vn 0.1453 -0.0744 0.9866
vn 0.2779 -0.5709 0.7726
vn 0.3366 -0.3191 -0.8859
vn 0.8127 -0.0133 -0.5826
vn 0.1147 -0.0515 -0.9921
vn 0.8202 -0.1318 -0.5567
vn 0.1304 -0.0199 -0.9913
vn 0.7809 -0.1880 -0.5956
vn 0.0751 -0.1147 -0.9905
vn 0.9752 -0.2164 0.0469
vn 0.9920 -0.0655 0.1078
vn 0.7215 -0.0480 0.6908
vn 0.7295 -0.1431 0.6688
vn 0.7365 -0.2459 0.6302
vn 0.9502 -0.3112 0.0168
vn 0.1294 0.0120 0.9915
vn 0.1217 0.0120 0.9925
vn 0.7283 -0.3170 0.6075
vn 0.1059 -0.2080 0.9724
vn 0.5067 -0.6309 0.5876
vn -0.1449 -0.5866 0.7968
vn 0.3251 -0.9447 -0.0436
vn -0.4795 -0.8769 0.0336
vn 0.9203 -0.3912 -0.0056
vn 0.4379 -0.6221 -0.6490
vn -0.2722 -0.5688 -0.7761
vn 0.7082 -0.3305 -0.6239
vn 0.7648 -0.2277 -0.6027
vn 0.0118 -0.0200 -0.9997
vn -0.0434 -0.2328 -0.9716
vn -0.9360 -0.3147 0.1578
vn -0.9606 -0.2612 0.0944
vn -0.7098 -0.0475 0.7028
vn -0.7020 -0.0474 0.7106
vn -0.1452 0.2156 0.9656
vn -0.1688 0.2313 0.9581
vn 0.4458 0.3799 0.8105
vn 0.5080 0.3866 0.7697
vn 0.9688 0.2346 0.0793
vn 0.9525 0.3045 0.0070
vn -0.0902 0.0983 0.9911
vn -0.6468 -0.1330 0.7510
vn 0.5484 0.3006 0.7804
vn 0.9545 0.2974 0.0230
vn 0.5165 0.2458 0.8202
vn 0.9613 0.2662 0.0709
vn 0.9845 0.1707 0.0407
vn 0.5404 0.2457 0.8047
vn -0.0510 0.1296 0.9902
vn 0.4921 0.0415 0.8695
vn 0.9999 -0.0038 0.0119
vn 0.9598 -0.1742 0.2200
vn 0.8566 -0.4039 -0.3211
vn -0.6000 -0.1246 0.7903
vn -0.5759 -0.1399 0.8055
vn -0.3565 -0.2717 0.8939
vn 0.0195 -0.8308 0.5562
vn 0.6010 -0.6164 0.5088
vn 0.5475 -0.7505 -0.3701
vn -0.0039 -0.9628 -0.2701
vn -0.6140 -0.6860 0.3904
vn -0.8266 -0.5094 0.2394
vn -0.5051 -0.8589 -0.0841
vn -0.8879 -0.4073 0.2139
vn -0.9205 -0.3457 0.1819
vn -0.9432 -0.3072 0.1263
vn -0.5840 -0.3370 0.7385
vn -0.4742 -0.0917 0.8756
vn -0.9772 0.0934 0.1908
vn -0.9124 -0.3938 0.1120
vn -0.4042 0.1362 0.9045
vn -0.8920 0.4003 0.2097
vn -0.7676 -0.2496 -0.5904
vn -0.5425 -0.8396 -0.0294
vn -0.9002 0.3770 0.2180
vn -0.6835 0.3015 -0.6647
vn -0.4198 0.0656 0.9053
vn -0.9623 0.1955 0.1893
vn -0.9916 -0.0018 0.1294
vn -0.6906 0.1029 -0.7159
vn -0.9918 -0.0967 0.0839
vn -0.6746 0.0157 -0.7380
vn -0.6585 -0.1970 -0.7264
vn -0.4825 0.0572 0.8740
vn -0.7412 -0.5743 -0.3477
vn -0.2252 -0.2561 -0.9401
vn -0.6297 -0.5825 0.5140
vn -0.5371 -0.1868 0.8226
vn -0.7003 -0.7066 0.1013
vn -0.5305 -0.8022 -0.2740
vn 0.2787 -0.6760 0.6821
vn 0.2492 -0.2248 -0.9420
vn -0.6191 -0.1268 -0.7750
vn 0.1225 -0.0199 -0.9923
vn -0.6434 0.0628 -0.7629
vn 0.1452 -0.1374 0.9798
vn -0.5292 -0.0845 0.8443
vn 0.1295 -0.1924 0.9727
vn 0.1924 -0.1770 0.9652
vn 0.1924 -0.2715 0.9430
vn -0.1212 -0.6328 0.7647
vn -0.7680 -0.2263 -0.5991
vn -0.7121 -0.3131 -0.6284
vn -0.9215 -0.3883 -0.0055
vn -0.9509 -0.3089 0.0167
vn -0.7322 -0.2995 0.6118
vn -0.7400 -0.2445 0.6266
vn -0.4962 -0.6274 0.6002
vn -0.4108 -0.9117 0.0029
vn -0.4296 -0.6448 -0.6322
vn -0.0198 -0.0200 -0.9996
vn -0.7840 -0.1868 -0.5920
vn 0.0355 -0.2329 -0.9719
vn 0.2483 -0.5917 -0.7670
vn 0.1372 -0.5872 0.7977
vn -0.1381 -0.0198 -0.9902
vn -0.8228 -0.1310 -0.5531
vn -0.9921 -0.0650 0.1069
vn -0.9756 -0.2148 0.0466
vn -0.7332 -0.1423 0.6650
vn -0.7252 -0.0478 0.6869
vn -0.6626 0.0081 0.7489
vn -0.1530 -0.0744 0.9854
vn -0.1137 -0.2078 0.9715
vn -0.1371 0.0120 0.9905
vn -0.1294 0.0120 0.9915
vn 0.2493 -0.2248 -0.9420
vn -0.9987 -0.0031 0.0510
vn -0.8804 -0.4729 0.0350
vn -0.6462 -0.3693 0.6679
vn -0.5918 -0.1165 0.7976
vn -0.5453 0.0801 0.8344
vn -0.9769 0.2012 0.0713
vn -0.5374 0.1271 0.8337
vn -0.9691 0.2403 0.0550
vn -0.6746 0.1422 -0.7243
vn -0.6985 0.1031 -0.7081
vn -0.7291 -0.0700 -0.6808
vn -0.7521 -0.3516 -0.5575
vn -0.9850 0.1693 0.0326
vn -0.5608 0.0408 0.8269
vn -0.6589 0.0867 -0.7472
vn -0.0435 -0.2328 -0.9716
vn -0.2723 -0.5688 -0.7761
vn -1.0000 -0.0038 0.0040
vn -0.5607 -0.0220 0.8277
vn -0.6194 -0.0166 -0.7849
vn 0.1303 -0.0199 -0.9913
vn -0.5877 -0.1744 -0.7901
vn 0.1146 -0.0516 -0.9921
vn -0.5603 -0.1554 0.8136
vn 0.1293 0.0120 0.9915
vn 0.1216 0.0120 0.9925
vn 0.0902 -0.0664 0.9937
vn -0.7629 -0.6449 0.0456
vn -0.4955 -0.7459 0.4451
vn -0.5116 -0.8353 -0.2014
vn -0.6616 -0.7379 0.1332
vn 0.3366 -0.3192 -0.8859
vn -0.5428 -0.6755 0.4991
vn -0.7947 -0.6063 0.0293
vn -0.5606 -0.1870 0.8067
vn 0.1452 -0.0745 0.9866
vn -0.5842 0.0091 0.8116
vn -0.5520 0.0095 0.8338
vn -0.9775 0.2013 0.0635
vn -0.6667 0.1738 -0.7248
vn -0.5139 0.1196 0.8495
vn -0.9457 0.3115 0.0931
vn 0.1609 -0.1217 0.9794
vn 0.1373 -0.0901 0.9864
vn 0.1530 -0.1295 0.9797
vn -0.5374 0.1272 0.8337
vn 0.1137 -0.1685 0.9791
vn -0.6154 -0.1011 0.7817
vn 0.0509 -0.2625 0.9636
vn -0.6850 -0.3934 0.6132
vn -0.2229 -0.6332 0.7412
vn -0.8881 -0.4570 0.0504
vn -0.3196 -0.5763 -0.7522
vn -0.7905 -0.3269 -0.5179
vn -0.9611 0.2566 0.1018
vn -0.9959 -0.0025 0.0899
vn -0.7601 -0.0144 -0.6497
vn -0.7066 0.1745 -0.6858
vn -0.6676 0.2217 -0.7107
vn 0.0276 -0.0200 -0.9994
vn 0.0748 -0.0200 -0.9970
vn 0.1452 -0.0744 0.9866
vn -0.1450 -0.5866 0.7968
vn -0.4796 -0.8769 0.0336
vn -0.7142 -0.6978 0.0541
vn -0.7473 -0.6600 0.0771
vn -0.6234 -0.7809 -0.0385
vn -0.3257 -0.9255 -0.1932
vn -0.6002 -0.6624 -0.4484
vn -0.1692 -0.8618 -0.4782
vn 0.3572 -0.8805 -0.3117
vn -0.1143 -0.6779 -0.7263
vn 0.7003 -0.2993 -0.6481
vn -0.7266 -0.6289 -0.2767
vn -0.7276 -0.5763 -0.3723
vn -0.6653 -0.5166 -0.5390
vn -0.0040 -0.4910 -0.8712
vn -0.9607 -0.2612 0.0943
vn -0.6797 -0.4067 -0.6104
vn -0.9216 -0.2741 0.2750
vn -0.9291 -0.1554 0.3357
vn -0.1986 -0.9015 0.3846
vn -0.8992 -0.3995 -0.1782
vn -0.9695 -0.2101 -0.1262
vn -0.8748 -0.4539 -0.1693
vn -0.6212 -0.7647 -0.1714
vn -0.7561 -0.6545 -0.0091
vn -0.8962 -0.4358 -0.0830
vn -0.6990 -0.7141 0.0388
vn -0.7680 -0.3279 -0.5501
vn -0.8440 -0.3403 -0.4146
vn -0.6482 -0.5313 -0.5455
vn -0.6406 -0.6165 -0.4578
vn -0.6860 -0.6216 -0.3782
vn -0.2803 -0.1927 -0.9404
vn -0.2174 -0.0197 -0.9759
vn -0.1304 -0.1383 -0.9818
vn -0.1383 -0.1855 -0.9729
vn -0.9521 -0.3024 -0.0461
vn -0.9117 0.0027 0.4108
vn -0.9453 0.0796 0.3164
vn -0.9449 -0.0301 0.3259
vn -0.6595 -0.7437 0.1095
vn -0.6384 -0.7535 0.1570
vn -0.6466 -0.6642 0.3752
vn -0.6760 -0.7038 0.2184
vn -0.5520 -0.3047 0.7762
vn -0.0744 -0.3885 0.9184
vn 0.9611 0.1736 0.2148
vn 0.6620 -0.1664 -0.7308
vn 0.9525 0.3044 0.0070
vn 0.6621 -0.0160 -0.7492
vn -0.8014 -0.5982 -0.0021
vn -0.5528 -0.7997 -0.2342
vn -0.9301 -0.2824 -0.2349
vn -0.5160 -0.3396 -0.7864
vn -0.5008 -0.2225 -0.8365
vn -0.9622 -0.1178 -0.2456
vn -0.8348 -0.1129 0.5388
vn -0.5408 -0.0412 -0.8402
vn 0.2414 -0.1934 -0.9509
vn 0.2570 -0.2168 -0.9418
vn -0.9784 0.0479 -0.2012
vn 0.2175 -0.2249 -0.9498
vn -0.5486 -0.0883 -0.8314
vn -0.5721 -0.0881 -0.8154
vn 0.1937 -0.2485 -0.9491
vn -0.7964 0.0842 0.5989
vn -0.9710 0.1663 -0.1717
vn -0.7492 0.2102 0.6282
vn -0.7576 0.1398 0.6376
vn -0.9772 -0.1937 -0.0872
vn -0.6699 -0.5045 0.5448
vn -0.7634 -0.6458 0.0143
vn -0.3478 -0.9325 0.0971
vn -0.1920 -0.5156 0.8350
vn -0.0748 -0.7466 -0.6610
vn -0.5851 -0.5940 -0.5521
vn -0.5954 -0.2920 -0.7485
vn 0.2018 -0.2014 -0.9585
vn 0.5097 -0.6142 -0.6025
vn -0.8797 -0.4637 0.1052
vn -0.7797 -0.1431 0.6097
vn -0.6226 -0.2426 0.7440
vn -0.7713 -0.5955 0.2249
vn -0.1768 0.3097 0.9342
vn -0.1059 0.2704 0.9569
vn -0.0589 0.2549 0.9652
vn -0.5361 -0.2729 0.7988
vn -0.6388 -0.6988 -0.3219
vn -0.6995 -0.6805 0.2181
vn -0.5292 -0.7398 -0.4154
vn -0.5289 -0.2101 0.8223
vn -0.0667 0.3095 0.9485
vn 0.4938 0.5677 0.6586
vn 0.4546 0.5997 0.6585
vn -0.7469 -0.6426 0.1706
vn -0.5367 -0.6780 -0.5023
vn -0.6335 -0.5711 -0.5220
vn -0.8424 -0.5189 0.1455
vn -0.0275 0.2552 0.9665
vn 0.4378 0.6140 0.6567
vn -0.5213 -0.1630 0.8377
vn -0.8507 -0.4951 0.1765
vn -0.6107 -0.4945 -0.6185
vn -0.6179 -0.4862 -0.6180
vn -0.7946 -0.5805 0.1777
vn -0.8034 -0.5927 -0.0571
vn -0.5859 -0.4630 -0.6651
vn -0.8036 -0.5712 -0.1673
vn -0.5165 -0.3556 -0.7790
vn -0.4272 -0.1857 0.8849
vn 0.0668 0.1690 0.9834
vn -0.7779 -0.5705 0.2633
vn -0.7399 -0.5698 0.3576
vn -0.4189 -0.3270 0.8471
vn -0.4264 -0.3899 0.8162
vn -0.4899 -0.4070 0.7709
vn 0.2082 0.0118 0.9780
vn 0.6835 0.4712 0.5575
vn 0.5808 0.5276 0.6199
vn 0.8030 0.5793 -0.1399
vn 0.7406 0.6425 -0.1965
vn 0.6914 0.6880 -0.2205
vn 0.4863 0.5916 0.6430
vn 0.8368 0.5422 -0.0761
vn 0.7232 0.4472 0.5264
vn 0.2157 0.0118 0.9764
vn 0.6308 0.4060 -0.6612
vn 0.5595 0.3730 -0.7402
vn -0.5205 -0.4146 0.7464
vn 0.7377 0.3915 0.5500
vn 0.8649 0.5012 -0.0278
vn 0.7458 0.3368 0.5747
vn 0.2554 -0.0749 0.9639
vn -0.4902 -0.4944 0.7178
vn -0.8031 -0.5487 0.2322
vn -0.8010 -0.5552 0.2238
vn -0.2697 -0.5860 0.7641
vn -0.8261 -0.5172 0.2237
vn -0.7173 -0.6020 0.3507
vn -0.8410 -0.5370 -0.0657
vn -0.8025 -0.5705 -0.1749
vn -0.7943 -0.5557 -0.2455
vn -0.3499 -0.6207 -0.7017
vn -0.5240 -0.4256 -0.7378
vn -0.4538 -0.2859 -0.8440
vn 0.2389 -0.6346 0.7350
vn -0.2693 -0.9126 0.3075
vn -0.1449 -0.9640 0.2231
vn 0.2170 -0.7708 -0.5990
vn 0.2632 -0.0513 0.9634
vn 0.5317 0.2924 0.7949
vn 0.7868 0.4769 0.3917
vn 0.8821 0.4703 -0.0273
vn 0.8279 0.5576 -0.0605
vn 0.6435 0.6346 0.4280
vn 0.6776 0.7320 -0.0712
vn 0.6315 0.5514 -0.5451
vn 0.6698 0.4705 -0.5744
vn 0.4150 0.7224 -0.5531
vn 0.4456 0.8946 -0.0341
vn 0.3757 0.7869 0.4896
vn 0.3427 0.4036 0.8483
vn 0.6935 0.4146 -0.5892
vn 0.3368 0.1237 -0.9334
vn 0.4006 0.1561 -0.9029
vn 0.4327 0.3398 -0.8350
vn 0.2337 0.1232 -0.9645
vn 0.6787 0.4150 -0.6060
vn 0.1624 0.1150 -0.9800
vn 0.0989 0.0434 -0.9941
vn -0.2094 -0.1538 -0.9657
vn 0.0198 -0.0200 -0.9996
vn -0.5165 -0.3555 -0.7790
vn -0.5859 -0.4629 -0.6651
vn -0.0277 -0.0200 -0.9994
vn 0.4805 0.3325 -0.8115
vn -0.0435 -0.1383 -0.9894
vn 0.4483 0.2999 -0.8420
vn -0.6178 -0.4862 -0.6180
vn -0.0198 -0.2329 -0.9723
vn 0.5199 0.2927 -0.8025
vn -0.6106 -0.4945 -0.6186
vn -0.6334 -0.5711 -0.5221
vn 0.0434 -0.3193 -0.9467
vn 0.5836 0.2058 -0.7855
vn -0.5366 -0.6780 -0.5024
vn -0.5292 -0.7398 -0.4155
vn 0.0434 -0.4054 -0.9131
vn -0.6387 -0.6989 -0.3220
vn -0.0592 -0.4051 -0.9124
vn -0.3114 -0.4433 -0.8405
vn 0.6465 0.1665 -0.7445
vn 0.6630 0.2468 -0.7068
vn 0.2731 -0.1380 -0.9520
vn 0.6067 0.1342 -0.7835
vn 0.8365 0.4267 -0.3439
vn 0.8022 0.5970 0.0102
vn 0.8336 0.5481 -0.0681
vn 0.8049 0.5725 -0.1559
vn 0.7246 0.6581 -0.2046
vn 0.2169 -0.7708 -0.5990
vn 0.3199 -0.3421 -0.8835
vn -0.0197 -0.2958 -0.9550
vn 0.3208 -0.0508 -0.9458
vn -0.5239 -0.4255 -0.7379
vn 0.3200 -0.3421 -0.8835
vn 0.4629 -0.4044 -0.7888
vn 0.4239 -0.1214 -0.8975
vn 0.4005 0.1561 -0.9029
vn 0.3367 0.1713 -0.9259
vn 0.4326 0.3399 -0.8351
vn 0.2576 0.4102 -0.8749
vn 0.3772 0.5078 -0.7746
vn 0.2022 0.5782 -0.7905
vn 0.2575 0.7793 -0.5713
vn 0.4396 -0.2160 -0.8718
vn 0.8576 -0.3733 -0.3537
vn -0.1450 -0.9639 0.2231
vn 0.9303 -0.2303 -0.2854
vn 0.9996 -0.0036 0.0277
vn 0.4869 -0.3729 -0.7898
vn 0.6777 -0.2765 -0.6813
vn 0.1463 -0.2802 -0.9487
vn 0.4155 -0.2003 -0.8873
vn 0.7074 -0.4631 -0.5340
vn 0.0356 -0.3430 -0.9387
vn 0.0593 0.1464 -0.9875
vn 0.1147 0.3132 -0.9427
vn 0.2496 0.1869 -0.9501
vn 0.2653 0.4816 -0.8353
vn 0.4007 0.6765 -0.6179
vn 0.2261 0.4103 -0.8834
vn 0.4391 0.8974 -0.0422
vn 0.3129 0.8857 -0.3430
vn 0.2727 0.7450 -0.6087
vn 0.3447 0.8537 -0.3902
vn 0.2572 0.6094 -0.7500
vn 0.2577 0.4102 -0.8749
vn 0.2812 0.2187 -0.9344
vn 0.3043 -0.0192 -0.9524
vn -0.1145 -0.3269 -0.9381
vn 0.0040 -0.3267 -0.9451
vn 0.2803 -0.3970 -0.8740
vn 0.1067 -0.3272 -0.9389
vn 0.6341 -0.7024 -0.3235
vn 0.7681 -0.5991 0.2263
vn 0.6177 -0.2438 0.7477
vn 0.1692 0.3101 0.9355
vn 0.0982 0.2706 0.9577
vn -0.4923 0.5894 0.6405
vn -0.8050 0.5932 0.0101
vn -0.8388 0.4239 -0.3416
vn -0.6674 0.2455 -0.7031
vn 0.5305 -0.2740 0.8022
vn 0.6955 -0.6842 0.2193
vn -0.4998 0.5655 0.6561
vn 0.0510 0.2550 0.9656
vn -0.8360 0.5446 -0.0676
vn 0.5232 -0.2110 0.8257
vn 0.7435 -0.6464 0.1717
vn 0.0589 0.3097 0.9490
vn 0.0196 0.2553 0.9667
vn 0.5156 -0.1636 0.8411
vn 0.8401 -0.5223 0.1464
vn -0.8077 0.5689 -0.1550
vn -0.4609 0.5975 0.6562
vn -0.4441 0.6119 0.6545
vn 0.4207 -0.1863 0.8878
vn -0.0746 0.1689 0.9828
vn -0.7284 0.6543 -0.2034
vn -0.6511 0.1657 -0.7407
vn -0.5888 0.2048 -0.7819
vn -0.0513 -0.4052 -0.9128
vn -0.0513 -0.3192 -0.9463
vn -0.6955 0.6842 -0.2193
vn -0.5257 0.2915 -0.7992
vn 0.0119 -0.2330 -0.9724
vn 0.5235 -0.7429 -0.4172
vn 0.6341 -0.7023 -0.3236
vn 0.0513 -0.4053 -0.9128
vn 0.5310 -0.6808 -0.5045
vn -0.4546 0.2989 -0.8390
vn 0.0356 -0.1384 -0.9897
vn 0.6056 -0.4969 -0.6215
vn 0.6287 -0.5740 -0.5247
vn 0.6129 -0.4885 -0.6210
vn -0.0276 -0.0200 -0.9994
vn 0.5807 -0.4651 -0.6682
vn -0.4866 0.3312 -0.8084
vn -0.5649 0.3714 -0.7369
vn -0.6356 0.4040 -0.6579
vn -0.1068 0.0434 -0.9933
vn -0.8058 0.5756 -0.1390
vn -0.8392 0.5386 -0.0756
vn -0.8669 0.4978 -0.0276
vn -0.6829 0.4127 -0.6028
vn 0.5107 -0.3570 -0.7822
vn -0.1701 0.1148 -0.9787
vn -0.2411 0.1229 -0.9627
vn -0.6975 0.4123 -0.5860
vn -0.3518 0.0997 -0.9307
vn -0.6912 0.4611 -0.5565
vn 0.2018 -0.1541 -0.9672
vn 0.4475 -0.2869 -0.8470
vn -0.8838 0.4671 -0.0272
vn -0.8307 0.5543 -0.0522
vn -0.6363 0.5406 -0.5503
vn -0.6948 0.7177 -0.0468
vn -0.4861 0.8047 -0.3409
vn -0.6480 0.6314 0.4259
vn -0.7898 0.4739 0.3893
vn -0.5373 0.2911 0.7915
vn -0.7493 0.3348 0.5714
vn -0.2627 -0.0748 0.9620
vn -0.2157 0.0118 0.9764
vn -0.7413 0.3893 0.5468
vn -0.2705 -0.0512 0.9614
vn -0.7269 0.4446 0.5233
vn -0.2231 0.0117 0.9747
vn 0.5148 -0.4163 0.7495
vn 0.4840 -0.4086 0.7738
vn 0.4842 -0.4963 0.7206
vn 0.8003 -0.5522 0.2336
vn 0.8155 -0.5363 0.2174
vn 0.7135 -0.6054 0.3527
vn 0.2625 -0.5872 0.7657
vn -0.2463 -0.6334 0.7336
vn 0.7982 -0.5587 0.2253
vn 0.3165 -0.9142 0.2531
vn 0.2621 -0.9145 0.3082
vn 0.1523 -0.9611 0.2303
vn 0.8480 -0.5257 -0.0665
vn 0.8072 -0.5658 -0.1681
vn 0.7914 -0.5592 -0.2470
vn -0.2009 -0.7698 -0.6059
vn 0.3429 -0.6224 -0.7036
vn 0.5182 -0.4273 -0.7408
vn 0.4476 -0.2869 -0.8470
vn 0.8008 -0.5748 -0.1683
vn 0.5107 -0.3570 -0.7821
vn 0.7748 -0.5740 0.2649
vn 0.7363 -0.5731 0.3597
vn 0.7917 -0.5841 0.1788
vn 0.4124 -0.3281 0.8499
vn 0.4200 -0.3912 0.8189
vn 0.8485 -0.4984 0.1777
vn -0.1608 0.0825 0.9835
vn -0.6877 0.4687 0.5544
vn -0.5860 0.5252 0.6170
vn -0.7442 0.6388 -0.1953
vn 0.6288 -0.5740 -0.5246
vn 0.6057 -0.4969 -0.6215
vn 0.6129 -0.4886 -0.6210
vn 0.5807 -0.4651 -0.6681
vn 0.5311 -0.6808 -0.5044
vn 0.0119 -0.2958 -0.9552
vn 0.3429 -0.6223 -0.7036
vn 0.5182 -0.4273 -0.7409
vn -0.3278 -0.0507 -0.9434
vn -0.4541 0.3223 -0.8306
vn -0.4387 0.7145 -0.5450
vn -0.4201 0.9072 0.0208
vn -0.3816 0.7905 0.4790
vn -0.3182 0.3949 0.8619
vn -0.3019 -0.0121 0.9533
vn 0.3756 0.7869 0.4896
vn 0.1458 0.8325 0.5346
vn 0.2169 0.6234 0.7512
vn 0.3045 0.9252 0.2264
vn 0.4455 0.8946 -0.0341
vn 0.2491 0.9684 -0.0116
vn 0.5351 0.8003 -0.2705
vn 0.5416 0.7818 -0.3091
vn 0.2575 0.7794 -0.5712
vn -0.2804 -0.1377 -0.9499
vn 0.7694 -0.5537 -0.3187
vn 0.0514 -0.4372 -0.8979
vn 0.6301 -0.0877 -0.7715
vn 0.6139 -0.2379 -0.7527
vn 0.6464 0.0790 -0.7589
vn -0.0277 -0.1935 -0.9807
vn 0.0039 -0.3502 -0.9367
vn -0.6972 -0.3293 -0.6368
vn -0.6482 -0.4771 -0.5935
vn -0.5452 -0.6249 -0.5588
vn -0.3798 -0.7566 -0.5322
vn 0.1692 -0.6924 -0.7014
vn 0.5806 -0.4415 -0.6841
vn -0.8879 -0.4074 0.2139
vn -0.8266 -0.5094 0.2393
vn -0.5051 -0.8590 -0.0841
vn -0.0039 -0.9628 -0.2702
vn 0.8566 -0.4039 -0.3212
vn 0.9545 0.2974 0.0229
vn -0.9432 -0.3072 0.1262
vn -0.9206 -0.3457 0.1818
vn -0.0039 0.6619 0.7496
vn 0.0354 0.8691 0.4933
vn 0.1066 0.9561 0.2729
vn 0.1851 0.9814 0.0512
vn 0.2638 0.9547 -0.1374
vn 0.3448 0.8538 -0.3902
vn -0.2726 0.6323 -0.7252
vn -0.2958 0.7437 -0.5996
vn -0.3186 0.8875 -0.3329
vn -0.2888 0.1788 -0.9406
vn 0.3772 0.5077 -0.7745
vt 0.466499 0.203627
vt 0.465690 0.188787
vt 0.486686 0.185505
vt 0.486290 0.201108
vt 0.484199 0.169948
vt 0.462089 0.172121
vt 0.438788 0.176822
vt 0.443488 0.191862
vt 0.417685 0.188232
vt 0.499992 0.185097
vt 0.499992 0.169702
vt 0.428992 0.204336
vt 0.466896 0.211001
vt 0.448798 0.213328
vt 0.443595 0.204644
vt 0.464088 0.217820
vt 0.452995 0.220493
vt 0.464897 0.224485
vt 0.478294 0.221610
vt 0.468086 0.231203
vt 0.486000 0.231403
vt 0.474800 0.216610
vt 0.487785 0.211155
vt 0.488991 0.216456
vt 0.487892 0.221302
vt 0.499992 0.216510
vt 0.499992 0.221957
vt 0.499992 0.211409
vt 0.499992 0.227566
vt 0.499992 0.231904
vt 0.499992 0.200853
vt 0.511986 0.221302
vt 0.510994 0.216456
vt 0.525185 0.216610
vt 0.512200 0.211155
vt 0.533089 0.211001
vt 0.535897 0.217820
vt 0.521599 0.221610
vt 0.513695 0.201153
vt 0.533486 0.203627
vt 0.513390 0.185551
vt 0.534295 0.188787
vt 0.515785 0.169948
vt 0.537896 0.172121
vt 0.556497 0.191862
vt 0.561090 0.176822
vt 0.582300 0.188232
vt 0.556298 0.204644
vt 0.570993 0.204336
vt 0.585397 0.214237
vt 0.605798 0.193079
vt 0.626596 0.210801
vt 0.600397 0.227058
vt 0.587289 0.234131
vt 0.602899 0.248316
vt 0.617090 0.240742
vt 0.635889 0.256044
vt 0.616892 0.260990
vt 0.617899 0.275838
vt 0.653895 0.283312
vt 0.596597 0.289822
vt 0.608698 0.298814
vt 0.622690 0.310171
vt 0.667399 0.299978
vt 0.562585 0.302351
vt 0.570489 0.311790
vt 0.534295 0.311181
vt 0.541787 0.321182
vt 0.647395 0.224485
vt 0.666194 0.205699
vt 0.707591 0.219083
vt 0.718791 0.197116
vt 0.759487 0.204590
vt 0.759197 0.223375
vt 0.768688 0.183232
vt 0.723995 0.170603
vt 0.778592 0.160964
vt 0.690089 0.172376
vt 0.688289 0.153992
vt 0.733196 0.136625
vt 0.691890 0.122841
vt 0.667399 0.140208
vt 0.646998 0.148791
vt 0.659297 0.160964
vt 0.661494 0.170503
vt 0.680491 0.190552
vt 0.656992 0.182323
vt 0.645090 0.195144
vt 0.624689 0.141371
vt 0.636500 0.128750
vt 0.602396 0.138243
vt 0.596399 0.124505
vt 0.580591 0.137580
vt 0.557992 0.125368
vt 0.553887 0.137988
vt 0.526497 0.125922
vt 0.521187 0.138998
vt 0.616693 0.148490
vt 0.634287 0.154701
vt 0.645197 0.164293
vt 0.645792 0.169348
vt 0.633387 0.165302
vt 0.616892 0.171667
vt 0.605997 0.166111
vt 0.632395 0.180150
vt 0.624399 0.159292
vt 0.610300 0.155409
vt 0.599191 0.153637
vt 0.592996 0.166820
vt 0.599191 0.174795
vt 0.583490 0.173331
vt 0.571588 0.170557
vt 0.582589 0.166566
vt 0.575296 0.165911
vt 0.567788 0.164347
vt 0.562692 0.164602
vt 0.581994 0.164748
vt 0.592096 0.165002
vt 0.594888 0.162783
vt 0.576196 0.164393
vt 0.576593 0.162983
vt 0.572992 0.160810
vt 0.577386 0.158992
vt 0.567498 0.163438
vt 0.590295 0.159146
vt 0.587793 0.155964
vt 0.573693 0.156719
vt 0.567193 0.159701
vt 0.601190 0.160155
vt 0.607294 0.161219
vt 0.605097 0.162475
vt 0.604990 0.164602
vt 0.614389 0.162783
vt 0.600397 0.157127
vt 0.610086 0.158137
vt 0.622293 0.161566
vt 0.616892 0.163338
vt 0.568597 0.152628
vt 0.584497 0.151873
vt 0.561593 0.146171
vt 0.559899 0.157027
vt 0.539986 0.148999
vt 0.582086 0.145717
vt 0.521187 0.158137
vt 0.499992 0.140716
vt 0.499992 0.158083
vt 0.478996 0.158083
vt 0.478691 0.139052
vt 0.473487 0.125969
vt 0.446097 0.137988
vt 0.441993 0.125368
vt 0.419394 0.137580
vt 0.403586 0.124505
vt 0.430594 0.103201
vt 0.391394 0.107893
vt 0.347692 0.111684
vt 0.397589 0.138243
vt 0.363485 0.128750
vt 0.375296 0.141371
vt 0.352987 0.148745
vt 0.332586 0.140208
vt 0.311299 0.153791
vt 0.307500 0.122540
vt 0.266392 0.136424
vt 0.340688 0.160964
vt 0.275898 0.170557
vt 0.229496 0.139298
vt 0.309789 0.172376
vt 0.338293 0.170503
vt 0.281193 0.197116
vt 0.231098 0.183386
vt 0.240391 0.204845
vt 0.319493 0.190552
vt 0.342885 0.182269
vt 0.333791 0.205654
vt 0.292393 0.219083
vt 0.354894 0.195144
vt 0.354299 0.223475
vt 0.326589 0.241551
vt 0.260090 0.241397
vt 0.240391 0.223729
vt 0.293797 0.265436
vt 0.373388 0.210855
vt 0.382895 0.240796
vt 0.399496 0.227058
vt 0.414588 0.214237
vt 0.394186 0.193079
vt 0.412695 0.234131
vt 0.429099 0.219792
vt 0.397086 0.248316
vt 0.384985 0.259881
vt 0.364294 0.256044
vt 0.384390 0.274174
vt 0.348089 0.283011
vt 0.405295 0.288713
vt 0.393286 0.298159
vt 0.438499 0.301997
vt 0.442191 0.292296
vt 0.430900 0.311489
vt 0.466392 0.311081
vt 0.459098 0.321028
vt 0.471794 0.298205
vt 0.472786 0.286848
vt 0.443793 0.281748
vt 0.419593 0.276239
vt 0.500191 0.302751
vt 0.500191 0.317291
vt 0.447486 0.327800
vt 0.419699 0.319972
vt 0.403891 0.337039
vt 0.425193 0.348603
vt 0.383795 0.357233
vt 0.372290 0.323000
vt 0.343587 0.332292
vt 0.473198 0.337894
vt 0.379797 0.309971
vt 0.365087 0.360824
vt 0.285298 0.324518
vt 0.283085 0.305679
vt 0.448096 0.273719
vt 0.474189 0.276947
vt 0.472694 0.271038
vt 0.499992 0.271392
vt 0.499992 0.276947
vt 0.447791 0.269019
vt 0.419196 0.263418
vt 0.474098 0.264927
vt 0.445197 0.263672
vt 0.442100 0.260736
vt 0.476097 0.259727
vt 0.466484 0.255166
vt 0.441596 0.257793
vt 0.412695 0.256953
vt 0.404486 0.266191
vt 0.433387 0.249880
vt 0.454292 0.242815
vt 0.485252 0.253702
vt 0.483589 0.246297
vt 0.449790 0.233168
vt 0.481392 0.239987
vt 0.452186 0.228376
vt 0.500099 0.247006
vt 0.499992 0.254680
vt 0.499992 0.259681
vt 0.499992 0.266345
vt 0.525887 0.264927
vt 0.523888 0.259727
vt 0.557885 0.260736
vt 0.554788 0.263672
vt 0.552285 0.269019
vt 0.527291 0.271038
vt 0.525795 0.276947
vt 0.551888 0.273719
vt 0.581888 0.263872
vt 0.556191 0.281748
vt 0.527199 0.286848
vt 0.558587 0.292504
vt 0.581796 0.276793
vt 0.596689 0.266746
vt 0.528695 0.298305
vt 0.587289 0.256953
vt 0.566598 0.249880
vt 0.558267 0.257808
vt 0.533974 0.255366
vt 0.545693 0.242815
vt 0.514702 0.253894
vt 0.516487 0.246297
vt 0.550088 0.233168
vt 0.518700 0.240041
vt 0.564385 0.228168
vt 0.570886 0.219792
vt 0.556191 0.224284
vt 0.561486 0.216556
vt 0.547585 0.228322
vt 0.546990 0.220493
vt 0.551186 0.213328
vt 0.566690 0.209791
vt 0.499992 0.240241
vt 0.534997 0.224485
vt 0.531991 0.231249
vt 0.514092 0.231403
vt 0.443793 0.224284
vt 0.435599 0.228168
vt 0.438499 0.216556
vt 0.433295 0.209791
vt 0.400992 0.174140
vt 0.367590 0.180104
vt 0.383093 0.171413
vt 0.406897 0.166666
vt 0.416495 0.172931
vt 0.417395 0.166520
vt 0.393286 0.165557
vt 0.366400 0.165002
vt 0.428397 0.170557
vt 0.353185 0.169094
vt 0.424796 0.165965
vt 0.417990 0.164748
vt 0.423789 0.164393
vt 0.405097 0.162783
vt 0.407889 0.165002
vt 0.394888 0.164602
vt 0.423392 0.162983
vt 0.426993 0.160810
vt 0.432792 0.163384
vt 0.432395 0.164848
vt 0.437293 0.164902
vt 0.432898 0.159747
vt 0.427298 0.155964
vt 0.423789 0.157829
vt 0.413291 0.154300
vt 0.410895 0.156873
vt 0.401694 0.158491
vt 0.401389 0.155810
vt 0.416388 0.150918
vt 0.401892 0.152682
vt 0.390692 0.157428
vt 0.390387 0.154801
vt 0.378286 0.161365
vt 0.386389 0.162783
vt 0.393698 0.160202
vt 0.394797 0.162475
vt 0.375998 0.159192
vt 0.383597 0.163084
vt 0.418387 0.145508
vt 0.438788 0.146672
vt 0.399588 0.146372
vt 0.383688 0.148236
vt 0.460395 0.149099
vt 0.456687 0.162120
vt 0.542794 0.161265
vt 0.555886 0.163792
vt 0.443885 0.164193
vt 0.440497 0.157127
vt 0.432090 0.152381
vt 0.296391 0.286186
vt 0.248600 0.268973
vt 0.334997 0.299924
vt 0.196994 0.250442
vt 0.233890 0.248416
vt 0.201587 0.223675
vt 0.188693 0.224839
vt 0.188586 0.213073
vt 0.183688 0.214029
vt 0.184695 0.204644
vt 0.176287 0.204536
vt 0.212894 0.210700
vt 0.168185 0.188787
vt 0.160388 0.189642
vt 0.149798 0.176968
vt 0.133089 0.185551
vt 0.133791 0.154300
vt 0.105394 0.183887
vt 0.135988 0.229131
vt 0.159899 0.211509
vt 0.149386 0.160610
vt 0.160296 0.151973
vt 0.168185 0.155409
vt 0.161593 0.161874
vt 0.178698 0.159747
vt 0.171588 0.165002
vt 0.162295 0.176968
vt 0.170886 0.177423
vt 0.178393 0.188379
vt 0.178393 0.166065
vt 0.187900 0.175504
vt 0.185687 0.186815
vt 0.188891 0.159747
vt 0.197299 0.158137
vt 0.205692 0.167984
vt 0.184695 0.155255
vt 0.197391 0.153637
vt 0.195789 0.148845
vt 0.178988 0.150008
vt 0.191897 0.141471
vt 0.209094 0.148745
vt 0.221286 0.161011
vt 0.197696 0.106429
vt 0.171695 0.147081
vt 0.161089 0.140616
vt 0.151598 0.111530
vt 0.162188 0.088399
vt 0.106691 0.111630
vt 0.105699 0.140061
vt 0.076295 0.137734
vt 0.212085 0.164948
vt 0.217990 0.174040
vt 0.205493 0.185805
vt 0.197192 0.197771
vt 0.213489 0.202271
vt 0.218891 0.185150
vt 0.409400 0.075833
vt 0.450385 0.064622
vt 0.465599 0.100473
vt 0.370794 0.054775
vt 0.338186 0.075378
vt 0.299886 0.066486
vt 0.302785 0.095172
vt 0.323095 0.046238
vt 0.351995 0.028616
vt 0.396292 0.038517
vt 0.368994 0.091127
vt 0.249088 0.078352
vt 0.255985 0.053966
vt 0.203387 0.054520
vt 0.200092 0.080525
vt 0.249989 0.100927
vt 0.162387 0.069314
vt 0.125490 0.090826
vt 0.121294 0.066841
vt 0.160586 0.050730
vt 0.204791 0.038864
vt 0.265690 0.038009
vt 0.279088 0.019679
vt 0.295293 0.001803
vt 0.203800 0.002104
vt 0.205997 0.018824
vt 0.373388 0.007104
vt 0.149187 0.031545
vt 0.094285 0.051338
vt 0.133700 0.011095
vt 0.062089 0.035790
vt 0.027588 0.062295
vt 0.065187 0.077142
vt 0.008087 0.100065
vt 0.049897 0.106629
vt 0.008087 0.131123
vt 0.043198 0.133997
vt 0.039887 0.165056
vt 0.008087 0.162683
vt 0.039994 0.196762
vt 0.008087 0.198180
vt 0.040391 0.232058
vt 0.008087 0.231804
vt 0.081788 0.237514
vt 0.072999 0.196862
vt 0.073396 0.167075
vt 0.081987 0.110466
vt 0.098695 0.085625
vt 0.132296 0.254981
vt 0.195697 0.283813
vt 0.499992 0.288459
vt 0.424689 0.020434
vt 0.499886 0.057703
vt 0.499992 0.099255
vt 0.499992 0.126624
vt 0.534386 0.100419
vt 0.569390 0.103147
vt 0.590585 0.075678
vt 0.549493 0.064467
vt 0.629099 0.054220
vt 0.662089 0.074715
vt 0.701091 0.063913
vt 0.697200 0.095172
vt 0.630991 0.090872
vt 0.608591 0.107793
vt 0.652186 0.111630
vt 0.676890 0.045282
vt 0.647898 0.028062
vt 0.603586 0.038063
vt 0.743999 0.053966
vt 0.750896 0.078352
vt 0.799893 0.080525
vt 0.796597 0.054520
vt 0.749996 0.100927
vt 0.845594 0.084208
vt 0.848295 0.063913
vt 0.802289 0.106429
vt 0.770291 0.139298
vt 0.795193 0.038864
vt 0.845487 0.048156
vt 0.886290 0.064414
vt 0.734295 0.038009
vt 0.720897 0.019679
vt 0.704692 0.001803
vt 0.796185 0.002104
vt 0.793988 0.018824
vt 0.626688 0.006603
vt 0.853300 0.030589
vt 0.909499 0.050483
vt 0.866789 0.011296
vt 0.939391 0.036190
vt 0.973495 0.063058
vt 0.935592 0.074214
vt 0.992187 0.096428
vt 0.951598 0.101228
vt 0.992187 0.127387
vt 0.958694 0.130006
vt 0.959991 0.162829
vt 0.992187 0.162328
vt 0.959289 0.196462
vt 0.992187 0.198426
vt 0.959594 0.232058
vt 0.992187 0.231804
vt 0.925093 0.237313
vt 0.925399 0.197417
vt 0.925994 0.167121
vt 0.894896 0.183887
vt 0.894286 0.140061
vt 0.870695 0.228876
vt 0.869093 0.185351
vt 0.924300 0.136879
vt 0.893294 0.111630
vt 0.848386 0.111530
vt 0.923995 0.107184
vt 0.886198 0.086535
vt 0.907088 0.084061
vt 0.867597 0.155109
vt 0.854994 0.176822
vt 0.853986 0.161319
vt 0.843198 0.189342
vt 0.837690 0.141625
vt 0.834592 0.188533
vt 0.814099 0.204590
vt 0.821790 0.204490
vt 0.816190 0.213929
vt 0.811292 0.213019
vt 0.813092 0.226557
vt 0.799786 0.224639
vt 0.807797 0.250543
vt 0.841489 0.176822
vt 0.842298 0.162274
vt 0.830091 0.165156
vt 0.840085 0.211509
vt 0.822995 0.188232
vt 0.830488 0.177276
vt 0.802899 0.197771
vt 0.786999 0.210546
vt 0.815198 0.186661
vt 0.812085 0.175404
vt 0.822187 0.166165
vt 0.794797 0.185805
vt 0.794186 0.167930
vt 0.802289 0.158283
vt 0.810895 0.159902
vt 0.814786 0.155509
vt 0.821988 0.159855
vt 0.834897 0.155455
vt 0.822385 0.150409
vt 0.829587 0.147227
vt 0.842100 0.152173
vt 0.803388 0.149245
vt 0.801999 0.153892
vt 0.807294 0.142026
vt 0.790692 0.148845
vt 0.787900 0.164848
vt 0.781888 0.173940
vt 0.780789 0.184996
vt 0.786389 0.202117
vt 0.740795 0.241096
vt 0.674296 0.241605
vt 0.707393 0.264982
vt 0.753292 0.268565
vt 0.705592 0.286039
vt 0.718990 0.305934
vt 0.807599 0.285131
vt 0.880491 0.252053
vt 0.768185 0.248115
vt 0.661494 0.331529
vt 0.631098 0.322846
vt 0.624094 0.356833
vt 0.599390 0.336838
vt 0.719890 0.325073
vt 0.577600 0.347995
vt 0.553689 0.327847
vt 0.526497 0.337747
vt 0.582086 0.320072
vt 0.641794 0.360516
vt 0.499992 0.329611
vt 0.354086 0.163792
vt 0.365789 0.154654
vt 0.575189 0.020079
vt 0.600992 0.146726
vt 0.918578 0.391536
vt 0.971237 0.411808
vt 0.947540 0.420930
vt 0.909529 0.406299
vt 0.862547 0.406299
vt 0.853498 0.391536
vt 0.824537 0.420930
vt 0.800839 0.411808
vt 0.780728 0.444608
vt 0.810010 0.444608
vt 0.824537 0.468293
vt 0.800839 0.477416
vt 0.853498 0.497687
vt 0.862547 0.482925
vt 0.918578 0.497687
vt 0.909529 0.482925
vt 0.947540 0.468293
vt 0.971237 0.477416
vt 0.991348 0.444608
vt 0.962051 0.444608
vt 0.873442 0.465134
vt 0.898619 0.465134
vt 0.886030 0.444608
vt 0.853086 0.457298
vt 0.845304 0.444608
vt 0.853086 0.431925
vt 0.873442 0.424089
vt 0.898619 0.424089
vt 0.918975 0.431925
vt 0.918975 0.457298
vt 0.926757 0.444608
vt 0.080995 0.391536
vt 0.090059 0.406299
vt 0.052033 0.420930
vt 0.028336 0.411808
vt 0.137026 0.406299
vt 0.146090 0.391536
vt 0.175036 0.420930
vt 0.198749 0.411808
vt 0.218845 0.444608
vt 0.189563 0.444608
vt 0.175036 0.468293
vt 0.198749 0.477416
vt 0.146090 0.497687
vt 0.137026 0.482925
vt 0.080995 0.497687
vt 0.090059 0.482925
vt 0.052033 0.468293
vt 0.028336 0.477416
vt 0.008225 0.444608
vt 0.037522 0.444608
vt 0.126131 0.465134
vt 0.100954 0.465134
vt 0.113542 0.444608
vt 0.146487 0.457298
vt 0.154269 0.444608
vt 0.146487 0.431925
vt 0.126131 0.424089
vt 0.100954 0.424089
vt 0.080598 0.431925
vt 0.080598 0.457298
vt 0.072816 0.444608
vt 0.584680 0.162806
vt 0.588464 0.161897
vt 0.586679 0.161920
vt 0.587503 0.161573
vt 0.585641 0.161943
vt 0.583551 0.162282
vt 0.581689 0.163323
vt 0.581491 0.162945
vt 0.581476 0.163338
vt 0.585702 0.161519
vt 0.588647 0.162714
vt 0.589380 0.161827
vt 0.589990 0.162074
vt 0.590265 0.161743
vt 0.590951 0.161011
vt 0.580468 0.163377
vt 0.590356 0.163014
vt 0.591485 0.162236
vt 0.590707 0.161928
vt 0.592554 0.161011
vt 0.591974 0.162567
vt 0.592432 0.162282
vt 0.594324 0.161558
vt 0.592294 0.163754
vt 0.592676 0.163060
vt 0.593286 0.162460
vt 0.593744 0.162714
vt 0.596170 0.162035
vt 0.593164 0.163430
vt 0.594049 0.162906
vt 0.594797 0.163446
vt 0.596887 0.162768
vt 0.528084 0.676211
vt 0.520333 0.648093
vt 0.546487 0.647124
vt 0.546487 0.676700
vt 0.546487 0.611735
vt 0.500969 0.613193
vt 0.468040 0.626278
vt 0.489357 0.652944
vt 0.506783 0.594288
vt 0.546487 0.592829
vt 0.512596 0.579745
vt 0.546487 0.577804
vt 0.449653 0.612223
vt 0.466102 0.595739
vt 0.470954 0.575864
vt 0.516472 0.565201
vt 0.472892 0.562291
vt 0.437049 0.617555
vt 0.444800 0.635009
vt 0.457389 0.653914
vt 0.426398 0.644213
vt 0.430274 0.652944
vt 0.437049 0.602530
vt 0.436088 0.569562
vt 0.444800 0.587986
vt 0.442863 0.581685
vt 0.416724 0.607862
vt 0.413809 0.603981
vt 0.429313 0.598650
vt 0.421561 0.621916
vt 0.483543 0.549687
vt 0.449653 0.551627
vt 0.472892 0.542896
vt 0.486442 0.537084
vt 0.501945 0.540475
vt 0.520333 0.552109
vt 0.523247 0.542415
vt 0.546487 0.544356
vt 0.546487 0.533692
vt 0.526146 0.532722
vt 0.529061 0.523021
vt 0.546487 0.523510
vt 0.563912 0.523021
vt 0.566827 0.532722
vt 0.582315 0.523991
vt 0.587152 0.534662
vt 0.569726 0.542415
vt 0.591028 0.540475
vt 0.546487 0.553079
vt 0.600717 0.533692
vt 0.606531 0.537084
vt 0.596841 0.523991
vt 0.579416 0.513817
vt 0.599741 0.513328
vt 0.562951 0.516238
vt 0.546487 0.516720
vt 0.529061 0.516238
vt 0.513558 0.513817
vt 0.509682 0.523991
vt 0.496132 0.523991
vt 0.493217 0.513328
vt 0.505806 0.534662
vt 0.492256 0.533692
vt 0.432212 0.588468
vt 0.436088 0.588468
vt 0.433188 0.582654
vt 0.430274 0.582654
vt 0.428336 0.577315
vt 0.431250 0.576834
vt 0.425437 0.571984
vt 0.427375 0.571502
vt 0.421561 0.566652
vt 0.423499 0.566171
vt 0.417685 0.561809
vt 0.418662 0.561320
vt 0.412848 0.556959
vt 0.414786 0.556470
vt 0.243381 0.618036
vt 0.256931 0.612704
vt 0.258869 0.619006
vt 0.249180 0.623375
vt 0.240467 0.621916
vt 0.237568 0.626767
vt 0.218204 0.625797
vt 0.221103 0.617066
vt 0.231754 0.612223
vt 0.214328 0.608343
vt 0.219165 0.599131
vt 0.254032 0.602530
vt 0.209476 0.615615
vt 0.204639 0.622405
vt 0.204639 0.607373
vt 0.204639 0.615134
vt 0.199802 0.615615
vt 0.190112 0.625797
vt 0.187213 0.617066
vt 0.194949 0.608343
vt 0.189151 0.599131
vt 0.204639 0.598161
vt 0.177523 0.612223
vt 0.155245 0.602530
vt 0.152346 0.612704
vt 0.165911 0.618036
vt 0.128130 0.604952
vt 0.129107 0.614644
vt 0.135882 0.620465
vt 0.150408 0.619006
vt 0.204639 0.586528
vt 0.184298 0.587498
vt 0.204639 0.574894
vt 0.224979 0.587498
vt 0.227878 0.574413
vt 0.181399 0.574413
vt 0.150408 0.590407
vt 0.204639 0.564712
vt 0.221103 0.563261
vt 0.239506 0.560839
vt 0.217227 0.555019
vt 0.239506 0.551139
vt 0.188174 0.563261
vt 0.204639 0.557440
vt 0.191089 0.555019
vt 0.168811 0.560839
vt 0.143633 0.571984
vt 0.141695 0.559380
vt 0.114580 0.565201
vt 0.114580 0.581685
vt 0.105867 0.554538
vt 0.169772 0.551139
vt 0.192050 0.547265
vt 0.166873 0.540964
vt 0.151385 0.542896
vt 0.133944 0.549687
vt 0.102953 0.548236
vt 0.193988 0.536595
vt 0.173648 0.531263
vt 0.193011 0.523510
vt 0.126192 0.540475
vt 0.140719 0.536595
vt 0.147509 0.533203
vt 0.158160 0.524961
vt 0.177523 0.518179
vt 0.120394 0.533692
vt 0.133944 0.530782
vt 0.139757 0.528842
vt 0.147509 0.521089
vt 0.157183 0.511388
vt 0.100053 0.543386
vt 0.094240 0.536113
vt 0.204639 0.525450
vt 0.204639 0.537565
vt 0.204639 0.548717
vt 0.217227 0.547265
vt 0.215290 0.536595
vt 0.242405 0.540964
vt 0.234653 0.531263
vt 0.260807 0.533203
vt 0.256931 0.542896
vt 0.268559 0.536595
vt 0.275334 0.530782
vt 0.288884 0.533692
vt 0.283085 0.540475
vt 0.269520 0.528842
vt 0.251118 0.524961
vt 0.260807 0.521089
vt 0.253056 0.510906
vt 0.231754 0.518179
vt 0.216266 0.523510
vt 0.309224 0.543386
vt 0.306325 0.548236
vt 0.331502 0.545807
vt 0.328588 0.550168
vt 0.274357 0.549687
vt 0.303410 0.554538
vt 0.336339 0.539994
vt 0.315038 0.536113
vt 0.266621 0.559380
vt 0.294697 0.565201
vt 0.264683 0.571984
vt 0.294697 0.581685
vt 0.257908 0.590407
vt 0.287922 0.594769
vt 0.315038 0.593318
vt 0.304387 0.602041
vt 0.326665 0.600590
vt 0.337316 0.593318
vt 0.339254 0.603011
vt 0.351843 0.595739
vt 0.362493 0.604952
vt 0.331502 0.612704
vt 0.315999 0.610765
vt 0.370230 0.596228
vt 0.390570 0.597680
vt 0.373144 0.591859
vt 0.394446 0.592829
vt 0.385733 0.612704
vt 0.358618 0.590407
vt 0.344091 0.588956
vt 0.320851 0.581196
vt 0.335378 0.579745
vt 0.330526 0.623375
vt 0.316976 0.623857
vt 0.303410 0.620465
vt 0.301472 0.632579
vt 0.314076 0.634520
vt 0.326665 0.636949
vt 0.349905 0.625308
vt 0.355703 0.644213
vt 0.375082 0.636949
vt 0.371206 0.646642
vt 0.289860 0.623375
vt 0.280171 0.614644
vt 0.273396 0.620465
vt 0.281147 0.604952
vt 0.293736 0.609802
vt 0.088426 0.581196
vt 0.095216 0.564712
vt 0.094240 0.593318
vt 0.121355 0.594769
vt 0.104891 0.602041
vt 0.071962 0.593318
vt 0.065187 0.588956
vt 0.073899 0.579745
vt 0.085527 0.565201
vt 0.071962 0.566171
vt 0.081651 0.600590
vt 0.056474 0.595739
vt 0.050660 0.590407
vt 0.070039 0.603011
vt 0.076814 0.612704
vt 0.093278 0.610765
vt 0.078752 0.623375
vt 0.059373 0.625308
vt 0.045823 0.604952
vt 0.039048 0.596228
vt 0.036133 0.591859
vt 0.018708 0.597680
vt 0.014832 0.592829
vt 0.023545 0.612704
vt 0.034195 0.636949
vt 0.053574 0.644213
vt 0.091341 0.623857
vt 0.095216 0.634520
vt 0.107805 0.632579
vt 0.105867 0.620465
vt 0.114580 0.609802
vt 0.119417 0.623375
vt 0.038071 0.647124
vt 0.081651 0.636949
vt 0.160098 0.623375
vt 0.168811 0.621916
vt 0.171710 0.626767
vt 0.204639 0.629188
vt 0.315038 0.564712
vt 0.325689 0.565201
vt 0.336339 0.566171
vt 0.329564 0.560839
vt 0.339254 0.556959
vt 0.334401 0.555989
vt 0.338277 0.552109
vt 0.319875 0.559869
vt 0.325689 0.554538
vt 0.344091 0.548717
vt 0.342153 0.547747
vt 0.346990 0.542415
vt 0.347967 0.542415
vt 0.845716 0.662156
vt 0.829252 0.662156
vt 0.848630 0.652455
vt 0.859281 0.661185
vt 0.869932 0.651485
vt 0.844755 0.636460
vt 0.813764 0.652944
vt 0.815702 0.639852
vt 0.794400 0.640821
vt 0.790524 0.651974
vt 0.805051 0.660697
vt 0.792462 0.660216
vt 0.821515 0.624338
vt 0.846693 0.625308
vt 0.866056 0.626767
vt 0.865095 0.636460
vt 0.780835 0.647124
vt 0.777935 0.639852
vt 0.789548 0.632579
vt 0.765347 0.646153
vt 0.778897 0.630639
vt 0.762432 0.638400
vt 0.796338 0.623857
vt 0.748882 0.635009
vt 0.765347 0.627248
vt 0.779873 0.621435
vt 0.788586 0.616585
vt 0.804074 0.618036
vt 0.824414 0.618525
vt 0.761471 0.617066
vt 0.768246 0.612223
vt 0.748882 0.608343
vt 0.737255 0.610765
vt 0.847654 0.619006
vt 0.869932 0.619495
vt 0.879622 0.626278
vt 0.882521 0.619976
vt 0.894148 0.621435
vt 0.894148 0.625797
vt 0.899947 0.637430
vt 0.885420 0.639371
vt 0.911574 0.629677
vt 0.907698 0.624338
vt 0.915450 0.637430
vt 0.907698 0.620946
vt 0.925124 0.624826
vt 0.925124 0.619976
vt 0.905760 0.647124
vt 0.919326 0.645183
vt 0.922225 0.651485
vt 0.910597 0.653914
vt 0.925124 0.654884
vt 0.913512 0.657305
vt 0.931914 0.660216
vt 0.924163 0.661667
vt 0.947402 0.666029
vt 0.941588 0.667969
vt 0.918349 0.663607
vt 0.905760 0.659246
vt 0.938689 0.658756
vt 0.952239 0.665059
vt 0.898985 0.661185
vt 0.913512 0.665059
vt 0.900923 0.656335
vt 0.893172 0.648582
vt 0.936751 0.669909
vt 0.932876 0.671360
vt 0.908675 0.667969
vt 0.927062 0.673789
vt 0.937713 0.672330
vt 0.931914 0.674759
vt 0.940627 0.670879
vt 0.945464 0.669428
vt 0.961929 0.676211
vt 0.964828 0.674759
vt 0.965805 0.677181
vt 0.968704 0.675730
vt 0.977432 0.679602
vt 0.980331 0.678632
vt 0.950317 0.667488
vt 0.969680 0.673300
vt 0.980331 0.675730
vt 0.973556 0.673789
vt 0.955154 0.665547
vt 0.973556 0.671849
vt 0.983230 0.674270
vt 0.989044 0.677181
vt 0.986145 0.678151
vt 0.991943 0.679121
vt 0.990021 0.680091
vt 0.976455 0.672819
vt 0.987106 0.680572
vt 0.987106 0.681542
vt 0.989044 0.682031
vt 0.984207 0.683001
vt 0.984207 0.682031
vt 0.977432 0.682512
vt 0.975494 0.680572
vt 0.962905 0.678632
vt 0.959030 0.677669
vt 0.955154 0.679602
vt 0.959991 0.680091
vt 0.967742 0.681542
vt 0.873808 0.659727
vt 0.869932 0.666029
vt 0.886397 0.657787
vt 0.876707 0.664096
vt 0.886397 0.662637
vt 0.886397 0.669909
vt 0.894148 0.668938
vt 0.880583 0.671360
vt 0.864118 0.666517
vt 0.856367 0.666999
vt 0.855406 0.672819
vt 0.845716 0.667488
vt 0.847654 0.672819
vt 0.866056 0.674270
vt 0.857343 0.683971
vt 0.851530 0.684452
vt 0.873808 0.674270
vt 0.896086 0.679121
vt 0.888334 0.681061
vt 0.892210 0.683001
vt 0.899947 0.681061
vt 0.868971 0.683971
vt 0.918349 0.689784
vt 0.911574 0.691235
vt 0.900923 0.677669
vt 0.905760 0.680091
vt 0.907698 0.676700
vt 0.911574 0.678632
vt 0.923201 0.688814
vt 0.928038 0.687844
vt 0.918349 0.677181
vt 0.935790 0.686392
vt 0.938689 0.687844
vt 0.930938 0.689303
vt 0.943526 0.690754
vt 0.940627 0.693665
vt 0.948379 0.694635
vt 0.915450 0.675241
vt 0.927062 0.690273
vt 0.935790 0.694635
vt 0.946441 0.697544
vt 0.943526 0.698507
vt 0.949340 0.697544
vt 0.946441 0.699477
vt 0.940627 0.698507
vt 0.931914 0.695605
vt 0.938689 0.699966
vt 0.931914 0.698507
vt 0.922225 0.695605
vt 0.922225 0.691235
vt 0.915450 0.692694
vt 0.820539 0.666999
vt 0.813764 0.671360
vt 0.806989 0.670398
vt 0.812802 0.666029
vt 0.804074 0.665059
vt 0.798276 0.669428
vt 0.815702 0.660216
vt 0.828290 0.666999
vt 0.820539 0.674759
vt 0.794400 0.680572
vt 0.801175 0.681061
vt 0.786648 0.680091
vt 0.828290 0.675241
vt 0.838941 0.673300
vt 0.836042 0.667969
vt 0.809888 0.682512
vt 0.806989 0.684934
vt 0.797299 0.683971
vt 0.791485 0.683001
vt 0.784710 0.682512
vt 0.775998 0.681061
vt 0.766308 0.691235
vt 0.773098 0.692205
vt 0.757595 0.690754
vt 0.767285 0.680572
vt 0.769223 0.678632
vt 0.776959 0.679121
vt 0.778897 0.666999
vt 0.786648 0.667969
vt 0.789548 0.664577
vt 0.781811 0.664577
vt 0.764370 0.693175
vt 0.756634 0.691724
vt 0.751781 0.695116
vt 0.760510 0.696086
vt 0.749844 0.699966
vt 0.756634 0.700447
vt 0.750820 0.702876
vt 0.754696 0.702876
vt 0.758572 0.702876
vt 0.761471 0.704328
vt 0.759533 0.705297
vt 0.766308 0.705779
vt 0.765347 0.704809
vt 0.768246 0.700447
vt 0.773098 0.701418
vt 0.780835 0.696575
vt 0.775998 0.695605
vt 0.783749 0.694146
vt 0.778897 0.693175
vt 0.782773 0.700936
vt 0.774060 0.703847
vt 0.789548 0.697544
vt 0.792462 0.695605
vt 0.763409 0.699477
vt 0.770184 0.694635
vt 0.893172 0.661667
vt 0.902861 0.668457
vt 0.331502 0.969978
vt 0.324727 0.969978
vt 0.324727 0.968526
vt 0.332464 0.968526
vt 0.325689 0.956404
vt 0.332464 0.956404
vt 0.336339 0.968526
vt 0.337316 0.956894
vt 0.336339 0.970467
vt 0.330526 0.973858
vt 0.335378 0.974829
vt 0.324727 0.973858
vt 0.317937 0.970467
vt 0.318914 0.973858
vt 0.317937 0.968526
vt 0.329564 0.979190
vt 0.332464 0.980160
vt 0.324727 0.978709
vt 0.318914 0.979190
vt 0.314076 0.970467
vt 0.314076 0.974829
vt 0.314076 0.968526
vt 0.317937 0.956894
vt 0.313100 0.956404
vt 0.327626 0.981619
vt 0.323751 0.982100
vt 0.319875 0.981619
vt 0.315999 0.979679
vt 0.318914 0.982581
vt 0.323751 0.984040
vt 0.328588 0.982581
vt 0.317937 0.954472
vt 0.312139 0.954472
vt 0.315038 0.945741
vt 0.317937 0.943320
vt 0.312139 0.944771
vt 0.309224 0.940409
vt 0.315999 0.936529
vt 0.304387 0.938469
vt 0.302449 0.933627
vt 0.296635 0.950591
vt 0.303410 0.951562
vt 0.297612 0.938469
vt 0.289860 0.949621
vt 0.294697 0.934108
vt 0.292760 0.930228
vt 0.302449 0.928777
vt 0.289860 0.922475
vt 0.300511 0.920534
vt 0.317937 0.928777
vt 0.315038 0.919083
vt 0.333440 0.918594
vt 0.336339 0.928287
vt 0.298573 0.910841
vt 0.313100 0.909871
vt 0.297612 0.902110
vt 0.308263 0.901148
vt 0.321813 0.900178
vt 0.321813 0.889507
vt 0.297612 0.895809
vt 0.336339 0.894357
vt 0.340215 0.906961
vt 0.353780 0.919083
vt 0.330526 0.910353
vt 0.358618 0.913751
vt 0.372168 0.918113
vt 0.366369 0.923445
vt 0.352804 0.927806
vt 0.337316 0.937988
vt 0.355703 0.937499
vt 0.364431 0.929258
vt 0.365393 0.937018
vt 0.366369 0.941861
vt 0.358618 0.943320
vt 0.365393 0.945260
vt 0.363455 0.945741
vt 0.364431 0.957375
vt 0.349905 0.943320
vt 0.356680 0.958345
vt 0.365393 0.959315
vt 0.357641 0.960285
vt 0.349905 0.961255
vt 0.356680 0.974829
vt 0.363455 0.973858
vt 0.364431 0.974829
vt 0.357641 0.976280
vt 0.352804 0.977250
vt 0.359579 0.980649
vt 0.355703 0.981619
vt 0.363455 0.985980
vt 0.360555 0.986950
vt 0.366369 0.988402
vt 0.365393 0.989853
vt 0.351843 0.974829
vt 0.372168 0.974347
vt 0.366369 0.979190
vt 0.373144 0.978709
vt 0.371206 0.972407
vt 0.376043 0.972407
vt 0.370230 0.958345
vt 0.377020 0.974347
vt 0.377981 0.979190
vt 0.369268 0.956404
vt 0.369268 0.985011
vt 0.374105 0.984522
vt 0.374105 0.987432
vt 0.370230 0.988402
vt 0.377981 0.985011
vt 0.376043 0.988402
vt 0.371206 0.990342
vt 0.348928 0.958834
vt 0.343114 0.944290
vt 0.333440 0.943320
vt 0.326665 0.942831
vt 0.325689 0.954472
vt 0.332464 0.954472
vt 0.336339 0.946711
vt 0.337316 0.954472
vt 0.339254 0.946230
vt 0.344091 0.958834
vt 0.345052 0.961744
vt 0.379919 0.952532
vt 0.375082 0.953983
vt 0.387671 0.951073
vt 0.371206 0.939928
vt 0.381857 0.954472
vt 0.388632 0.952532
vt 0.398322 0.964647
vt 0.403159 0.962706
vt 0.400259 0.965617
vt 0.405097 0.963676
vt 0.397345 0.967557
vt 0.394446 0.966105
vt 0.377020 0.955923
vt 0.406073 0.969008
vt 0.410910 0.967076
vt 0.402197 0.970467
vt 0.411872 0.972888
vt 0.409934 0.974347
vt 0.415747 0.974829
vt 0.415747 0.976280
vt 0.419623 0.974347
vt 0.420600 0.975799
vt 0.422538 0.973377
vt 0.425437 0.974347
vt 0.416724 0.971437
vt 0.420600 0.970467
vt 0.414786 0.965617
vt 0.409934 0.961744
vt 0.408011 0.960774
vt 0.394446 0.950591
vt 0.392508 0.949133
vt 0.377981 0.938469
vt 0.377020 0.935559
vt 0.374105 0.930716
vt 0.375082 0.925866
vt 0.377981 0.923926
vt 0.378958 0.919083
vt 0.380896 0.924415
vt 0.388632 0.923445
vt 0.393484 0.918594
vt 0.403159 0.922956
vt 0.403159 0.919564
vt 0.378958 0.914232
vt 0.367330 0.906961
vt 0.381857 0.909871
vt 0.395422 0.911811
vt 0.394446 0.915203
vt 0.352804 0.901148
vt 0.375082 0.902110
vt 0.382818 0.905991
vt 0.393484 0.907931
vt 0.406073 0.908901
vt 0.405097 0.911811
vt 0.344091 0.890966
vt 0.332464 0.885634
vt 0.362493 0.897268
vt 0.403159 0.915684
vt 0.405097 0.915684
vt 0.406073 0.920053
vt 0.406073 0.922956
vt 0.411872 0.923445
vt 0.415747 0.919564
vt 0.420600 0.923445
vt 0.427375 0.919564
vt 0.430274 0.922475
vt 0.431250 0.919083
vt 0.434150 0.920534
vt 0.427375 0.916173
vt 0.433188 0.916654
vt 0.437049 0.918594
vt 0.432212 0.914232
vt 0.429313 0.913751
vt 0.414786 0.916173
vt 0.407034 0.911811
vt 0.417685 0.912293
vt 0.408972 0.908901
vt 0.414786 0.908901
vt 0.423499 0.909871
vt 0.433188 0.911322
vt 0.437049 0.913751
vt 0.438025 0.915684
vt 0.285985 0.913262
vt 0.284047 0.903080
vt 0.283085 0.896297
vt 0.307286 0.952532
vt 0.302449 0.953013
vt 0.295674 0.952043
vt 0.289860 0.961255
vt 0.284047 0.960285
vt 0.288884 0.962225
vt 0.283085 0.961744
vt 0.281147 0.964647
vt 0.286961 0.965135
vt 0.289860 0.951073
vt 0.295674 0.962225
vt 0.291798 0.966587
vt 0.284047 0.969497
vt 0.287922 0.970467
vt 0.285985 0.972407
vt 0.283085 0.971918
vt 0.294697 0.963676
vt 0.279210 0.969008
vt 0.280171 0.971918
vt 0.279210 0.972888
vt 0.282109 0.973377
vt 0.286961 0.973377
vt 0.297612 0.964647
vt 0.299550 0.963195
vt 0.306325 0.953983
vt 0.294697 0.967557
vt 0.289860 0.971437
vt 0.709178 0.669909
vt 0.718868 0.667488
vt 0.717891 0.670879
vt 0.712077 0.671849
vt 0.727581 0.667969
vt 0.727581 0.663607
vt 0.713054 0.666029
vt 0.721767 0.661667
vt 0.714992 0.660216
vt 0.717891 0.658756
vt 0.724666 0.660216
vt 0.707240 0.665059
vt 0.734356 0.665059
vt 0.706279 0.670879
vt 0.706279 0.672330
vt 0.703365 0.670398
vt 0.703365 0.668938
vt 0.698528 0.668938
vt 0.699489 0.670879
vt 0.699489 0.666517
vt 0.703365 0.662637
vt 0.708202 0.659246
vt 0.712077 0.657305
vt 0.714015 0.656335
vt 0.720790 0.657305
vt 0.723705 0.651003
vt 0.732418 0.651485
vt 0.728542 0.658276
vt 0.739193 0.652455
vt 0.730480 0.646153
vt 0.743069 0.648093
vt 0.737255 0.641311
vt 0.750820 0.644213
vt 0.746944 0.653914
vt 0.755657 0.649552
vt 0.735317 0.659727
vt 0.732418 0.661667
vt 0.771160 0.652944
vt 0.762432 0.653425
vt 0.753719 0.656824
vt 0.742107 0.662156
vt 0.778897 0.654884
vt 0.782773 0.659727
vt 0.738231 0.663126
vt 0.844755 0.652455
vt 0.844755 0.684934
vt 0.835065 0.685904
vt 0.795361 0.624826
vt 0.846693 0.626278
vt 0.866056 0.627737
vt 0.865095 0.638400
vt 0.880583 0.625308
vt 0.778897 0.621916
vt 0.986145 0.681542
vt 0.859281 0.687362
vt 0.869932 0.686874
vt 0.865095 0.699477
vt 0.875746 0.698996
vt 0.859281 0.699477
vt 0.853468 0.687362
vt 0.846693 0.687844
vt 0.852506 0.699966
vt 0.854444 0.702388
vt 0.860243 0.702388
vt 0.845716 0.702388
vt 0.844755 0.700447
vt 0.837003 0.688333
vt 0.849592 0.706268
vt 0.858305 0.708208
vt 0.854444 0.711119
vt 0.863157 0.712570
vt 0.860243 0.713540
vt 0.867033 0.713051
vt 0.867033 0.714021
vt 0.864118 0.708208
vt 0.870893 0.712570
vt 0.873808 0.712570
vt 0.869932 0.707719
vt 0.866056 0.701906
vt 0.875746 0.701418
vt 0.876707 0.705297
vt 0.875746 0.709659
vt 0.712077 0.672330
vt 0.700465 0.668938
vt 0.377981 0.913262
vt 0.380896 0.909871
vt 0.662699 0.895327
vt 0.661723 0.888537
vt 0.683024 0.887086
vt 0.684962 0.894839
vt 0.661723 0.883694
vt 0.681086 0.882235
vt 0.734356 0.879332
vt 0.738231 0.888537
vt 0.684962 0.901629
vt 0.661723 0.902110
vt 0.741131 0.897268
vt 0.738231 0.906479
vt 0.777935 0.889026
vt 0.775021 0.878844
vt 0.732418 0.870602
vt 0.773098 0.867210
vt 0.783749 0.898719
vt 0.782773 0.909382
vt 0.800214 0.908901
vt 0.802136 0.898719
vt 0.794400 0.877873
vt 0.793423 0.865759
vt 0.797299 0.888537
vt 0.811826 0.898238
vt 0.811826 0.909382
vt 0.821515 0.909871
vt 0.820539 0.897749
vt 0.836042 0.900178
vt 0.836042 0.911322
vt 0.876707 0.904050
vt 0.875746 0.915684
vt 0.806012 0.887574
vt 0.803113 0.877392
vt 0.876707 0.897268
vt 0.836042 0.895327
vt 0.817639 0.887574
vt 0.835065 0.887086
vt 0.814740 0.877392
vt 0.877684 0.887574
vt 0.832166 0.876904
vt 0.829252 0.864300
vt 0.812802 0.864789
vt 0.827329 0.854118
vt 0.812802 0.855088
vt 0.803113 0.855577
vt 0.803113 0.865270
vt 0.870893 0.852667
vt 0.872831 0.862359
vt 0.876707 0.875934
vt 0.869932 0.842484
vt 0.828290 0.843454
vt 0.921263 0.887574
vt 0.924163 0.874963
vt 0.925124 0.861390
vt 0.923201 0.851696
vt 0.940627 0.861390
vt 0.938689 0.874963
vt 0.930938 0.887574
vt 0.928038 0.898719
vt 0.918349 0.898719
vt 0.939651 0.885145
vt 0.934813 0.898238
vt 0.936751 0.889026
vt 0.933852 0.907449
vt 0.926101 0.907449
vt 0.916411 0.907449
vt 0.933852 0.918113
vt 0.926101 0.919083
vt 0.916411 0.919564
vt 0.943526 0.890477
vt 0.946441 0.884664
vt 0.941588 0.897749
vt 0.941588 0.906961
vt 0.941588 0.917624
vt 0.949340 0.875452
vt 0.959030 0.877392
vt 0.959991 0.865270
vt 0.956115 0.857998
vt 0.940627 0.851215
vt 0.956115 0.850727
vt 0.971618 0.857998
vt 0.972580 0.849756
vt 0.964828 0.840063
vt 0.950317 0.841033
vt 0.979355 0.837642
vt 0.988083 0.849275
vt 0.987106 0.858487
vt 0.977432 0.867210
vt 0.936751 0.841033
vt 0.943526 0.829400
vt 0.959991 0.825519
vt 0.967742 0.830851
vt 0.929976 0.829881
vt 0.921263 0.841514
vt 0.915450 0.830370
vt 0.868971 0.831340
vt 0.923201 0.821158
vt 0.829252 0.832310
vt 0.867994 0.821158
vt 0.828290 0.822609
vt 0.812802 0.832792
vt 0.812802 0.842484
vt 0.800214 0.833280
vt 0.801175 0.842484
vt 0.812802 0.823579
vt 0.786648 0.834243
vt 0.789548 0.845884
vt 0.801175 0.824068
vt 0.788586 0.822128
vt 0.772122 0.835701
vt 0.772122 0.847335
vt 0.770184 0.824549
vt 0.725643 0.832792
vt 0.728542 0.842004
vt 0.673350 0.843944
vt 0.674311 0.849756
vt 0.651072 0.846854
vt 0.653010 0.852185
vt 0.729519 0.851696
vt 0.676249 0.858487
vt 0.653010 0.856547
vt 0.655909 0.859457
vt 0.656886 0.863330
vt 0.678187 0.868181
vt 0.658824 0.870120
vt 0.679164 0.875934
vt 0.660761 0.877392
vt 0.730480 0.862359
vt 0.771160 0.857517
vt 0.792462 0.856058
vt 0.923201 0.815337
vt 0.940627 0.819218
vt 0.933852 0.821158
vt 0.922225 0.816308
vt 0.950317 0.822609
vt 0.918349 0.817278
vt 0.909636 0.820188
vt 0.660761 0.588468
vt 0.663661 0.598650
vt 0.658824 0.588468
vt 0.662699 0.582654
vt 0.659785 0.582654
vt 0.663661 0.577315
vt 0.660761 0.576834
vt 0.668498 0.570532
vt 0.665599 0.570532
vt 0.672374 0.566171
vt 0.669474 0.565682
vt 0.675288 0.561809
vt 0.672374 0.560839
vt 0.649134 0.588468
vt 0.654948 0.602530
vt 0.678187 0.603981
vt 0.676249 0.607862
vt 0.655909 0.617555
vt 0.670436 0.621916
vt 0.648173 0.635009
vt 0.624933 0.626278
vt 0.643320 0.612223
vt 0.591028 0.613193
vt 0.625895 0.595739
vt 0.635584 0.654395
vt 0.666560 0.644213
vt 0.661723 0.652944
vt 0.585229 0.594288
vt 0.571664 0.648093
vt 0.580377 0.579745
vt 0.575540 0.565201
vt 0.546487 0.564712
vt 0.622019 0.575864
vt 0.620081 0.562291
vt 0.609430 0.549687
vt 0.571664 0.552109
vt 0.619120 0.542896
vt 0.643320 0.551627
vt 0.661723 0.559380
vt 0.664637 0.554538
vt 0.658824 0.564231
vt 0.654948 0.569562
vt 0.652049 0.574894
vt 0.651072 0.581685
vt 0.496132 0.679121
vt 0.564889 0.676211
vt 0.602655 0.652944
vt 0.596841 0.679121
vt 0.962905 0.800313
vt 0.962905 0.794011
vt 0.985168 0.794011
vt 0.985168 0.800794
vt 0.964828 0.786250
vt 0.986145 0.787220
vt 0.986145 0.782377
vt 0.966766 0.780919
vt 0.987106 0.776076
vt 0.968704 0.774617
vt 0.989044 0.769285
vt 0.969680 0.767345
vt 0.990982 0.762502
vt 0.971618 0.757170
vt 0.991943 0.758622
vt 0.909636 0.787709
vt 0.906737 0.795951
vt 0.915450 0.769774
vt 0.913512 0.778016
vt 0.916411 0.761043
vt 0.869932 0.788190
vt 0.864118 0.797403
vt 0.872831 0.777527
vt 0.853468 0.777046
vt 0.850568 0.787220
vt 0.844755 0.797403
vt 0.875746 0.756682
vt 0.874769 0.766375
vt 0.854444 0.764924
vt 0.840879 0.786739
vt 0.843778 0.776557
vt 0.844755 0.764442
vt 0.854444 0.755230
vt 0.918349 0.750869
vt 0.875746 0.746500
vt 0.919326 0.740687
vt 0.875746 0.734866
vt 0.844755 0.754261
vt 0.858305 0.745048
vt 0.861219 0.733415
vt 0.922225 0.731956
vt 0.974517 0.742627
vt 0.973556 0.748929
vt 0.877684 0.723233
vt 0.846693 0.741657
vt 0.847654 0.732445
vt 0.846693 0.723233
vt 0.859281 0.721293
vt 0.835065 0.731956
vt 0.835065 0.722752
vt 0.818601 0.731475
vt 0.819577 0.721293
vt 0.835065 0.741168
vt 0.819577 0.742627
vt 0.777935 0.741657
vt 0.778897 0.730024
vt 0.819577 0.753290
vt 0.776959 0.751839
vt 0.724666 0.750869
vt 0.726604 0.740687
vt 0.779873 0.719841
vt 0.732418 0.729053
vt 0.717891 0.729053
vt 0.711116 0.740198
vt 0.704341 0.728564
vt 0.697551 0.739716
vt 0.724666 0.719841
vt 0.738231 0.718871
vt 0.707240 0.750380
vt 0.691752 0.749899
vt 0.683024 0.738747
vt 0.675288 0.748929
vt 0.663661 0.741168
vt 0.676249 0.757170
vt 0.691752 0.757170
vt 0.687877 0.763954
vt 0.707240 0.760562
vt 0.709178 0.774136
vt 0.722728 0.774136
vt 0.722728 0.760562
vt 0.698528 0.774617
vt 0.775021 0.761043
vt 0.771160 0.774617
vt 0.726604 0.786250
vt 0.770184 0.786250
vt 0.716930 0.786250
vt 0.719829 0.797403
vt 0.713054 0.797403
vt 0.710140 0.788190
vt 0.708202 0.784318
vt 0.701427 0.783828
vt 0.729519 0.797403
vt 0.704341 0.789650
vt 0.706279 0.796921
vt 0.706279 0.805644
vt 0.713054 0.806614
vt 0.721767 0.806614
vt 0.731456 0.806133
vt 0.706279 0.816796
vt 0.713054 0.817278
vt 0.721767 0.818248
vt 0.731456 0.818737
vt 0.771160 0.802734
vt 0.772122 0.814368
vt 0.771160 0.795951
vt 0.811826 0.798861
vt 0.811826 0.794492
vt 0.827329 0.796921
vt 0.830228 0.786250
vt 0.812802 0.786250
vt 0.836042 0.796921
vt 0.815702 0.775587
vt 0.833127 0.776076
vt 0.818601 0.762983
vt 0.835065 0.763472
vt 0.835065 0.753772
vt 0.847654 0.808066
vt 0.836042 0.808066
vt 0.826352 0.808555
vt 0.811826 0.810495
vt 0.865095 0.808066
vt 0.909636 0.805163
vt 0.707240 0.718382
vt 0.714015 0.720323
vt 0.724666 0.714510
vt 0.725643 0.715480
vt 0.729519 0.716450
vt 0.697551 0.721293
vt 0.687877 0.724692
vt 0.681086 0.728083
vt 0.673350 0.731956
vt 0.668498 0.736325
vt 0.659785 0.747959
vt 0.660761 0.757652
vt 0.670436 0.765894
vt 0.688838 0.776076
vt 0.069062 0.556959
vt 0.075837 0.555989
vt 0.080690 0.560839
vt 0.072938 0.551627
vt 0.065187 0.548717
vt 0.069062 0.547747
vt 0.068101 0.545326
vt 0.066163 0.542896
vt 0.060349 0.541445
vt 0.063249 0.540964
vt 0.994858 0.755230
vt 0.994858 0.750869
vt 0.996796 0.745530
vt 0.089403 0.559869
vt 0.083589 0.554538
vt 0.080690 0.550168
vt 0.078752 0.546296
vt 0.076814 0.542896
vt 0.074876 0.539505
vt 0.432212 0.564231
vt 0.428336 0.558899
vt 0.425437 0.555019
vt 0.440925 0.574894
vt 0.973556 0.834243
s 1
usemtl bodyhead
f 4954/3861/4554 4955/3862/4555 4956/3863/4556
f 4956/3863/4556 4957/3864/4557 4954/3861/4554
f 4956/3863/4556 4955/3862/4555 4958/3865/4558
f 4959/3866/4559 4958/3865/4558 4955/3862/4555
f 4960/3867/4560 4959/3866/4559 4955/3862/4555
f 4955/3862/4555 4961/3868/4561 4960/3867/4560
f 4960/3867/4560 4961/3868/4561 4962/3869/4562
f 4963/3870/4563 4956/3863/4556 4958/3865/4558
f 4958/3865/4558 4964/3871/4564 4963/3870/4563
f 4965/3872/4565 4962/3869/4562 4961/3868/4561
f 4966/3873/4566 4954/3861/4554 4957/3864/4557
f 4967/3874/4567 4954/3861/4554 4966/3873/4566
f 4954/3861/4554 4967/3874/4567 4968/3875/4568
f 4961/3868/4561 4955/3862/4555 4968/3875/4568
f 4968/3875/4568 4955/3862/4555 4954/3861/4554
f 4968/3875/4568 4965/3872/4565 4961/3868/4561
f 4966/3873/4566 4969/3876/4569 4967/3874/4567
f 4967/3874/4567 4969/3876/4569 4970/3877/4570
f 4971/3878/4571 4970/3877/4570 4969/3876/4569
f 4971/3878/4571 4969/3876/4569 4972/3879/4572
f 4973/3880/4573 4971/3878/4571 4972/3879/4572
f 4973/3880/4573 4972/3879/4572 4974/3881/4574
f 4969/3876/4569 4966/3873/4566 4975/3882/4575
f 4969/3876/4569 4975/3882/4575 4972/3879/4572
f 4976/3883/4576 4975/3882/4575 4966/3873/4566
f 4975/3882/4575 4976/3883/4576 4977/3884/4577
f 4977/3884/4577 4978/3885/4578 4975/3882/4575
f 4975/3882/4575 4978/3885/4578 4972/3879/4572
f 4974/3881/4574 4972/3879/4572 4978/3885/4578
f 4977/3884/4577 4979/3886/4579 4978/3885/4578
f 4979/3886/4579 4980/3887/4580 4978/3885/4578
f 4957/3864/4557 4976/3883/4576 4966/3873/4566
f 4977/3884/4577 4976/3883/4576 4981/3888/4581
f 4981/3888/4581 4979/3886/4579 4977/3884/4577
f 4981/3888/4581 4976/3883/4576 4957/3864/4557
f 4978/3885/4578 4980/3887/4580 4982/3889/4582
f 4978/3885/4578 4982/3889/4582 4974/3881/4574
f 4974/3881/4574 4982/3889/4582 4983/3890/4583
f 4957/3864/4557 4984/3891/4584 4981/3888/4581
f 4984/3891/4584 4957/3864/4557 4956/3863/4556
f 4956/3863/4556 4963/3870/4563 4984/3891/4584
f 4985/3892/4585 4980/3887/4580 4979/3886/4579
f 4985/3892/4585 4982/3889/4582 4980/3887/4580
f 4979/3886/4579 4986/3893/4586 4985/3892/4585
f 4985/3892/4585 4986/3893/4586 4987/3894/4587
f 4987/3894/4587 4986/3893/4586 4988/3895/4588
f 4988/3895/4588 4986/3893/4586 4979/3886/4579
f 4979/3886/4579 4981/3888/4581 4988/3895/4588
f 4989/3896/4589 4987/3894/4587 4988/3895/4588
f 4990/3897/4590 4987/3894/4587 4989/3896/4589
f 4991/3898/4591 4987/3894/4587 4990/3897/4590
f 4985/3892/4585 4987/3894/4587 4991/3898/4591
f 4992/3899/4592 4989/3896/4589 4988/3895/4588
f 4992/3899/4592 4988/3895/4588 4981/3888/4581
f 4981/3888/4581 4984/3891/4584 4992/3899/4592
f 4993/3900/4593 4989/3896/4589 4992/3899/4592
f 4993/3900/4593 4992/3899/4592 4994/3901/4594
f 4994/3901/4594 4992/3899/4592 4984/3891/4584
f 4984/3891/4584 4963/3870/4563 4994/3901/4594
f 4994/3901/4594 4995/3902/4595 4993/3900/4593
f 4996/3903/4596 4995/3902/4595 4994/3901/4594
f 4996/3903/4596 4994/3901/4594 4963/3870/4563
f 4995/3902/4595 4996/3903/4596 4997/3904/4597
f 4998/3905/4598 4995/3902/4595 4997/3904/4597
f 4997/3904/4597 4999/3906/4599 4998/3905/4598
f 4999/3906/4599 5000/3907/4600 4998/3905/4598
f 5001/3908/4601 4995/3902/4595 4998/3905/4598
f 4995/3902/4595 5001/3908/4601 4993/3900/4593
f 5002/3909/4602 5001/3908/4601 4998/3905/4598
f 4998/3905/4598 5000/3907/4600 5002/3909/4602
f 5003/3910/4603 5002/3909/4602 5000/3907/4600
f 5003/3910/4603 5000/3907/4600 5004/3911/4604
f 5005/3912/4605 5003/3910/4603 5004/3911/4604
f 5006/3913/4606 5003/3910/4603 5005/3912/4605
f 5007/3914/4607 5003/3910/4603 5006/3913/4606
f 5008/3915/4608 5007/3914/4607 5006/3913/4606
f 5006/3913/4606 5009/3916/4609 5008/3915/4608
f 5008/3915/4608 5009/3916/4609 5010/3917/4610
f 5010/3917/4610 5011/3918/4611 5008/3915/4608
f 5011/3918/4611 5010/3917/4610 5012/3919/4612
f 5012/3919/4612 5010/3917/4610 5013/3920/4613
f 5014/3921/4614 5012/3919/4612 5013/3920/4613
f 5013/3920/4613 5015/3922/4615 5014/3921/4614
f 5016/3923/4616 5015/3922/4615 5013/3920/4613
f 5017/3924/4617 5016/3923/4616 5013/3920/4613
f 5018/3925/4618 5014/3921/4614 5015/3922/4615
f 5015/3922/4615 5019/3926/4619 5018/3925/4618
f 5019/3926/4619 5015/3922/4615 5016/3923/4616
f 5020/3927/4620 5018/3925/4618 5019/3926/4619
f 5021/3928/4621 5020/3927/4620 5019/3926/4619
f 5022/3929/4622 5009/3916/4609 5006/3913/4606
f 5006/3913/4606 5005/3912/4605 5022/3929/4622
f 5022/3929/4622 5005/3912/4605 5023/3930/4623
f 5022/3929/4622 5023/3930/4623 5024/3931/4624
f 5025/3932/4625 5024/3931/4624 5023/3930/4623
f 5026/3933/4626 5024/3931/4624 5025/3932/4625
f 5026/3933/4626 5027/3934/4627 5024/3931/4624
f 5028/3935/4628 5026/3933/4626 5025/3932/4625
f 5028/3935/4628 5025/3932/4625 5029/3936/4629
f 5030/3937/4630 5028/3935/4628 5029/3936/4629
f 5031/3938/4631 5029/3936/4629 5025/3932/4625
f 5032/3939/4632 5029/3936/4629 5031/3938/4631
f 5033/3940/4633 5029/3936/4629 5032/3939/4632
f 5032/3939/4632 5034/3941/4634 5033/3940/4633
f 5032/3939/4632 5035/3942/4635 5034/3941/4634
f 5036/3943/4636 5035/3942/4635 5032/3939/4632
f 5032/3939/4632 5037/3944/4637 5036/3943/4636
f 5037/3944/4637 5032/3939/4632 5031/3938/4631
f 5037/3944/4637 5031/3938/4631 5038/3945/4638
f 5025/3932/4625 5039/3946/4639 5031/3938/4631
f 5038/3945/4638 5031/3938/4631 5039/3946/4639
f 5039/3946/4639 5040/3947/4640 5038/3945/4638
f 5023/3930/4623 5039/3946/4639 5025/3932/4625
f 5023/3930/4623 5041/3948/4641 5039/3946/4639
f 5039/3946/4639 5041/3948/4641 5040/3947/4640
f 5023/3930/4623 5005/3912/4605 5041/3948/4641
f 5035/3942/4635 5036/3943/4636 5042/3949/4642
f 5042/3949/4642 5043/3950/4643 5035/3942/4635
f 5043/3950/4643 5042/3949/4642 5044/3951/4644
f 5043/3950/4643 5044/3951/4644 5045/3952/4645
f 5044/3951/4644 5046/3953/4646 5045/3952/4645
f 5045/3952/4645 5046/3953/4646 5047/3954/4647
f 5047/3954/4647 5046/3953/4646 5048/3955/4648
f 5047/3954/4647 5048/3955/4648 5049/3956/4649
f 5049/3956/4649 5048/3955/4648 5050/3957/4650
f 5051/3958/4651 5044/3951/4644 5042/3949/4642
f 5036/3943/4636 5051/3958/4651 5042/3949/4642
f 5052/3959/4652 5051/3958/4651 5036/3943/4636
f 5037/3944/4637 5052/3959/4652 5036/3943/4636
f 5052/3959/4652 5037/3944/4637 5053/3960/4653
f 5054/3961/4654 5053/3960/4653 5037/3944/4637
f 5055/3962/4655 5053/3960/4653 5054/3961/4654
f 5055/3962/4655 5054/3961/4654 5056/3963/4656
f 5056/3963/4656 5057/3964/4657 5055/3962/4655
f 5058/3965/4658 5056/3963/4656 5054/3961/4654
f 5040/3947/4640 5058/3965/4658 5054/3961/4654
f 5054/3961/4654 5038/3945/4638 5040/3947/4640
f 5054/3961/4654 5037/3944/4637 5038/3945/4638
f 5058/3965/4658 5040/3947/4640 5041/3948/4641
f 5004/3911/4604 5058/3965/4658 5041/3948/4641
f 5059/3966/4659 5052/3959/4652 5053/3960/4653
f 5055/3962/4655 5059/3966/4659 5053/3960/4653
f 5060/3967/4660 5052/3959/4652 5059/3966/4659
f 5052/3959/4652 5060/3967/4660 5051/3958/4651
f 5051/3958/4651 5060/3967/4660 5061/3968/4661
f 5062/3969/4662 5057/3964/4657 5056/3963/4656
f 5062/3969/4662 5056/3963/4656 5063/3970/4663
f 5004/3911/4604 5063/3970/4663 5058/3965/4658
f 5063/3970/4663 5056/3963/4656 5058/3965/4658
f 5000/3907/4600 5063/3970/4663 5004/3911/4604
f 5063/3970/4663 5000/3907/4600 5064/3971/4664
f 5062/3969/4662 5063/3970/4663 5064/3971/4664
f 5064/3971/4664 5000/3907/4600 4999/3906/4599
f 4999/3906/4599 5065/3972/4665 5064/3971/4664
f 5064/3971/4664 5065/3972/4665 5066/3973/4666
f 5064/3971/4664 5066/3973/4666 5062/3969/4662
f 5066/3973/4666 5065/3972/4665 5067/3974/4667
f 5067/3974/4667 5065/3972/4665 5068/3975/4668
f 5068/3975/4668 5065/3972/4665 5069/3976/4669
f 5069/3976/4669 5065/3972/4665 4999/3906/4599
f 5070/3977/4670 5066/3973/4666 5067/3974/4667
f 5062/3969/4662 5066/3973/4666 5070/3977/4670
f 5071/3978/4671 5062/3969/4662 5070/3977/4670
f 5072/3979/4672 5071/3978/4671 5070/3977/4670
f 5072/3979/4672 5070/3977/4670 5073/3980/4673
f 5070/3977/4670 5067/3974/4667 5073/3980/4673
f 5073/3980/4673 5074/3981/4674 5072/3979/4672
f 5072/3979/4672 5074/3981/4674 5075/3982/4675
f 5075/3982/4675 5076/3983/4676 5072/3979/4672
f 5073/3980/4673 5077/3984/4677 5074/3981/4674
f 5075/3982/4675 5077/3984/4677 5069/3976/4669
f 5077/3984/4677 5075/3982/4675 5074/3981/4674
f 5073/3980/4673 5067/3974/4667 5077/3984/4677
f 5077/3984/4677 5068/3975/4668 5069/3976/4669
f 5067/3974/4667 5068/3975/4668 5077/3984/4677
f 5078/3985/4678 5072/3979/4672 5076/3983/4676
f 5079/3986/4679 5078/3985/4678 5076/3983/4676
f 5079/3986/4679 5076/3983/4676 5080/3987/4680
f 5080/3987/4680 5076/3983/4676 5075/3982/4675
f 5069/3976/4669 5081/3988/4681 5075/3982/4675
f 5081/3988/4681 5080/3987/4680 5075/3982/4675
f 5082/3989/4682 5078/3985/4678 5079/3986/4679
f 5072/3979/4672 5078/3985/4678 5082/3989/4682
f 5072/3979/4672 5082/3989/4682 5083/3990/4683
f 5072/3979/4672 5083/3990/4683 5084/3991/4684
f 5084/3991/4684 5085/3992/4685 5072/3979/4672
f 5071/3978/4671 5072/3979/4672 5085/3992/4685
f 5086/3993/4686 5085/3992/4685 5084/3991/4684
f 5083/3990/4683 5086/3993/4686 5084/3991/4684
f 5083/3990/4683 5082/3989/4682 5087/3994/4687
f 5087/3994/4687 5082/3989/4682 5079/3986/4679
f 5087/3994/4687 5088/3995/4688 5083/3990/4683
f 5083/3990/4683 5088/3995/4688 5086/3993/4686
f 5088/3995/4688 5089/3996/4689 5086/3993/4686
f 5090/3997/4690 5086/3993/4686 5089/3996/4689
f 5055/3962/4655 5090/3997/4690 5089/3996/4689
f 5057/3964/4657 5086/3993/4686 5090/3997/4690
f 5055/3962/4655 5057/3964/4657 5090/3997/4690
f 5057/3964/4657 5085/3992/4685 5086/3993/4686
f 5085/3992/4685 5057/3964/4657 5062/3969/4662
f 5091/3998/4691 5080/3987/4680 5081/3988/4681
f 5079/3986/4679 5080/3987/4680 5091/3998/4691
f 5092/3999/4692 5079/3986/4679 5091/3998/4691
f 5079/3986/4679 5092/3999/4692 5087/3994/4687
f 5092/3999/4692 5091/3998/4691 5093/4000/4693
f 5093/4000/4693 5091/3998/4691 5094/4001/4694
f 5094/4001/4694 5095/4002/4695 5093/4000/4693
f 5093/4000/4693 5096/4003/4696 5092/3999/4692
f 5096/4003/4696 5093/4000/4693 5048/3955/4648
f 5048/3955/4648 5046/3953/4646 5096/4003/4696
f 5050/3957/4650 5048/3955/4648 5093/4000/4693
f 5093/4000/4693 5095/4002/4695 5050/3957/4650
f 5095/4002/4695 5097/4004/4697 5050/3957/4650
f 5097/4004/4697 5098/4005/4698 5050/3957/4650
f 5098/4005/4698 5097/4004/4697 5099/4006/4699
f 5098/4005/4698 5099/4006/4699 5100/4007/4700
f 5100/4007/4700 5101/4008/4701 5098/4005/4698
f 5098/4005/4698 5101/4008/4701 5102/4009/4702
f 5101/4008/4701 5103/4010/4703 5102/4009/4702
f 5102/4009/4702 5103/4010/4703 5104/4011/4704
f 5104/4011/4704 5103/4010/4703 5105/4012/4705
f 5106/4013/4706 5104/4011/4704 5105/4012/4705
f 5106/4013/4706 5107/4014/4707 5104/4011/4704
f 5107/4014/4707 5106/4013/4706 5108/4015/4708
f 5108/4015/4708 5106/4013/4706 5109/4016/4709
f 5110/4017/4710 5106/4013/4706 5105/4012/4705
f 5106/4013/4706 5110/4017/4710 5111/4018/4711
f 5109/4016/4709 5106/4013/4706 5111/4018/4711
f 5110/4017/4710 5112/4019/4712 5111/4018/4711
f 5113/4020/4713 5111/4018/4711 5112/4019/4712
f 5114/4021/4714 5111/4018/4711 5113/4020/4713
f 5114/4021/4714 5109/4016/4709 5111/4018/4711
f 5115/4022/4715 5114/4021/4714 5113/4020/4713
f 5116/4023/4716 5114/4021/4714 5115/4022/4715
f 5116/4023/4716 5109/4016/4709 5114/4021/4714
f 5115/4022/4715 5117/4024/4717 5116/4023/4716
f 5113/4020/4713 5118/4025/4718 5115/4022/4715
f 5117/4024/4717 5115/4022/4715 5119/4026/4719
f 5120/4027/4720 5117/4024/4717 5119/4026/4719
f 5115/4022/4715 5121/4028/4721 5119/4026/4719
f 5115/4022/4715 5118/4025/4718 5121/4028/4721
f 5118/4025/4718 5122/4029/4722 5121/4028/4721
f 5119/4026/4719 5121/4028/4721 5123/4030/4723
f 5119/4026/4719 5123/4030/4723 5124/4031/4724
f 5125/4032/4725 5124/4031/4724 5123/4030/4723
f 5121/4028/4721 5126/4033/4726 5123/4030/4723
f 5121/4028/4721 5122/4029/4722 5126/4033/4726
f 5122/4029/4722 5127/4034/4727 5126/4033/4726
f 5123/4030/4723 5126/4033/4726 5128/4035/4728
f 5123/4030/4723 5128/4035/4728 5129/4036/4729
f 5125/4032/4725 5123/4030/4723 5129/4036/4729
f 5126/4033/4726 5127/4034/4727 5130/4037/4730
f 5130/4037/4730 5128/4035/4728 5126/4033/4726
f 5129/4036/4729 5128/4035/4728 5131/4038/4731
f 5131/4038/4731 5132/4039/4732 5129/4036/4729
f 5133/4040/4733 5129/4036/4729 5132/4039/4732
f 5129/4036/4729 5133/4040/4733 5134/4041/4734
f 5129/4036/4729 5134/4041/4734 5125/4032/4725
f 5132/4039/4732 5135/4042/4735 5133/4040/4733
f 5128/4035/4728 5136/4043/4736 5131/4038/4731
f 5136/4043/4736 5128/4035/4728 5130/4037/4730
f 5132/4039/4732 5131/4038/4731 5137/4044/4737
f 5136/4043/4736 5137/4044/4737 5131/4038/4731
f 5136/4043/4736 5138/4045/4738 5137/4044/4737
f 5136/4043/4736 5139/4046/4739 5138/4045/4738
f 5139/4046/4739 5136/4043/4736 5140/4047/4740
f 5130/4037/4730 5140/4047/4740 5136/4043/4736
f 5141/4048/4741 5138/4045/4738 5139/4046/4739
f 5142/4049/4742 5141/4048/4741 5139/4046/4739
f 5143/4050/4743 5138/4045/4738 5141/4048/4741
f 5143/4050/4743 5137/4044/4737 5138/4045/4738
f 5137/4044/4737 5143/4050/4743 5144/4051/4744
f 5137/4044/4737 5144/4051/4744 5145/4052/4745
f 5137/4044/4737 5145/4052/4745 5132/4039/4732
f 5146/4053/4746 5145/4052/4745 5144/4051/4744
f 5145/4052/4745 5146/4053/4746 5147/4054/4747
f 5132/4039/4732 5145/4052/4745 5147/4054/4747
f 5147/4054/4747 5135/4042/4735 5132/4039/4732
f 5147/4054/4747 5146/4053/4746 5148/4055/4748
f 5148/4055/4748 5149/4056/4749 5147/4054/4747
f 5149/4056/4749 5148/4055/4748 5150/4057/4750
f 5151/4058/4751 5150/4057/4750 5148/4055/4748
f 5150/4057/4750 5152/4059/4752 5149/4056/4749
f 5152/4059/4752 5150/4057/4750 5153/4060/4753
f 5153/4060/4753 5154/4061/4754 5152/4059/4752
f 5153/4060/4753 5150/4057/4750 5155/4062/4755
f 5155/4062/4755 5150/4057/4750 5151/4058/4751
f 5156/4063/4756 5155/4062/4755 5151/4058/4751
f 5156/4063/4756 5151/4058/4751 5157/4064/4757
f 5157/4064/4757 5151/4058/4751 5158/4065/4758
f 5148/4055/4748 5146/4053/4746 5158/4065/4758
f 5158/4065/4758 5151/4058/4751 5148/4055/4748
f 5155/4062/4755 5159/4066/4759 5153/4060/4753
f 5159/4066/4759 5160/4067/4760 5153/4060/4753
f 5160/4067/4760 5154/4061/4754 5153/4060/4753
f 5161/4068/4761 5152/4059/4752 5154/4061/4754
f 5162/4069/4762 5152/4059/4752 5161/4068/4761
f 5161/4068/4761 5163/4070/4763 5162/4069/4762
f 5164/4071/4764 5163/4070/4763 5161/4068/4761
f 5163/4070/4763 5164/4071/4764 5165/4072/4765
f 5166/4073/4766 5163/4070/4763 5165/4072/4765
f 5162/4069/4762 5163/4070/4763 5166/4073/4766
f 5165/4072/4765 5167/4074/4767 5166/4073/4766
f 5161/4068/4761 5168/4075/4768 5164/4071/4764
f 5168/4075/4768 5161/4068/4761 5154/4061/4754
f 5166/4073/4766 5169/4076/4769 5162/4069/4762
f 5167/4074/4767 5165/4072/4765 5170/4077/4770
f 5170/4077/4770 5171/4078/4771 5167/4074/4767
f 5172/4079/4772 5167/4074/4767 5171/4078/4771
f 5158/4065/4758 5173/4080/4773 5157/4064/4757
f 5157/4064/4757 5173/4080/4773 5174/4081/4774
f 5175/4082/4775 5174/4081/4774 5173/4080/4773
f 5176/4083/4776 5174/4081/4774 5175/4082/4775
f 5176/4083/4776 5177/4084/4777 5174/4081/4774
f 5175/4082/4775 5173/4080/4773 5178/4085/4778
f 5179/4086/4779 5178/4085/4778 5173/4080/4773
f 5180/4087/4780 5175/4082/4775 5178/4085/4778
f 5180/4087/4780 5178/4085/4778 5181/4088/4781
f 5181/4088/4781 5178/4085/4778 5179/4086/4779
f 5181/4088/4781 5182/4089/4782 5180/4087/4780
f 5179/4086/4779 5182/4089/4782 5181/4088/4781
f 5182/4089/4782 5183/4090/4783 5180/4087/4780
f 5174/4081/4774 5156/4063/4756 5157/4064/4757
f 5184/4091/4784 5183/4090/4783 5182/4089/4782
f 5182/4089/4782 5185/4092/4785 5184/4091/4784
f 5179/4086/4779 5185/4092/4785 5182/4089/4782
f 5179/4086/4779 5186/4093/4786 5185/4092/4785
f 5179/4086/4779 5187/4094/4787 5186/4093/4786
f 5185/4092/4785 5188/4095/4788 5184/4091/4784
f 5186/4093/4786 5188/4095/4788 5185/4092/4785
f 5189/4096/4789 5184/4091/4784 5188/4095/4788
f 5190/4097/4790 5184/4091/4784 5189/4096/4789
f 5190/4097/4790 5183/4090/4783 5184/4091/4784
f 5189/4096/4789 5191/4098/4791 5190/4097/4790
f 5192/4099/4792 5191/4098/4791 5189/4096/4789
f 5193/4100/4793 5191/4098/4791 5192/4099/4792
f 5189/4096/4789 5188/4095/4788 5141/4048/4741
f 5186/4093/4786 5141/4048/4741 5188/4095/4788
f 5186/4093/4786 5143/4050/4743 5141/4048/4741
f 5186/4093/4786 5187/4094/4787 5144/4051/4744
f 5144/4051/4744 5143/4050/4743 5186/4093/4786
f 5187/4094/4787 5146/4053/4746 5144/4051/4744
f 5158/4065/4758 5146/4053/4746 5187/4094/4787
f 4973/3880/4573 5193/4100/4793 5192/4099/4792
f 5192/4099/4792 5194/4101/4794 4973/3880/4573
f 5195/4102/4795 5190/4097/4790 5191/4098/4791
f 5195/4102/4795 5196/4103/4796 5190/4097/4790
f 5196/4103/4796 5197/4104/4797 5190/4097/4790
f 5190/4097/4790 5197/4104/4797 5183/4090/4783
f 5180/4087/4780 5183/4090/4783 5197/4104/4797
f 5197/4104/4797 5198/4105/4798 5180/4087/4780
f 5175/4082/4775 5180/4087/4780 5198/4105/4798
f 5198/4105/4798 5176/4083/4776 5175/4082/4775
f 5199/4106/4799 5198/4105/4798 5197/4104/4797
f 5176/4083/4776 5198/4105/4798 5199/4106/4799
f 5200/4107/4800 5199/4106/4799 5197/4104/4797
f 5199/4106/4799 5200/4107/4800 5201/4108/4801
f 5201/4108/4801 5202/4109/4802 5199/4106/4799
f 5202/4109/4802 5203/4110/4803 5199/4106/4799
f 5204/4111/4804 5199/4106/4799 5203/4110/4803
f 5199/4106/4799 5204/4111/4804 5176/4083/4776
f 5204/4111/4804 5205/4112/4805 5176/4083/4776
f 5176/4083/4776 5205/4112/4805 5177/4084/4777
f 5205/4112/4805 5204/4111/4804 5206/4113/4806
f 5203/4110/4803 5206/4113/4806 5204/4111/4804
f 5207/4114/4807 5206/4113/4806 5203/4110/4803
f 5202/4109/4802 5207/4114/4807 5203/4110/4803
f 5207/4114/4807 5202/4109/4802 5201/4108/4801
f 5205/4112/4805 5206/4113/4806 5208/4115/4808
f 5208/4115/4808 5209/4116/4809 5205/4112/4805
f 5208/4115/4808 5210/4117/4810 5209/4116/4809
f 5208/4115/4808 5211/4118/4811 5210/4117/4810
f 5211/4118/4811 5206/4113/4806 5207/4114/4807
f 5211/4118/4811 5208/4115/4808 5206/4113/4806
f 5211/4118/4811 5207/4114/4807 5212/4119/4812
f 5213/4120/4813 5209/4116/4809 5210/4117/4810
f 5210/4117/4810 5018/3925/4618 5213/4120/4813
f 5020/3927/4620 5213/4120/4813 5018/3925/4618
f 5213/4120/4813 5020/3927/4620 5159/4066/4759
f 5159/4066/4759 5020/3927/4620 5160/4067/4760
f 5207/4114/4807 5214/4121/4814 5212/4119/4812
f 5011/3918/4611 5212/4119/4812 5214/4121/4814
f 5214/4121/4814 5008/3915/4608 5011/3918/4611
f 5007/3914/4607 5008/3915/4608 5214/4121/4814
f 5214/4121/4814 5215/4122/4815 5007/3914/4607
f 5216/4123/4816 5215/4122/4815 5214/4121/4814
f 5216/4123/4816 5217/4124/4817 5215/4122/4815
f 5215/4122/4815 5217/4124/4817 5218/4125/4818
f 5218/4125/4818 5007/3914/4607 5215/4122/4815
f 5218/4125/4818 5217/4124/4817 5219/4126/4819
f 5218/4125/4818 5219/4126/4819 5220/4127/4820
f 5221/4128/4821 5218/4125/4818 5220/4127/4820
f 5220/4127/4820 5222/4129/4822 5221/4128/4821
f 5221/4128/4821 5223/4130/4823 5218/4125/4818
f 5218/4125/4818 5223/4130/4823 5007/3914/4607
f 5224/4131/4824 5007/3914/4607 5223/4130/4823
f 5224/4131/4824 5223/4130/4823 5225/4132/4825
f 5223/4130/4823 5221/4128/4821 5225/4132/4825
f 5225/4132/4825 5226/4133/4826 5224/4131/4824
f 5225/4132/4825 5221/4128/4821 5227/4134/4827
f 5225/4132/4825 5227/4134/4827 5228/4135/4828
f 5226/4133/4826 5225/4132/4825 5228/4135/4828
f 5229/4136/4829 5226/4133/4826 5228/4135/4828
f 5001/3908/4601 5226/4133/4826 5229/4136/4829
f 5001/3908/4601 5230/4137/4830 5226/4133/4826
f 5230/4137/4830 5224/4131/4824 5226/4133/4826
f 5216/4123/4816 5201/4108/4801 5217/4124/4817
f 5201/4108/4801 5200/4107/4800 5217/4124/4817
f 5219/4126/4819 5217/4124/4817 5200/4107/4800
f 5219/4126/4819 5200/4107/4800 5197/4104/4797
f 5231/4138/4831 5222/4129/4822 5220/4127/4820
f 5003/3910/4603 5224/4131/4824 5230/4137/4830
f 5228/4135/4828 5227/4134/4827 5232/4139/4832
f 5233/4140/4833 5232/4139/4832 5227/4134/4827
f 5233/4140/4833 4991/3898/4591 5232/4139/4832
f 5233/4140/4833 5234/4141/4834 4991/3898/4591
f 5222/4129/4822 5234/4141/4834 5233/4140/4833
f 5222/4129/4822 5231/4138/4831 5234/4141/4834
f 5234/4141/4834 4985/3892/4585 4991/3898/4591
f 5001/3908/4601 5229/4136/4829 4993/3900/4593
f 5002/3909/4602 5230/4137/4830 5001/3908/4601
f 5231/4138/4831 5220/4127/4820 5195/4102/4795
f 5195/4102/4795 5220/4127/4820 5219/4126/4819
f 5219/4126/4819 5196/4103/4796 5195/4102/4795
f 5196/4103/4796 5219/4126/4819 5197/4104/4797
f 5231/4138/4831 5195/4102/4795 5191/4098/4791
f 5231/4138/4831 5191/4098/4791 5193/4100/4793
f 5233/4140/4833 5221/4128/4821 5222/4129/4822
f 5221/4128/4821 5233/4140/4833 5227/4134/4827
f 4985/3892/4585 5234/4141/4834 4982/3889/4582
f 5234/4141/4834 4983/3890/4583 4982/3889/4582
f 5234/4141/4834 5231/4138/4831 4983/3890/4583
f 5193/4100/4793 4974/3881/4574 5231/4138/4831
f 4974/3881/4574 4983/3890/4583 5231/4138/4831
f 5193/4100/4793 4973/3880/4573 4974/3881/4574
f 4973/3880/4573 5194/4101/4794 4971/3878/4571
f 5194/4101/4794 4970/3877/4570 4971/3878/4571
f 5235/4142/4835 4970/3877/4570 5194/4101/4794
f 5235/4142/4835 5194/4101/4794 5192/4099/4792
f 5236/4143/4836 5235/4142/4835 5192/4099/4792
f 5142/4049/4742 5235/4142/4835 5236/4143/4836
f 5142/4049/4742 5236/4143/4836 5141/4048/4741
f 5142/4049/4742 5237/4144/4837 5235/4142/4835
f 4970/3877/4570 5235/4142/4835 5237/4144/4837
f 5237/4144/4837 5142/4049/4742 5238/4145/4838
f 4968/3875/4568 5237/4144/4837 5238/4145/4838
f 5189/4096/4789 5236/4143/4836 5192/4099/4792
f 5236/4143/4836 5189/4096/4789 5141/4048/4741
f 4968/3875/4568 5238/4145/4838 4965/3872/4565
f 5139/4046/4739 4965/3872/4565 5238/4145/4838
f 5139/4046/4739 5238/4145/4838 5142/4049/4742
f 4967/3874/4567 5237/4144/4837 4968/3875/4568
f 4970/3877/4570 5237/4144/4837 4967/3874/4567
f 5139/4046/4739 4962/3869/4562 4965/3872/4565
f 5140/4047/4740 4962/3869/4562 5139/4046/4739
f 5239/4146/4839 4962/3869/4562 5140/4047/4740
f 5239/4146/4839 5140/4047/4740 5240/4147/4840
f 5130/4037/4730 5240/4147/4840 5140/4047/4740
f 5240/4147/4840 5241/4148/4841 5239/4146/4839
f 5242/4149/4842 5239/4146/4839 5241/4148/4841
f 5243/4150/4843 5239/4146/4839 5242/4149/4842
f 5239/4146/4839 5243/4150/4843 4962/3869/4562
f 5242/4149/4842 5244/4151/4844 5243/4150/4843
f 5242/4149/4842 5241/4148/4841 5245/4152/4845
f 5241/4148/4841 5246/4153/4846 5245/4152/4845
f 4962/3869/4562 5243/4150/4843 5247/4154/4847
f 5247/4154/4847 5243/4150/4843 5244/4151/4844
f 5247/4154/4847 4960/3867/4560 4962/3869/4562
f 5240/4147/4840 5130/4037/4730 5127/4034/4727
f 5248/4155/4848 5240/4147/4840 5127/4034/4727
f 5248/4155/4848 5241/4148/4841 5240/4147/4840
f 5248/4155/4848 5246/4153/4846 5241/4148/4841
f 5127/4034/4727 5122/4029/4722 5248/4155/4848
f 5248/4155/4848 5122/4029/4722 5118/4025/4718
f 5244/4151/4844 5249/4156/4849 5247/4154/4847
f 5250/4157/4850 5244/4151/4844 5242/4149/4842
f 5250/4157/4850 5249/4156/4849 5244/4151/4844
f 5250/4157/4850 5251/4158/4851 5249/4156/4849
f 5251/4158/4851 5250/4157/4850 5252/4159/4852
f 5250/4157/4850 5253/4160/4853 5252/4159/4852
f 5253/4160/4853 5250/4157/4850 5242/4149/4842
f 5252/4159/4852 5253/4160/4853 5254/4161/4854
f 5252/4159/4852 5255/4162/4855 5251/4158/4851
f 5256/4163/4856 5255/4162/4855 5252/4159/4852
f 5257/4164/4857 5255/4162/4855 5256/4163/4856
f 5251/4158/4851 5255/4162/4855 5257/4164/4857
f 5249/4156/4849 5251/4158/4851 5257/4164/4857
f 5258/4165/4858 5249/4156/4849 5257/4164/4857
f 5258/4165/4858 5247/4154/4847 5249/4156/4849
f 5259/4166/4859 5257/4164/4857 5256/4163/4856
f 5259/4166/4859 5258/4165/4858 5257/4164/4857
f 5256/4163/4856 5260/4167/4860 5259/4166/4859
f 5256/4163/4856 5261/4168/4861 5260/4167/4860
f 5252/4159/4852 5262/4169/4862 5256/4163/4856
f 5256/4163/4856 5262/4169/4862 5261/4168/4861
f 5263/4170/4863 5261/4168/4861 5262/4169/4862
f 5262/4169/4862 5264/4171/4864 5263/4170/4863
f 5264/4171/4864 5262/4169/4862 5252/4159/4852
f 5252/4159/4852 5265/4172/4865 5264/4171/4864
f 5266/4173/4866 5263/4170/4863 5264/4171/4864
f 5264/4171/4864 5265/4172/4865 5266/4173/4866
f 5267/4174/4867 5263/4170/4863 5266/4173/4866
f 5267/4174/4867 5266/4173/4866 5268/4175/4868
f 5269/4176/4869 5268/4175/4868 5266/4173/4866
f 5268/4175/4868 5269/4176/4869 5270/4177/4870
f 5270/4177/4870 5269/4176/4869 5271/4178/4871
f 5269/4176/4869 5272/4179/4872 5271/4178/4871
f 5273/4180/4873 5272/4179/4872 5269/4176/4869
f 5266/4173/4866 5273/4180/4873 5269/4176/4869
f 5273/4180/4873 5266/4173/4866 5265/4172/4865
f 5273/4180/4873 5274/4181/4874 5272/4179/4872
f 5252/4159/4852 5274/4181/4874 5273/4180/4873
f 5252/4159/4852 5273/4180/4873 5265/4172/4865
f 5272/4179/4872 5274/4181/4874 5254/4161/4854
f 5274/4181/4874 5252/4159/4852 5254/4161/4854
f 5271/4178/4871 5275/4182/4875 5270/4177/4870
f 5246/4153/4846 5275/4182/4875 5271/4178/4871
f 5246/4153/4846 5271/4178/4871 5276/4183/4876
f 5271/4178/4871 5272/4179/4872 5276/4183/4876
f 5245/4152/4845 5272/4179/4872 5254/4161/4854
f 5245/4152/4845 5246/4153/4846 5276/4183/4876
f 5245/4152/4845 5276/4183/4876 5272/4179/4872
f 5277/4184/4877 5267/4174/4867 5268/4175/4868
f 5278/4185/4878 5267/4174/4867 5277/4184/4877
f 5103/4010/4703 5278/4185/4878 5277/4184/4877
f 5103/4010/4703 5277/4184/4877 5105/4012/4705
f 5279/4186/4879 5105/4012/4705 5277/4184/4877
f 5105/4012/4705 5279/4186/4879 5110/4017/4710
f 5110/4017/4710 5279/4186/4879 5280/4187/4880
f 5281/4188/4881 5278/4185/4878 5103/4010/4703
f 5101/4008/4701 5281/4188/4881 5103/4010/4703
f 5281/4188/4881 5101/4008/4701 5100/4007/4700
f 5281/4188/4881 5100/4007/4700 5282/4189/4882
f 5282/4189/4882 5100/4007/4700 4958/3865/4558
f 5282/4189/4882 4958/3865/4558 4959/3866/4559
f 5100/4007/4700 5099/4006/4699 4958/3865/4558
f 5099/4006/4699 4964/3871/4564 4958/3865/4558
f 4996/3903/4596 4964/3871/4564 5099/4006/4699
f 4963/3870/4563 4964/3871/4564 4996/3903/4596
f 5099/4006/4699 5097/4004/4697 4996/3903/4596
f 4996/3903/4596 5097/4004/4697 5283/4190/4883
f 5283/4190/4883 4997/3904/4597 4996/3903/4596
f 5283/4190/4883 5284/4191/4884 4997/3904/4597
f 4999/3906/4599 4997/3904/4597 5284/4191/4884
f 5095/4002/4695 5283/4190/4883 5097/4004/4697
f 5283/4190/4883 5095/4002/4695 5094/4001/4694
f 5284/4191/4884 5283/4190/4883 5094/4001/4694
f 5284/4191/4884 5069/3976/4669 4999/3906/4599
f 5069/3976/4669 5284/4191/4884 5081/3988/4681
f 5284/4191/4884 5094/4001/4694 5081/3988/4681
f 5285/4192/4885 5282/4189/4882 4959/3866/4559
f 5285/4192/4885 4959/3866/4559 4960/3867/4560
f 5286/4193/4886 5282/4189/4882 5285/4192/4885
f 5260/4167/4860 5286/4193/4886 5285/4192/4885
f 5287/4194/4887 5286/4193/4886 5260/4167/4860
f 5287/4194/4887 5278/4185/4878 5286/4193/4886
f 5278/4185/4878 5287/4194/4887 5267/4174/4867
f 4960/3867/4560 5259/4166/4859 5285/4192/4885
f 5259/4166/4859 5260/4167/4860 5285/4192/4885
f 5259/4166/4859 4960/3867/4560 5247/4154/4847
f 5259/4166/4859 5247/4154/4847 5258/4165/4858
f 5286/4193/4886 5281/4188/4881 5282/4189/4882
f 5286/4193/4886 5278/4185/4878 5281/4188/4881
f 5287/4194/4887 5263/4170/4863 5267/4174/4867
f 5287/4194/4887 5261/4168/4861 5263/4170/4863
f 5261/4168/4861 5287/4194/4887 5260/4167/4860
f 5091/3998/4691 5081/3988/4681 5094/4001/4694
f 5288/4195/4888 5289/4196/4889 5135/4042/4735
f 5288/4195/4888 5135/4042/4735 5147/4054/4747
f 5147/4054/4747 5290/4197/4890 5288/4195/4888
f 5288/4195/4888 5290/4197/4890 5172/4079/4772
f 5172/4079/4772 5289/4196/4889 5288/4195/4888
f 5291/4198/4891 5289/4196/4889 5172/4079/4772
f 5289/4196/4889 5291/4198/4891 5292/4199/4892
f 5291/4198/4891 5293/4200/4893 5292/4199/4892
f 5294/4201/4894 5293/4200/4893 5291/4198/4891
f 5295/4202/4895 5293/4200/4893 5294/4201/4894
f 5296/4203/4896 5295/4202/4895 5294/4201/4894
f 5297/4204/4897 5295/4202/4895 5296/4203/4896
f 5296/4203/4896 5298/4205/4898 5297/4204/4897
f 5295/4202/4895 5299/4206/4899 5293/4200/4893
f 5297/4204/4897 5298/4205/4898 5300/4207/4900
f 5301/4208/4901 5300/4207/4900 5298/4205/4898
f 5302/4209/4902 5300/4207/4900 5301/4208/4901
f 5303/4210/4903 5302/4209/4902 5301/4208/4901
f 5302/4209/4902 5303/4210/4903 5304/4211/4904
f 5303/4210/4903 5305/4212/4905 5304/4211/4904
f 5306/4213/4906 5305/4212/4905 5303/4210/4903
f 5291/4198/4891 5306/4213/4906 5294/4201/4894
f 5306/4213/4906 5307/4214/4907 5294/4201/4894
f 5301/4208/4901 5298/4205/4898 5307/4214/4907
f 5298/4205/4898 5296/4203/4896 5307/4214/4907
f 5296/4203/4896 5294/4201/4894 5307/4214/4907
f 5303/4210/4903 5307/4214/4907 5306/4213/4906
f 5307/4214/4907 5303/4210/4903 5301/4208/4901
f 5304/4211/4904 5308/4215/4908 5302/4209/4902
f 5304/4211/4904 5309/4216/4909 5308/4215/4908
f 5309/4216/4909 5310/4217/4910 5308/4215/4908
f 5308/4215/4908 5310/4217/4910 5311/4218/4911
f 5310/4217/4910 5312/4219/4912 5311/4218/4911
f 5312/4219/4912 5313/4220/4913 5311/4218/4911
f 5300/4207/4900 5302/4209/4902 5314/4221/4914
f 5314/4221/4914 5308/4215/4908 5311/4218/4911
f 5308/4215/4908 5314/4221/4914 5302/4209/4902
f 5311/4218/4911 5313/4220/4913 5315/4222/4915
f 5315/4222/4915 5314/4221/4914 5311/4218/4911
f 5315/4222/4915 5316/4223/4916 5314/4221/4914
f 5313/4220/4913 5312/4219/4912 5317/4224/4917
f 5317/4224/4917 5315/4222/4915 5313/4220/4913
f 5317/4224/4917 5318/4225/4918 5315/4222/4915
f 5315/4222/4915 5318/4225/4918 5316/4223/4916
f 5318/4225/4918 5319/4226/4919 5316/4223/4916
f 5320/4227/4920 5318/4225/4918 5317/4224/4917
f 5312/4219/4912 5320/4227/4920 5317/4224/4917
f 5320/4227/4920 5321/4228/4921 5318/4225/4918
f 5321/4228/4921 5322/4229/4922 5318/4225/4918
f 5319/4226/4919 5318/4225/4918 5322/4229/4922
f 5321/4228/4921 5320/4227/4920 5323/4230/4923
f 5312/4219/4912 5310/4217/4910 5323/4230/4923
f 5312/4219/4912 5323/4230/4923 5320/4227/4920
f 5323/4230/4923 5324/4231/4924 5321/4228/4921
f 5325/4232/4925 5324/4231/4924 5323/4230/4923
f 5325/4232/4925 5323/4230/4923 5326/4233/4926
f 5325/4232/4925 5326/4233/4926 5327/4234/4927
f 5325/4232/4925 5327/4234/4927 5328/4235/4928
f 5328/4235/4928 5329/4236/4929 5325/4232/4925
f 5120/4027/4720 5329/4236/4929 5328/4235/4928
f 5327/4234/4927 5120/4027/4720 5328/4235/4928
f 5327/4234/4927 5330/4237/4930 5120/4027/4720
f 5327/4234/4927 5326/4233/4926 5331/4238/4931
f 5327/4234/4927 5331/4238/4931 5332/4239/4932
f 5332/4239/4932 5330/4237/4930 5327/4234/4927
f 5333/4240/4933 5330/4237/4930 5332/4239/4932
f 5330/4237/4930 5333/4240/4933 5334/4241/4934
f 5334/4241/4934 5333/4240/4933 5335/4242/4935
f 5336/4243/4936 5335/4242/4935 5333/4240/4933
f 5335/4242/4935 5336/4243/4936 5337/4244/4937
f 5336/4243/4936 5333/4240/4933 5304/4211/4904
f 5333/4240/4933 5332/4239/4932 5304/4211/4904
f 5338/4245/4938 5324/4231/4924 5325/4232/4925
f 5325/4232/4925 5329/4236/4929 5338/4245/4938
f 5324/4231/4924 5338/4245/4938 5321/4228/4921
f 5339/4246/4939 5338/4245/4938 5329/4236/4929
f 5339/4246/4939 5329/4236/4929 5124/4031/4724
f 5340/4247/4940 5338/4245/4938 5339/4246/4939
f 5322/4229/4922 5338/4245/4938 5340/4247/4940
f 5321/4228/4921 5338/4245/4938 5322/4229/4922
f 5322/4229/4922 5340/4247/4940 5319/4226/4919
f 5340/4247/4940 5341/4248/4941 5319/4226/4919
f 5340/4247/4940 5342/4249/4942 5341/4248/4941
f 5124/4031/4724 5342/4249/4942 5343/4250/4943
f 5343/4250/4943 5342/4249/4942 5340/4247/4940
f 5343/4250/4943 5340/4247/4940 5339/4246/4939
f 5124/4031/4724 5343/4250/4943 5339/4246/4939
f 5341/4248/4941 5342/4249/4942 5299/4206/4899
f 5295/4202/4895 5341/4248/4941 5299/4206/4899
f 5342/4249/4942 5125/4032/4725 5299/4206/4899
f 5125/4032/4725 5342/4249/4942 5124/4031/4724
f 5125/4032/4725 5134/4041/4734 5299/4206/4899
f 5319/4226/4919 5341/4248/4941 5316/4223/4916
f 5341/4248/4941 5297/4204/4897 5316/4223/4916
f 5297/4204/4897 5341/4248/4941 5295/4202/4895
f 5316/4223/4916 5297/4204/4897 5300/4207/4900
f 5316/4223/4916 5300/4207/4900 5314/4221/4914
f 5299/4206/4899 5134/4041/4734 5293/4200/4893
f 5293/4200/4893 5134/4041/4734 5292/4199/4892
f 5133/4040/4733 5292/4199/4892 5134/4041/4734
f 5289/4196/4889 5292/4199/4892 5133/4040/4733
f 5133/4040/4733 5135/4042/4735 5289/4196/4889
f 5344/4251/4944 5345/4252/4945 5346/4253/4946
f 5346/4253/4946 5107/4014/4707 5344/4251/4944
f 5347/4254/4947 5345/4252/4945 5344/4251/4944
f 5348/4255/4948 5347/4254/4947 5344/4251/4944
f 5347/4254/4947 5348/4255/4948 5349/4256/4949
f 5348/4255/4948 5350/4257/4950 5349/4256/4949
f 5349/4256/4949 5351/4258/4951 5347/4254/4947
f 5351/4258/4951 5352/4259/4952 5347/4254/4947
f 5352/4259/4952 5353/4260/4953 5347/4254/4947
f 5347/4254/4947 5353/4260/4953 5345/4252/4945
f 5354/4261/4954 5348/4255/4948 5344/4251/4944
f 5350/4257/4950 5348/4255/4948 5354/4261/4954
f 5109/4016/4709 5350/4257/4950 5354/4261/4954
f 5109/4016/4709 5116/4023/4716 5350/4257/4950
f 5350/4257/4950 5355/4262/4955 5349/4256/4949
f 5356/4263/4956 5349/4256/4949 5355/4262/4955
f 5351/4258/4951 5349/4256/4949 5356/4263/4956
f 5356/4263/4956 5355/4262/4955 5357/4264/4957
f 5357/4264/4957 5355/4262/4955 5358/4265/4958
f 5116/4023/4716 5359/4266/4959 5350/4257/4950
f 5350/4257/4950 5359/4266/4959 5355/4262/4955
f 5359/4266/4959 5358/4265/4958 5355/4262/4955
f 5359/4266/4959 5330/4237/4930 5358/4265/4958
f 5359/4266/4959 5117/4024/4717 5330/4237/4930
f 5116/4023/4716 5117/4024/4717 5359/4266/4959
f 5360/4267/4960 5357/4264/4957 5358/4265/4958
f 5358/4265/4958 5334/4241/4934 5360/4267/4960
f 5330/4237/4930 5334/4241/4934 5358/4265/4958
f 5334/4241/4934 5361/4268/4961 5360/4267/4960
f 5361/4268/4961 5362/4269/4962 5360/4267/4960
f 5360/4267/4960 5362/4269/4962 5363/4270/4963
f 5364/4271/4964 5357/4264/4957 5360/4267/4960
f 5360/4267/4960 5363/4270/4963 5364/4271/4964
f 5357/4264/4957 5364/4271/4964 5356/4263/4956
f 5356/4263/4956 5364/4271/4964 5365/4272/4965
f 5356/4263/4956 5365/4272/4965 5351/4258/4951
f 5365/4272/4965 5366/4273/4966 5351/4258/4951
f 5366/4273/4966 5352/4259/4952 5351/4258/4951
f 5367/4274/4967 5352/4259/4952 5366/4273/4966
f 5368/4275/4968 5367/4274/4967 5366/4273/4966
f 5366/4273/4966 5369/4276/4969 5368/4275/4968
f 5369/4276/4969 5365/4272/4965 5364/4271/4964
f 5369/4276/4969 5366/4273/4966 5365/4272/4965
f 5369/4276/4969 5364/4271/4964 5363/4270/4963
f 5367/4274/4967 5370/4277/4970 5352/4259/4952
f 5363/4270/4963 5371/4278/4971 5369/4276/4969
f 5371/4278/4971 5363/4270/4963 5362/4269/4962
f 5368/4275/4968 5369/4276/4969 5371/4278/4971
f 5362/4269/4962 5372/4279/4972 5371/4278/4971
f 5372/4279/4972 5373/4280/4973 5371/4278/4971
f 5371/4278/4971 5373/4280/4973 5368/4275/4968
f 5374/4281/4974 5373/4280/4973 5372/4279/4972
f 5375/4282/4975 5374/4281/4974 5372/4279/4972
f 5372/4279/4972 5376/4283/4976 5375/4282/4975
f 5377/4284/4977 5375/4282/4975 5376/4283/4976
f 5376/4283/4976 5378/4285/4978 5377/4284/4977
f 5378/4285/4978 5379/4286/4979 5377/4284/4977
f 5378/4285/4978 5380/4287/4980 5379/4286/4979
f 5379/4286/4979 5380/4287/4980 5381/4288/4981
f 5381/4288/4981 5382/4289/4982 5379/4286/4979
f 5382/4289/4982 5381/4288/4981 5383/4290/4983
f 5383/4290/4983 5384/4291/4984 5382/4289/4982
f 5384/4291/4984 5383/4290/4983 5385/4292/4985
f 5385/4292/4985 5386/4293/4986 5384/4291/4984
f 5387/4294/4987 5385/4292/4985 5383/4290/4983
f 5383/4290/4983 5388/4295/4988 5387/4294/4987
f 5306/4213/4906 5387/4294/4987 5388/4295/4988
f 5383/4290/4983 5381/4288/4981 5389/4296/4989
f 5389/4296/4989 5388/4295/4988 5383/4290/4983
f 5389/4296/4989 5381/4288/4981 5380/4287/4980
f 5305/4212/4905 5388/4295/4988 5389/4296/4989
f 5306/4213/4906 5388/4295/4988 5305/4212/4905
f 5336/4243/4936 5305/4212/4905 5389/4296/4989
f 5380/4287/4980 5337/4244/4937 5389/4296/4989
f 5336/4243/4936 5389/4296/4989 5337/4244/4937
f 5390/4297/4990 5380/4287/4980 5378/4285/4978
f 5390/4297/4990 5337/4244/4937 5380/4287/4980
f 5391/4298/4991 5390/4297/4990 5378/4285/4978
f 5391/4298/4991 5361/4268/4961 5390/4297/4990
f 5361/4268/4961 5335/4242/4935 5390/4297/4990
f 5335/4242/4935 5337/4244/4937 5390/4297/4990
f 5391/4298/4991 5378/4285/4978 5376/4283/4976
f 5362/4269/4962 5391/4298/4991 5376/4283/4976
f 5361/4268/4961 5391/4298/4991 5362/4269/4962
f 5376/4283/4976 5372/4279/4972 5362/4269/4962
f 5392/4299/4992 5387/4294/4987 5306/4213/4906
f 5291/4198/4891 5392/4299/4992 5306/4213/4906
f 5291/4198/4891 5393/4300/4993 5392/4299/4992
f 5172/4079/4772 5393/4300/4993 5291/4198/4891
f 5172/4079/4772 5171/4078/4771 5393/4300/4993
f 5305/4212/4905 5336/4243/4936 5304/4211/4904
f 5334/4241/4934 5335/4242/4935 5361/4268/4961
f 5290/4197/4890 5167/4074/4767 5172/4079/4772
f 5290/4197/4890 5166/4073/4766 5167/4074/4767
f 5166/4073/4766 5290/4197/4890 5169/4076/4769
f 5169/4076/4769 5290/4197/4890 5147/4054/4747
f 5147/4054/4747 5149/4056/4749 5169/4076/4769
f 5169/4076/4769 5149/4056/4749 5152/4059/4752
f 5152/4059/4752 5162/4069/4762 5169/4076/4769
f 5304/4211/4904 5332/4239/4932 5309/4216/4909
f 5332/4239/4932 5331/4238/4931 5309/4216/4909
f 5310/4217/4910 5309/4216/4909 5331/4238/4931
f 5310/4217/4910 5331/4238/4931 5326/4233/4926
f 5326/4233/4926 5323/4230/4923 5310/4217/4910
f 5177/4084/4777 5394/4301/4994 5174/4081/4774
f 5174/4081/4774 5394/4301/4994 5156/4063/4756
f 5394/4301/4994 5155/4062/4755 5156/4063/4756
f 5394/4301/4994 5159/4066/4759 5155/4062/4755
f 5177/4084/4777 5205/4112/4805 5394/4301/4994
f 5205/4112/4805 5209/4116/4809 5394/4301/4994
f 5394/4301/4994 5209/4116/4809 5213/4120/4813
f 5213/4120/4813 5159/4066/4759 5394/4301/4994
f 5395/4302/4995 5396/4303/4996 5353/4260/4953
f 5370/4277/4970 5395/4302/4995 5353/4260/4953
f 5370/4277/4970 5353/4260/4953 5352/4259/4952
f 5353/4260/4953 5396/4303/4996 5345/4252/4945
f 5345/4252/4945 5396/4303/4996 5346/4253/4946
f 5396/4303/4996 5397/4304/4776 5346/4253/4946
f 5397/4304/4776 5398/4305/4997 5346/4253/4946
f 5346/4253/4946 5398/4305/4997 5102/4009/4702
f 5346/4253/4946 5102/4009/4702 5104/4011/4704
f 5107/4014/4707 5346/4253/4946 5104/4011/4704
f 5102/4009/4702 5398/4305/4997 5098/4005/4698
f 5397/4304/4776 5049/3956/4649 5398/4305/4997
f 5399/4306/4998 5049/3956/4649 5397/4304/4776
f 5399/4306/4998 5397/4304/4776 5396/4303/4996
f 5399/4306/4998 5047/3954/4647 5049/3956/4649
f 5400/4307/4999 5047/3954/4647 5399/4306/4998
f 5401/4308/5000 5400/4307/4999 5399/4306/4998
f 5399/4306/4998 5402/4309/5001 5401/4308/5000
f 5403/4310/5002 5401/4308/5000 5402/4309/5001
f 5401/4308/5000 5403/4310/5002 5404/4311/5003
f 5405/4312/5004 5404/4311/5003 5403/4310/5002
f 5404/4311/5003 5405/4312/5004 5406/4313/5005
f 5407/4314/5006 5404/4311/5003 5406/4313/5005
f 5404/4311/5003 5407/4314/5006 5401/4308/5000
f 5401/4308/5000 5407/4314/5006 5408/4315/5007
f 5401/4308/5000 5408/4315/5007 5400/4307/4999
f 5407/4314/5006 5409/4316/5008 5408/4315/5007
f 5409/4316/5008 5407/4314/5006 5406/4313/5005
f 5409/4316/5008 5406/4313/5005 5034/3941/4634
f 5403/4310/5002 5410/4317/5009 5405/4312/5004
f 5410/4317/5009 5403/4310/5002 5411/4318/5010
f 5411/4318/5010 5403/4310/5002 5412/4319/5011
f 5402/4309/5001 5412/4319/5011 5403/4310/5002
f 5413/4320/5012 5405/4312/5004 5410/4317/5009
f 5413/4320/5012 5414/4321/5013 5405/4312/5004
f 5406/4313/5005 5405/4312/5004 5414/4321/5013
f 5415/4322/5014 5414/4321/5013 5413/4320/5012
f 5413/4320/5012 5416/4323/5015 5415/4322/5014
f 5406/4313/5005 5414/4321/5013 5417/4324/5016
f 5417/4324/5016 5414/4321/5013 5415/4322/5014
f 5034/3941/4634 5406/4313/5005 5417/4324/5016
f 5034/3941/4634 5417/4324/5016 5033/3940/4633
f 5418/4325/5017 5415/4322/5014 5416/4323/5015
f 5416/4323/5015 5419/4326/5018 5418/4325/5017
f 5420/4327/5019 5415/4322/5014 5418/4325/5017
f 5420/4327/5019 5033/3940/4633 5417/4324/5016
f 5417/4324/5016 5415/4322/5014 5420/4327/5019
f 5421/4328/5020 5033/3940/4633 5420/4327/5019
f 5419/4326/5018 5416/4323/5015 5422/4329/5021
f 5422/4329/5021 5423/4330/5022 5419/4326/5018
f 5419/4326/5018 5423/4330/5022 5424/4331/5023
f 5425/4332/5024 5422/4329/5021 5416/4323/5015
f 5416/4323/5015 5413/4320/5012 5425/4332/5024
f 5410/4317/5009 5425/4332/5024 5413/4320/5012
f 5425/4332/5024 5410/4317/5009 5426/4333/5025
f 5426/4333/5025 5410/4317/5009 5411/4318/5010
f 5426/4333/5025 5411/4318/5010 5427/4334/5026
f 5426/4333/5025 5427/4334/5026 5428/4335/5027
f 5428/4335/5027 5429/4336/5028 5426/4333/5025
f 5429/4336/5028 5422/4329/5021 5425/4332/5024
f 5425/4332/5024 5426/4333/5025 5429/4336/5028
f 5423/4330/5022 5422/4329/5021 5429/4336/5028
f 5427/4334/5026 5411/4318/5010 5430/4337/5029
f 5423/4330/5022 5429/4336/5028 5431/4338/5030
f 5424/4331/5023 5423/4330/5022 5431/4338/5030
f 5431/4338/5030 5429/4336/5028 5428/4335/5027
f 5424/4331/5023 5431/4338/5030 5432/4339/5031
f 5432/4339/5031 5431/4338/5030 5433/4340/5032
f 5431/4338/5030 5428/4335/5027 5433/4340/5032
f 5434/4341/5033 5432/4339/5031 5433/4340/5032
f 5432/4339/5031 5434/4341/5033 5435/4342/5034
f 5435/4342/5034 5436/4343/5035 5432/4339/5031
f 5424/4331/5023 5432/4339/5031 5436/4343/5035
f 5435/4342/5034 5437/4344/5036 5436/4343/5035
f 5436/4343/5035 5437/4344/5036 5438/4345/5037
f 5438/4345/5037 5437/4344/5036 5439/4346/5038
f 5439/4346/5038 5440/4347/5039 5438/4345/5037
f 5441/4348/5040 5440/4347/5039 5439/4346/5038
f 5439/4346/5038 5442/4349/5041 5441/4348/5040
f 5441/4348/5040 5442/4349/5041 5443/4350/5042
f 5442/4349/5041 5444/4351/5043 5443/4350/5042
f 5443/4350/5042 5444/4351/5043 5445/4352/5044
f 5444/4351/5043 5446/4353/5045 5445/4352/5044
f 5443/4350/5042 5445/4352/5044 5447/4354/5046
f 5448/4355/5047 5443/4350/5042 5447/4354/5046
f 5441/4348/5040 5443/4350/5042 5448/4355/5047
f 5449/4356/5048 5441/4348/5040 5448/4355/5047
f 5440/4347/5039 5441/4348/5040 5449/4356/5048
f 5450/4357/5049 5449/4356/5048 5448/4355/5047
f 5449/4356/5048 5450/4357/5049 5451/4358/5050
f 5452/4359/5051 5450/4357/5049 5448/4355/5047
f 5452/4359/5051 5448/4355/5047 5447/4354/5046
f 5453/4360/5052 5450/4357/5049 5452/4359/5051
f 5454/4361/5053 5440/4347/5039 5449/4356/5048
f 5449/4356/5048 5451/4358/5050 5454/4361/5053
f 5454/4361/5053 5451/4358/5050 5455/4362/5054
f 5451/4358/5050 5456/4363/5055 5455/4362/5054
f 5455/4362/5054 5457/4364/5056 5454/4361/5053
f 5418/4325/5017 5455/4362/5054 5456/4363/5055
f 5458/4365/5057 5455/4362/5054 5418/4325/5017
f 5457/4364/5056 5455/4362/5054 5458/4365/5057
f 5458/4365/5057 5459/4366/5058 5457/4364/5056
f 5458/4365/5057 5424/4331/5023 5459/4366/5058
f 5440/4347/5039 5454/4361/5053 5457/4364/5056
f 5457/4364/5056 5438/4345/5037 5440/4347/5039
f 5438/4345/5037 5457/4364/5056 5459/4366/5058
f 5459/4366/5058 5436/4343/5035 5438/4345/5037
f 5436/4343/5035 5459/4366/5058 5424/4331/5023
f 5460/4367/5059 5451/4358/5050 5450/4357/5049
f 5451/4358/5050 5460/4367/5059 5456/4363/5055
f 5453/4360/5052 5460/4367/5059 5450/4357/5049
f 5461/4368/5045 5460/4367/5059 5453/4360/5052
f 5460/4367/5059 5461/4368/5045 5462/4369/5060
f 5453/4360/5052 5463/4370/5061 5461/4368/5045
f 5460/4367/5059 5464/4371/5062 5456/4363/5055
f 5461/4368/5045 5463/4370/5061 5465/4372/5063
f 5466/4373/5064 5465/4372/5063 5463/4370/5061
f 5463/4370/5061 5467/4374/5065 5466/4373/5064
f 5468/4375/5066 5466/4373/5064 5467/4374/5065
f 5466/4373/5064 5468/4375/5066 5469/4376/5067
f 5470/4377/5068 5469/4376/5067 5468/4375/5066
f 5469/4376/5067 5470/4377/5068 5471/4378/5069
f 5470/4377/5068 5472/4379/5070 5471/4378/5069
f 5465/4372/5063 5473/4380/5071 5461/4368/5045
f 5462/4369/5060 5461/4368/5045 5473/4380/5071
f 5474/4381/5072 5462/4369/5060 5473/4380/5071
f 5474/4381/5072 5473/4380/5071 5475/4382/5073
f 5467/4374/5065 5476/4383/5074 5468/4375/5066
f 5468/4375/5066 5476/4383/5074 5470/4377/5068
f 5476/4383/5074 5467/4374/5065 5463/4370/5061
f 5452/4359/5051 5470/4377/5068 5476/4383/5074
f 5472/4379/5070 5470/4377/5068 5452/4359/5051
f 5463/4370/5061 5453/4360/5052 5476/4383/5074
f 5452/4359/5051 5476/4383/5074 5453/4360/5052
f 5477/4384/5075 5465/4372/5063 5466/4373/5064
f 5473/4380/5071 5465/4372/5063 5477/4384/5075
f 5478/4385/5076 5473/4380/5071 5477/4384/5075
f 5473/4380/5071 5478/4385/5076 5475/4382/5073
f 5466/4373/5064 5479/4386/5077 5477/4384/5075
f 5466/4373/5064 5469/4376/5067 5479/4386/5077
f 5480/4387/5078 5479/4386/5077 5469/4376/5067
f 5469/4376/5067 5471/4378/5069 5480/4387/5078
f 5471/4378/5069 5027/3934/4627 5480/4387/5078
f 5478/4385/5076 5477/4384/5075 5481/4388/5079
f 5481/4388/5079 5477/4384/5075 5479/4386/5077
f 5481/4388/5079 5482/4389/5080 5478/4385/5076
f 5483/4390/5081 5478/4385/5076 5482/4389/5080
f 5483/4390/5081 5475/4382/5073 5478/4385/5076
f 5484/4391/5082 5481/4388/5079 5479/4386/5077
f 5481/4388/5079 5484/4391/5082 5485/4392/5083
f 5485/4392/5083 5482/4389/5080 5481/4388/5079
f 5482/4389/5080 5485/4392/5083 5486/4393/5084
f 5486/4393/5084 5487/4394/5085 5482/4389/5080
f 5487/4394/5085 5483/4390/5081 5482/4389/5080
f 5486/4393/5084 5488/4395/5086 5487/4394/5085
f 5487/4394/5085 5488/4395/5086 5489/4396/5087
f 5483/4390/5081 5487/4394/5085 5489/4396/5087
f 5490/4397/5088 5489/4396/5087 5488/4395/5086
f 5490/4397/5088 5488/4395/5086 5491/4398/5089
f 5491/4398/5089 5492/4399/5090 5490/4397/5088
f 5493/4400/5091 5490/4397/5088 5492/4399/5090
f 5493/4400/5091 5492/4399/5090 5464/4371/5062
f 5494/4401/5092 5491/4398/5089 5488/4395/5086
f 5494/4401/5092 5488/4395/5086 5495/4402/5093
f 5488/4395/5086 5486/4393/5084 5495/4402/5093
f 5496/4403/5094 5464/4371/5062 5492/4399/5090
f 5496/4403/5094 5492/4399/5090 5491/4398/5089
f 5494/4401/5092 5496/4403/5094 5491/4398/5089
f 5496/4403/5094 5420/4327/5019 5464/4371/5062
f 5494/4401/5092 5497/4404/5095 5496/4403/5094
f 5496/4403/5094 5497/4404/5095 5421/4328/5020
f 5496/4403/5094 5421/4328/5020 5420/4327/5019
f 5421/4328/5020 5497/4404/5095 5030/3937/4630
f 5497/4404/5095 5494/4401/5092 5030/3937/4630
f 5494/4401/5092 5495/4402/5093 5498/4405/5096
f 5498/4405/5096 5030/3937/4630 5494/4401/5092
f 5495/4402/5093 5486/4393/5084 5498/4405/5096
f 5486/4393/5084 5485/4392/5083 5498/4405/5096
f 5484/4391/5082 5498/4405/5096 5485/4392/5083
f 5490/4397/5088 5493/4400/5091 5462/4369/5060
f 5460/4367/5059 5462/4369/5060 5493/4400/5091
f 5460/4367/5059 5493/4400/5091 5464/4371/5062
f 5029/3936/4629 5421/4328/5020 5030/3937/4630
f 5029/3936/4629 5033/3940/4633 5421/4328/5020
f 5484/4391/5082 5499/4406/5097 5498/4405/5096
f 5030/3937/4630 5498/4405/5096 5499/4406/5097
f 5028/3935/4628 5030/3937/4630 5499/4406/5097
f 5499/4406/5097 5500/4407/5098 5028/3935/4628
f 5484/4391/5082 5500/4407/5098 5499/4406/5097
f 5028/3935/4628 5500/4407/5098 5501/4408/5099
f 5500/4407/5098 5484/4391/5082 5501/4408/5099
f 5484/4391/5082 5479/4386/5077 5501/4408/5099
f 5501/4408/5099 5026/3933/4626 5028/3935/4628
f 5480/4387/5078 5026/3933/4626 5501/4408/5099
f 5480/4387/5078 5501/4408/5099 5479/4386/5077
f 5480/4387/5078 5027/3934/4627 5026/3933/4626
f 5024/3931/4624 5027/3934/4627 5502/4409/5100
f 5502/4409/5100 5503/4410/5101 5024/3931/4624
f 5504/4411/5102 5503/4410/5101 5502/4409/5100
f 5024/3931/4624 5503/4410/5101 5022/3929/4622
f 5009/3916/4609 5022/3929/4622 5503/4410/5101
f 5503/4410/5101 5010/3917/4610 5009/3916/4609
f 5504/4411/5102 5013/3920/4613 5503/4410/5101
f 5013/3920/4613 5010/3917/4610 5503/4410/5101
f 5505/4412/5103 5504/4411/5102 5502/4409/5100
f 5504/4411/5102 5505/4412/5103 5506/4413/5104
f 5013/3920/4613 5504/4411/5102 5506/4413/5104
f 5506/4413/5104 5505/4412/5103 5507/4414/5105
f 5472/4379/5070 5507/4414/5105 5505/4412/5103
f 5507/4414/5105 5472/4379/5070 5508/4415/5106
f 5472/4379/5070 5509/4416/5107 5508/4415/5106
f 5510/4417/5108 5505/4412/5103 5502/4409/5100
f 5027/3934/4627 5510/4417/5108 5502/4409/5100
f 5472/4379/5070 5505/4412/5103 5510/4417/5108
f 5027/3934/4627 5471/4378/5069 5510/4417/5108
f 5471/4378/5069 5472/4379/5070 5510/4417/5108
f 5506/4413/5104 5507/4414/5105 5017/3924/4617
f 5506/4413/5104 5017/3924/4617 5013/3920/4613
f 5507/4414/5105 5511/4418/5109 5017/3924/4617
f 5512/4419/5110 5017/3924/4617 5511/4418/5109
f 5512/4419/5110 5511/4418/5109 5513/4420/5111
f 5513/4420/5111 5514/4421/5112 5512/4419/5110
f 5507/4414/5105 5515/4422/5113 5511/4418/5109
f 5508/4415/5106 5515/4422/5113 5507/4414/5105
f 5514/4421/5112 5513/4420/5111 5516/4423/4764
f 5517/4424/5114 5514/4421/5112 5516/4423/4764
f 5517/4424/5114 5516/4423/4764 5518/4425/4768
f 5517/4424/5114 5519/4426/5115 5514/4421/5112
f 5512/4419/5110 5514/4421/5112 5519/4426/5115
f 5016/3923/4616 5017/3924/4617 5512/4419/5110
f 5512/4419/5110 5519/4426/5115 5016/3923/4616
f 5511/4418/5109 5520/4427/5116 5513/4420/5111
f 5511/4418/5109 5515/4422/5113 5520/4427/5116
f 5519/4426/5115 5517/4424/5114 5019/3926/4619
f 5016/3923/4616 5519/4426/5115 5019/3926/4619
f 5021/3928/4621 5019/3926/4619 5517/4424/5114
f 5021/3928/4621 5517/4424/5114 5518/4425/4768
f 5021/3928/4621 5518/4425/4768 5521/4428/5117
f 5021/3928/4621 5521/4428/5117 5160/4067/4760
f 5160/4067/4760 5521/4428/5117 5154/4061/4754
f 5154/4061/4754 5521/4428/5117 5168/4075/4768
f 5160/4067/4760 5020/3927/4620 5021/3928/4621
f 5522/4429/5118 5118/4025/4718 5523/4430/5119
f 5523/4430/5119 5118/4025/4718 5113/4020/4713
f 5280/4187/4880 5523/4430/5119 5113/4020/4713
f 5113/4020/4713 5112/4019/4712 5280/4187/4880
f 5275/4182/4875 5523/4430/5119 5280/4187/4880
f 5275/4182/4875 5522/4429/5118 5523/4430/5119
f 5280/4187/4880 5270/4177/4870 5275/4182/4875
f 5268/4175/4868 5270/4177/4870 5280/4187/4880
f 5280/4187/4880 5279/4186/4879 5268/4175/4868
f 5268/4175/4868 5279/4186/4879 5277/4184/4877
f 5246/4153/4846 5522/4429/5118 5275/4182/4875
f 5522/4429/5118 5246/4153/4846 5248/4155/4848
f 5248/4155/4848 5118/4025/4718 5522/4429/5118
f 5110/4017/4710 5280/4187/4880 5112/4019/4712
f 5212/4119/4812 5011/3918/4611 5012/3919/4612
f 5211/4118/4811 5212/4119/4812 5012/3919/4612
f 5014/3921/4614 5211/4118/4811 5012/3919/4612
f 5211/4118/4811 5014/3921/4614 5210/4117/4810
f 5014/3921/4614 5018/3925/4618 5210/4117/4810
f 5207/4114/4807 5201/4108/4801 5216/4123/4816
f 5207/4114/4807 5216/4123/4816 5214/4121/4814
f 5402/4309/5001 5396/4303/4996 5412/4319/5011
f 5396/4303/4996 5402/4309/5001 5399/4306/4998
f 5412/4319/5011 5396/4303/4996 5524/4431/5120
f 5412/4319/5011 5524/4431/5120 5430/4337/5029
f 5430/4337/5029 5411/4318/5010 5412/4319/5011
f 5509/4416/5107 5452/4359/5051 5447/4354/5046
f 5472/4379/5070 5452/4359/5051 5509/4416/5107
f 5051/3958/4651 5061/3968/4661 5525/4432/5121
f 5096/4003/4696 5525/4432/5121 5061/3968/4661
f 5525/4432/5121 5096/4003/4696 5046/3953/4646
f 5046/3953/4646 5044/3951/4644 5525/4432/5121
f 5051/3958/4651 5525/4432/5121 5044/3951/4644
f 5061/3968/4661 5092/3999/4692 5096/4003/4696
f 5061/3968/4661 5087/3994/4687 5092/3999/4692
f 5061/3968/4661 5088/3995/4688 5087/3994/4687
f 5060/3967/4660 5088/3995/4688 5061/3968/4661
f 5089/3996/4689 5088/3995/4688 5060/3967/4660
f 5059/3966/4659 5089/3996/4689 5060/3967/4660
f 5055/3962/4655 5089/3996/4689 5059/3966/4659
f 5398/4305/4997 5049/3956/4649 5050/3957/4650
f 5050/3957/4650 5098/4005/4698 5398/4305/4997
f 4993/3900/4593 5229/4136/4829 4989/3896/4589
f 4989/3896/4589 5229/4136/4829 4990/3897/4590
f 5229/4136/4829 5228/4135/4828 4990/3897/4590
f 5232/4139/4832 4990/3897/4590 5228/4135/4828
f 5232/4139/4832 4991/3898/4591 4990/3897/4590
f 5224/4131/4824 5003/3910/4603 5007/3914/4607
f 5003/3910/4603 5230/4137/4830 5002/3909/4602
f 5475/4382/5073 5483/4390/5081 5489/4396/5087
f 5474/4381/5072 5475/4382/5073 5489/4396/5087
f 5490/4397/5088 5474/4381/5072 5489/4396/5087
f 5462/4369/5060 5474/4381/5072 5490/4397/5088
f 5158/4065/4758 5179/4086/4779 5173/4080/4773
f 5158/4065/4758 5187/4094/4787 5179/4086/4779
f 5408/4315/5007 5045/3952/4645 5400/4307/4999
f 5400/4307/4999 5045/3952/4645 5047/3954/4647
f 5409/4316/5008 5045/3952/4645 5408/4315/5007
f 5043/3950/4643 5045/3952/4645 5409/4316/5008
f 5035/3942/4635 5043/3950/4643 5409/4316/5008
f 5035/3942/4635 5409/4316/5008 5034/3941/4634
f 5344/4251/4944 5107/4014/4707 5108/4015/4708
f 5344/4251/4944 5108/4015/4708 5354/4261/4954
f 5354/4261/4954 5108/4015/4708 5109/4016/4709
f 5242/4149/4842 5254/4161/4854 5253/4160/4853
f 5242/4149/4842 5245/4152/4845 5254/4161/4854
f 5418/4325/5017 5419/4326/5018 5458/4365/5057
f 5458/4365/5057 5419/4326/5018 5424/4331/5023
f 5420/4327/5019 5418/4325/5017 5456/4363/5055
f 5464/4371/5062 5420/4327/5019 5456/4363/5055
f 5119/4026/4719 5124/4031/4724 5329/4236/4929
f 5329/4236/4929 5120/4027/4720 5119/4026/4719
f 5330/4237/4930 5117/4024/4717 5120/4027/4720
f 5004/3911/4604 5041/3948/4641 5005/3912/4605
f 5085/3992/4685 5062/3969/4662 5071/3978/4671
f 5526/4433/5122 5527/4434/5094 5528/4435/5123
f 5528/4435/5123 5529/4436/5124 5526/4433/5122
f 5526/4433/5122 5529/4436/5124 5530/4437/5125
f 5530/4437/5125 5531/4438/5126 5526/4433/5122
f 5531/4438/5126 5530/4437/5125 5532/4439/5127
f 5532/4439/5127 5533/4440/5128 5531/4438/5126
f 5533/4440/5128 5532/4439/5127 5534/4441/5129
f 5532/4439/5127 5535/4442/5130 5534/4441/5129
f 5534/4441/5129 5535/4442/5130 5536/4443/5131
f 5536/4443/5131 5537/4444/5132 5534/4441/5129
f 5536/4443/5131 5538/4445/5133 5537/4444/5132
f 5538/4445/5133 5536/4443/5131 5539/4446/5134
f 5540/4447/5135 5538/4445/5133 5539/4446/5134
f 5539/4446/5134 5541/4448/5136 5540/4447/5135
f 5542/4449/5137 5540/4447/5135 5541/4448/5136
f 5540/4447/5135 5542/4449/5137 5543/4450/5138
f 5544/4451/5139 5543/4450/5138 5542/4449/5137
f 5542/4449/5137 5545/4452/5140 5544/4451/5139
f 5544/4451/5139 5545/4452/5140 5528/4435/5123
f 5528/4435/5123 5527/4434/5094 5544/4451/5139
f 5541/4448/5136 5539/4446/5134 5546/4453/5141
f 5546/4453/5141 5547/4454/5142 5541/4448/5136
f 5542/4449/5137 5541/4448/5136 5547/4454/5142
f 5546/4453/5141 5548/4455/5143 5547/4454/5142
f 5549/4456/5144 5548/4455/5143 5546/4453/5141
f 5549/4456/5144 5546/4453/5141 5539/4446/5134
f 5536/4443/5131 5549/4456/5144 5539/4446/5134
f 5550/4457/5145 5548/4455/5143 5549/4456/5144
f 5551/4458/5146 5548/4455/5143 5550/4457/5145
f 5552/4459/5147 5548/4455/5143 5551/4458/5146
f 5553/4460/5148 5548/4455/5143 5552/4459/5147
f 5554/4461/5149 5548/4455/5143 5553/4460/5148
f 5528/4435/5123 5554/4461/5149 5553/4460/5148
f 5545/4452/5140 5554/4461/5149 5528/4435/5123
f 5547/4454/5142 5548/4455/5143 5555/4462/5150
f 5547/4454/5142 5555/4462/5150 5542/4449/5137
f 5555/4462/5150 5548/4455/5143 5556/4463/5151
f 5556/4463/5151 5548/4455/5143 5554/4461/5149
f 5545/4452/5140 5556/4463/5151 5554/4461/5149
f 5536/4443/5131 5550/4457/5145 5549/4456/5144
f 5535/4442/5130 5550/4457/5145 5536/4443/5131
f 5551/4458/5146 5550/4457/5145 5535/4442/5130
f 5535/4442/5130 5532/4439/5127 5551/4458/5146
f 5551/4458/5146 5532/4439/5127 5530/4437/5125
f 5530/4437/5125 5552/4459/5147 5551/4458/5146
f 5529/4436/5124 5552/4459/5147 5530/4437/5125
f 5529/4436/5124 5553/4460/5148 5552/4459/5147
f 5553/4460/5148 5529/4436/5124 5528/4435/5123
f 5542/4449/5137 5555/4462/5150 5556/4463/5151
f 5556/4463/5151 5545/4452/5140 5542/4449/5137
f 5557/4464/5152 5558/4465/5153 5559/4466/5154
f 5559/4466/5154 5560/4467/5155 5557/4464/5152
f 5557/4464/5152 5561/4468/5156 5558/4465/5153
f 5562/4469/5157 5561/4468/5156 5557/4464/5152
f 5563/4470/5158 5561/4468/5156 5562/4469/5157
f 5562/4469/5157 5564/4471/5159 5563/4470/5158
f 5563/4470/5158 5564/4471/5159 5565/4472/5160
f 5565/4472/5160 5566/4473/5161 5563/4470/5158
f 5567/4474/5162 5566/4473/5161 5565/4472/5160
f 5565/4472/5160 5568/4475/5163 5567/4474/5162
f 5569/4476/5164 5567/4474/5162 5568/4475/5163
f 5570/4477/5165 5567/4474/5162 5569/4476/5164
f 5570/4477/5165 5569/4476/5164 5571/4478/5166
f 5571/4478/5166 5572/4479/5167 5570/4477/5165
f 5573/4480/5168 5572/4479/5167 5571/4478/5166
f 5571/4478/5166 5574/4481/5169 5573/4480/5168
f 5573/4480/5168 5574/4481/5169 5575/4482/5170
f 5575/4482/5170 5576/4483/5171 5573/4480/5168
f 5559/4466/5154 5576/4483/5171 5575/4482/5170
f 5575/4482/5170 5560/4467/5155 5559/4466/5154
f 5577/4484/5172 5570/4477/5165 5572/4479/5167
f 5572/4479/5167 5578/4485/5173 5577/4484/5172
f 5578/4485/5173 5572/4479/5167 5573/4480/5168
f 5577/4484/5172 5578/4485/5173 5579/4486/5174
f 5580/4487/5175 5577/4484/5172 5579/4486/5174
f 5570/4477/5165 5577/4484/5172 5580/4487/5175
f 5570/4477/5165 5580/4487/5175 5567/4474/5162
f 5581/4488/5176 5580/4487/5175 5579/4486/5174
f 5582/4489/5177 5581/4488/5176 5579/4486/5174
f 5583/4490/5178 5582/4489/5177 5579/4486/5174
f 5584/4491/5179 5583/4490/5178 5579/4486/5174
f 5585/4492/5180 5584/4491/5179 5579/4486/5174
f 5559/4466/5154 5584/4491/5179 5585/4492/5180
f 5576/4483/5171 5559/4466/5154 5585/4492/5180
f 5578/4485/5173 5586/4493/5181 5579/4486/5174
f 5573/4480/5168 5586/4493/5181 5578/4485/5173
f 5586/4493/5181 5587/4494/5182 5579/4486/5174
f 5587/4494/5182 5585/4492/5180 5579/4486/5174
f 5585/4492/5180 5587/4494/5182 5576/4483/5171
f 5567/4474/5162 5580/4487/5175 5581/4488/5176
f 5567/4474/5162 5581/4488/5176 5566/4473/5161
f 5582/4489/5177 5566/4473/5161 5581/4488/5176
f 5582/4489/5177 5563/4470/5158 5566/4473/5161
f 5582/4489/5177 5583/4490/5178 5561/4468/5156
f 5561/4468/5156 5563/4470/5158 5582/4489/5177
f 5558/4465/5153 5561/4468/5156 5583/4490/5178
f 5583/4490/5178 5584/4491/5179 5558/4465/5153
f 5584/4491/5179 5559/4466/5154 5558/4465/5153
f 5573/4480/5168 5587/4494/5182 5586/4493/5181
f 5576/4483/5171 5587/4494/5182 5573/4480/5168
f 5588/4495/5183 5589/4496/5184 5590/4497/5185
f 5589/4496/5184 5591/4498/5186 5590/4497/5185
f 5590/4497/5185 5592/4499/5187 5588/4495/5183
f 5592/4499/5187 5593/4500/5188 5588/4495/5183
f 5594/4501/5189 5588/4495/5183 5593/4500/5188
f 5593/4500/5188 5595/4502/5190 5594/4501/5189
f 5595/4502/5190 5596/4503/5191 5594/4501/5189
f 5593/4500/5188 5592/4499/5187 5597/4504/5192
f 5589/4496/5184 5588/4495/5183 5598/4505/5193
f 5598/4505/5193 5599/4506/5194 5589/4496/5184
f 5599/4506/5194 5598/4505/5193 5600/4507/5195
f 5599/4506/5194 5600/4507/5195 5601/4508/5196
f 5601/4508/5196 5602/4509/5197 5599/4506/5194
f 5603/4510/5198 5596/4503/5191 5595/4502/5190
f 5604/4511/5199 5600/4507/5195 5598/4505/5193
f 5604/4511/5199 5605/4512/5200 5600/4507/5195
f 5600/4507/5195 5605/4512/5200 5606/4513/5201
f 5605/4512/5200 5607/4514/5202 5606/4513/5201
f 5604/4511/5199 5608/4515/5203 5605/4512/5200
f 5608/4515/5203 5609/4516/5204 5605/4512/5200
f 5609/4516/5204 5610/4517/5205 5605/4512/5200
f 5611/4518/5206 5608/4515/5203 5604/4511/5199
f 5608/4515/5203 5611/4518/5206 5612/4519/5207
f 5612/4519/5207 5613/4520/5208 5608/4515/5203
f 5612/4519/5207 5614/4521/5209 5613/4520/5208
f 5614/4521/5209 5615/4522/5210 5613/4520/5208
f 5616/4523/5211 5612/4519/5207 5611/4518/5206
f 5617/4524/5212 5612/4519/5207 5616/4523/5211
f 5617/4524/5212 5616/4523/5211 5618/4525/5213
f 5619/4526/5214 5617/4524/5212 5618/4525/5213
f 5620/4495/5215 5621/4497/5216 5622/4496/5217
f 5622/4496/5217 5621/4497/5216 5623/4498/5218
f 5621/4497/5216 5620/4495/5215 5624/4499/5219
f 5624/4499/5219 5620/4495/5215 5625/4500/5220
f 5626/4501/5221 5625/4500/5220 5620/4495/5215
f 5625/4500/5220 5626/4501/5221 5627/4502/5222
f 5627/4502/5222 5626/4501/5221 5628/4503/5223
f 5625/4500/5220 5629/4504/5224 5624/4499/5219
f 5622/4496/5217 5630/4505/5225 5620/4495/5215
f 5630/4505/5225 5622/4496/5217 5631/4506/5226
f 5631/4506/5226 5632/4507/5227 5630/4505/5225
f 5631/4506/5226 5633/4508/5228 5632/4507/5227
f 5633/4508/5228 5631/4506/5226 5634/4509/5229
f 5635/4510/5230 5627/4502/5222 5628/4503/5223
f 5636/4511/5231 5630/4505/5225 5632/4507/5227
f 5636/4511/5231 5632/4507/5227 5637/4512/5232
f 5632/4507/5227 5638/4513/5233 5637/4512/5232
f 5637/4512/5232 5638/4513/5233 5639/4514/5234
f 5636/4511/5231 5637/4512/5232 5640/4515/5235
f 5640/4515/5235 5637/4512/5232 5641/4516/5236
f 5641/4516/5236 5637/4512/5232 5642/4517/5237
f 5643/4518/5238 5636/4511/5231 5640/4515/5235
f 5640/4515/5235 5644/4519/5239 5643/4518/5238
f 5644/4519/5239 5640/4515/5235 5645/4520/5240
f 5645/4520/5240 5646/4521/5240 5644/4519/5239
f 5646/4521/5240 5645/4520/5240 5647/4522/5241
f 5648/4523/5242 5643/4518/5238 5644/4519/5239
f 5649/4524/5243 5648/4523/5242 5644/4519/5239
f 5649/4524/5243 5650/4525/5244 5648/4523/5242
f 5651/4526/5245 5650/4525/5244 5649/4524/5243
f 5652/4527/5246 5653/4528/5247 5654/4529/5248
f 5652/4527/5246 5654/4529/5248 5655/4530/5249
f 5656/4531/5250 5654/4529/5248 5653/4528/5247
f 5656/4531/5250 5653/4528/5247 5657/4532/5251
f 5658/4533/5252 5657/4532/5251 5653/4528/5247
f 5658/4533/5252 5653/4528/5247 5659/4534/5253
f 5659/4534/5253 5653/4528/5247 5652/4527/5246
f 5656/4531/5250 5657/4532/5251 5660/4535/5254
f 5656/4531/5250 5660/4535/5254 5661/4536/5255
f 5661/4536/5255 5660/4535/5254 5662/4537/5256
f 5661/4536/5255 5662/4537/5256 5663/4538/5257
f 5657/4532/5251 5658/4533/5252 5664/4539/5258
f 5657/4532/5251 5664/4539/5258 5665/4540/5259
f 5660/4535/5254 5657/4532/5251 5665/4540/5259
f 5660/4535/5254 5665/4540/5259 5666/4541/5260
f 5660/4535/5254 5666/4541/5260 5662/4537/5256
f 5666/4541/5260 5667/4542/5261 5662/4537/5256
f 5663/4538/5257 5662/4537/5256 5667/4542/5261
f 5666/4541/5260 5668/4543/5262 5667/4542/5261
f 5664/4539/5258 5658/4533/5252 5669/4544/5263
f 5669/4544/5263 5658/4533/5252 5670/4545/5264
f 5670/4545/5264 5658/4533/5252 5671/4546/5265
f 5671/4546/5265 5658/4533/5252 5659/4534/5253
f 5672/4547/5266 5670/4545/5264 5671/4546/5265
f 5672/4547/5266 5671/4546/5265 5673/4548/5267
f 5669/4544/5263 5674/4549/5268 5664/4539/5258
f 5665/4540/5259 5664/4539/5258 5674/4549/5268
f 5668/4543/5262 5666/4541/5260 5675/4550/5269
f 5676/4551/5270 5666/4541/5260 5665/4540/5259
f 5674/4549/5268 5676/4551/5270 5665/4540/5259
f 5676/4551/5270 5677/4552/5271 5666/4541/5260
f 5669/4544/5263 5678/4553/5272 5674/4549/5268
f 5674/4549/5268 5678/4553/5272 5679/4554/5273
f 5674/4549/5268 5679/4554/5273 5680/4555/5274
f 5669/4544/5263 5681/4556/5275 5678/4553/5272
f 5672/4547/5266 5681/4556/5275 5670/4545/5264
f 5669/4544/5263 5670/4545/5264 5681/4556/5275
f 5667/4542/5261 5668/4543/5262 5682/4557/5276
f 5668/4543/5262 5683/4558/5277 5682/4557/5276
f 5682/4557/5276 5683/4558/5277 5684/4559/5278
f 5682/4557/5276 5684/4559/5278 5685/4560/5279
f 5682/4557/5276 5685/4560/5279 5686/4561/5280
f 5686/4561/5280 5687/4562/5281 5682/4557/5276
f 5667/4542/5261 5682/4557/5276 5687/4562/5281
f 5686/4561/5280 5688/4563/5282 5687/4562/5281
f 5689/4564/5283 5687/4562/5281 5688/4563/5282
f 5690/4565/5284 5689/4564/5283 5688/4563/5282
f 5690/4565/5284 5688/4563/5282 5691/4566/5285
f 5692/4567/5286 5690/4565/5284 5691/4566/5285
f 5692/4567/5286 5693/4568/5287 5690/4565/5284
f 5694/4569/5288 5690/4565/5284 5693/4568/5287
f 5694/4569/5288 5695/4570/5289 5690/4565/5284
f 5696/4571/5290 5695/4570/5289 5694/4569/5288
f 5696/4571/5290 5697/4572/5291 5695/4570/5289
f 5697/4572/5291 5698/4573/5292 5695/4570/5289
f 5698/4573/5292 5689/4564/5283 5690/4565/5284
f 5698/4573/5292 5690/4565/5284 5695/4570/5289
f 5697/4572/5291 5699/4574/5293 5698/4573/5292
f 5689/4564/5283 5700/4575/5294 5687/4562/5281
f 5701/4576/5295 5699/4574/5293 5697/4572/5291
f 5701/4576/5295 5702/4577/5296 5699/4574/5293
f 5697/4572/5291 5696/4571/5290 5703/4578/5297
f 5697/4572/5291 5703/4578/5297 5701/4576/5295
f 5703/4578/5297 5696/4571/5290 5704/4579/5298
f 5694/4569/5288 5704/4579/5298 5696/4571/5290
f 5703/4578/5297 5704/4579/5298 5705/4580/5299
f 5694/4569/5288 5706/4581/5300 5704/4579/5298
f 5706/4581/5300 5694/4569/5288 5693/4568/5287
f 5706/4581/5300 5693/4568/5287 5707/4582/5301
f 5708/4583/5302 5707/4582/5301 5693/4568/5287
f 5708/4583/5302 5693/4568/5287 5692/4567/5286
f 5692/4567/5286 5709/4584/5303 5708/4583/5302
f 5692/4567/5286 5710/4585/5304 5709/4584/5303
f 5709/4584/5303 5710/4585/5304 5711/4586/5305
f 5709/4584/5303 5711/4586/5305 5712/4587/5306
f 5713/4588/5307 5711/4586/5305 5710/4585/5304
f 5713/4588/5307 5714/4589/5308 5711/4586/5305
f 5710/4585/5304 5691/4566/5285 5713/4588/5307
f 5710/4585/5304 5692/4567/5286 5691/4566/5285
f 5713/4588/5307 5691/4566/5285 5688/4563/5282
f 5713/4588/5307 5688/4563/5282 5686/4561/5280
f 5686/4561/5280 5714/4589/5308 5713/4588/5307
f 5686/4561/5280 5685/4560/5279 5714/4589/5308
f 5680/4555/5274 5715/4590/5309 5716/4591/5310
f 5674/4549/5268 5680/4555/5274 5716/4591/5310
f 5674/4549/5268 5716/4591/5310 5676/4551/5270
f 5715/4590/5309 5717/4592/5311 5716/4591/5310
f 5715/4590/5309 5718/4593/5312 5717/4592/5311
f 5719/4594/5313 5717/4592/5311 5718/4593/5312
f 5719/4594/5313 5720/4595/5314 5717/4592/5311
f 5721/4596/5315 5720/4595/5314 5719/4594/5313
f 5721/4596/5315 5722/4597/5316 5720/4595/5314
f 5723/4598/5317 5722/4597/5316 5721/4596/5315
f 5723/4598/5317 5724/4599/5318 5722/4597/5316
f 5725/4600/5319 5724/4599/5318 5723/4598/5317
f 5725/4600/5319 5726/4601/5320 5724/4599/5318
f 5727/4602/5321 5726/4601/5320 5725/4600/5319
f 5727/4602/5321 5728/4603/5322 5726/4601/5320
f 5729/4604/5323 5730/4605/5324 5731/4606/5325
f 5729/4604/5323 5731/4606/5325 5732/4607/5326
f 5733/4608/5327 5729/4604/5323 5732/4607/5326
f 5733/4608/5327 5732/4607/5326 5734/4609/5328
f 5735/4610/5329 5733/4608/5327 5734/4609/5328
f 5735/4610/5329 5736/4611/5330 5733/4608/5327
f 5733/4608/5327 5736/4611/5330 5737/4612/5331
f 5733/4608/5327 5737/4612/5331 5729/4604/5323
f 5737/4612/5331 5730/4605/5324 5729/4604/5323
f 5737/4612/5331 5736/4611/5330 5738/4613/5332
f 5739/4614/5333 5737/4612/5331 5738/4613/5332
f 5739/4614/5333 5740/4615/5334 5737/4612/5331
f 5737/4612/5331 5740/4615/5334 5730/4605/5324
f 5738/4613/5332 5736/4611/5330 5741/4616/5335
f 5736/4611/5330 5735/4610/5329 5742/4617/5336
f 5736/4611/5330 5742/4617/5336 5741/4616/5335
f 5743/4618/5337 5738/4613/5332 5741/4616/5335
f 5739/4614/5333 5738/4613/5332 5743/4618/5337
f 5743/4618/5337 5741/4616/5335 5744/4619/5338
f 5741/4616/5335 5742/4617/5336 5744/4619/5338
f 5745/4620/5339 5743/4618/5337 5744/4619/5338
f 5742/4617/5336 5745/4620/5339 5744/4619/5338
f 5745/4620/5339 5742/4617/5336 5746/4621/5340
f 5745/4620/5339 5746/4621/5340 5747/4622/5341
f 5745/4620/5339 5748/4623/5342 5743/4618/5337
f 5747/4622/5341 5748/4623/5342 5745/4620/5339
f 5749/4624/5343 5743/4618/5337 5748/4623/5342
f 5749/4624/5343 5750/4625/4563 5743/4618/5337
f 5739/4614/5333 5743/4618/5337 5750/4625/4563
f 5748/4623/5342 5747/4622/5341 5751/4626/5344
f 5749/4624/5343 5748/4623/5342 5751/4626/5344
f 5749/4624/5343 5751/4626/5344 5752/4627/5345
f 5751/4626/5344 5753/4628/5346 5752/4627/5345
f 5751/4626/5344 5754/4629/5347 5753/4628/5346
f 5753/4628/5346 5755/4630/5348 5752/4627/5345
f 5753/4628/5346 5756/4631/5349 5755/4630/5348
f 5757/4632/5350 5756/4631/5349 5753/4628/5346
f 5757/4632/5350 5753/4628/5346 5758/4633/5351
f 5758/4633/5351 5753/4628/5346 5754/4629/5347
f 5759/4634/5337 5750/4625/4563 5749/4624/5343
f 5759/4634/5337 5749/4624/5343 5760/4635/5352
f 5752/4627/5345 5760/4635/5352 5749/4624/5343
f 5760/4635/5352 5761/4636/5353 5759/4634/5337
f 5762/4637/5354 5759/4634/5337 5761/4636/5353
f 5762/4637/5354 5761/4636/5353 5763/4638/5355
f 5760/4635/5352 5764/4639/5356 5761/4636/5353
f 5752/4627/5345 5765/4640/5357 5760/4635/5352
f 5765/4640/5357 5764/4639/5356 5760/4635/5352
f 5763/4638/5355 5761/4636/5353 5766/4641/5358
f 5764/4639/5356 5766/4641/5358 5761/4636/5353
f 5763/4638/5355 5766/4641/5358 5767/4642/5359
f 5768/4643/5360 5763/4638/5355 5767/4642/5359
f 5768/4643/5360 5767/4642/5359 5769/4644/5361
f 5768/4643/5360 5769/4644/5361 5770/4645/5362
f 5764/4639/5356 5771/4646/5363 5766/4641/5358
f 5767/4642/5359 5766/4641/5358 5772/4647/5364
f 5767/4642/5359 5772/4647/5364 5769/4644/5361
f 5771/4646/5363 5772/4647/5364 5766/4641/5358
f 5771/4646/5363 5773/4648/5365 5772/4647/5364
f 5764/4639/5356 5774/4649/5366 5771/4646/5363
f 5773/4648/5365 5771/4646/5363 5774/4649/5366
f 5764/4639/5356 5775/4650/5367 5774/4649/5366
f 5765/4640/5357 5775/4650/5367 5764/4639/5356
f 5775/4650/5367 5776/4651/5368 5774/4649/5366
f 5775/4650/5367 5777/4652/5369 5776/4651/5368
f 5775/4650/5367 5778/4653/5370 5777/4652/5369
f 5765/4640/5357 5778/4653/5370 5775/4650/5367
f 5777/4652/5369 5779/4654/5371 5776/4651/5368
f 5773/4648/5365 5774/4649/5366 5780/4655/5372
f 5774/4649/5366 5776/4651/5368 5780/4655/5372
f 5781/4656/5373 5773/4648/5365 5780/4655/5372
f 5781/4656/5373 5780/4655/5372 5782/4657/5374
f 5783/4658/5375 5782/4657/5374 5780/4655/5372
f 5783/4658/5375 5780/4655/5372 5784/4659/5376
f 5776/4651/5368 5779/4654/5371 5784/4659/5376
f 5784/4659/5376 5780/4655/5372 5776/4651/5368
f 5779/4654/5371 5785/4660/5377 5784/4659/5376
f 5786/4661/5378 5781/4656/5373 5782/4657/5374
f 5786/4661/5378 5782/4657/5374 5787/4662/5379
f 5788/4663/5380 5786/4661/5378 5787/4662/5379
f 5783/4658/5375 5784/4659/5376 5789/4664/5381
f 5785/4660/5377 5789/4664/5381 5784/4659/5376
f 5783/4658/5375 5789/4664/5381 5790/4665/5382
f 5783/4658/5375 5790/4665/5382 5791/4666/5383
f 5783/4658/5375 5791/4666/5383 5782/4657/5374
f 5791/4666/5383 5787/4662/5379 5782/4657/5374
f 5791/4666/5383 5792/4667/5384 5787/4662/5379
f 5793/4668/5385 5787/4662/5379 5792/4667/5384
f 5788/4663/5380 5787/4662/5379 5793/4668/5385
f 5790/4665/5382 5789/4664/5381 5794/4669/5386
f 5790/4665/5382 5794/4669/5386 5795/4670/5387
f 5795/4670/5387 5791/4666/5383 5790/4665/5382
f 5795/4670/5387 5796/4671/5388 5791/4666/5383
f 5796/4671/5388 5792/4667/5384 5791/4666/5383
f 5796/4671/5388 5797/4672/5297 5792/4667/5384
f 5798/4673/5389 5792/4667/5384 5797/4672/5297
f 5793/4668/5385 5792/4667/5384 5798/4673/5389
f 5794/4669/5386 5789/4664/5381 5799/4674/5390
f 5785/4660/5377 5799/4674/5390 5789/4664/5381
f 5794/4669/5386 5799/4674/5390 5800/4675/5391
f 5801/4676/5392 5786/4661/5378 5788/4663/5380
f 5801/4676/5392 5802/4677/5393 5786/4661/5378
f 5781/4656/5373 5786/4661/5378 5802/4677/5393
f 5781/4656/5373 5802/4677/5393 5803/4678/5394
f 5804/4679/5395 5803/4678/5394 5802/4677/5393
f 5804/4679/5395 5802/4677/5393 5805/4680/5396
f 5801/4676/5392 5805/4680/5396 5802/4677/5393
f 5806/4681/5397 5804/4679/5395 5805/4680/5396
f 5806/4681/5397 5805/4680/5396 5807/4682/5398
f 5807/4682/5398 5808/4683/5399 5806/4681/5397
f 5809/4684/5400 5806/4681/5397 5808/4683/5399
f 5809/4684/5400 5808/4683/5399 5810/4685/5401
f 5808/4683/5399 5811/4686/5402 5810/4685/5401
f 5812/4687/5403 5810/4685/5401 5811/4686/5402
f 5812/4687/5403 5813/4688/5404 5810/4685/5401
f 5813/4688/5404 5809/4684/5400 5810/4685/5401
f 5808/4683/5399 5814/4689/5405 5811/4686/5402
f 5815/4690/5406 5814/4689/5405 5808/4683/5399
f 5807/4682/5398 5815/4690/5406 5808/4683/5399
f 5815/4690/5406 5816/4691/5407 5814/4689/5405
f 5815/4690/5406 5817/4692/5408 5816/4691/5407
f 5818/4693/5409 5817/4692/5408 5815/4690/5406
f 5818/4693/5409 5815/4690/5406 5807/4682/5398
f 5770/4645/5362 5806/4681/5397 5809/4684/5400
f 5770/4645/5362 5804/4679/5395 5806/4681/5397
f 5819/4694/5410 5818/4693/5409 5807/4682/5398
f 5819/4694/5410 5807/4682/5398 5805/4680/5396
f 5801/4676/5392 5819/4694/5410 5805/4680/5396
f 5820/4695/5411 5813/4688/5404 5812/4687/5403
f 5821/4696/5412 5813/4688/5404 5820/4695/5411
f 5821/4696/5412 5820/4695/5411 5822/4697/5413
f 5821/4696/5412 5822/4697/5413 5823/4698/5414
f 5821/4696/5412 5824/4699/5415 5813/4688/5404
f 5825/4700/5416 5824/4699/5415 5821/4696/5412
f 5826/4701/5417 5822/4697/5413 5820/4695/5411
f 5826/4701/5417 5820/4695/5411 5827/4702/5418
f 5820/4695/5411 5812/4687/5403 5827/4702/5418
f 5770/4645/5362 5809/4684/5400 5824/4699/5415
f 5813/4688/5404 5824/4699/5415 5809/4684/5400
f 5825/4700/5416 5828/4703/5419 5824/4699/5415
f 5770/4645/5362 5824/4699/5415 5828/4703/5419
f 5825/4700/5416 5829/4704/5420 5828/4703/5419
f 5829/4704/5420 5830/4705/5421 5828/4703/5419
f 5831/4706/5422 5830/4705/5421 5829/4704/5420
f 5832/4707/5423 5830/4705/5421 5831/4706/5422
f 5832/4707/5423 5831/4706/5422 5833/4708/5424
f 5833/4708/5424 5831/4706/5422 5834/4709/5425
f 5833/4708/5424 5834/4709/5425 5835/4710/5426
f 5835/4710/5426 5834/4709/5425 5836/4711/5427
f 5834/4709/5425 5837/4712/5428 5836/4711/5427
f 5838/4713/5429 5836/4711/5427 5837/4712/5428
f 5838/4713/5429 5837/4712/5428 5839/4714/5430
f 5840/4715/5431 5838/4713/5429 5839/4714/5430
f 5838/4713/5429 5840/4715/5431 5841/4716/5432
f 5838/4713/5429 5841/4716/5432 5836/4711/5427
f 5836/4711/5427 5841/4716/5432 5842/4717/5433
f 5836/4711/5427 5842/4717/5433 5835/4710/5426
f 5840/4715/5431 5839/4714/5430 5843/4718/5430
f 5840/4715/5431 5843/4718/5430 5844/4719/5272
f 5844/4719/5272 5843/4718/5430 5845/4720/5434
f 5844/4719/5272 5845/4720/5434 5846/4721/5435
f 5840/4715/5431 5844/4719/5272 5847/4722/5436
f 5843/4718/5430 5839/4714/5430 5848/4723/5437
f 5843/4718/5430 5848/4723/5437 5845/4720/5434
f 5839/4714/5430 5837/4712/5428 5849/4724/5438
f 5849/4724/5438 5848/4723/5437 5839/4714/5430
f 5834/4709/5425 5850/4725/5439 5837/4712/5428
f 5850/4725/5439 5849/4724/5438 5837/4712/5428
f 5850/4725/5439 5851/4726/5440 5849/4724/5438
f 5842/4717/5433 5841/4716/5432 5852/4727/5441
f 5842/4717/5433 5852/4727/5441 5853/4728/5442
f 5842/4717/5433 5853/4728/5442 5854/4729/5443
f 5855/4730/5444 5854/4729/5443 5853/4728/5442
f 5855/4730/5444 5853/4728/5442 5856/4731/5445
f 5852/4727/5441 5856/4731/5445 5853/4728/5442
f 5852/4727/5441 5857/4732/5446 5856/4731/5445
f 5858/4733/5447 5857/4732/5446 5852/4727/5441
f 5841/4716/5432 5858/4733/5447 5852/4727/5441
f 5841/4716/5432 5840/4715/5431 5858/4733/5447
f 5847/4722/5436 5858/4733/5447 5840/4715/5431
f 5857/4732/5446 5858/4733/5447 5859/4734/5446
f 5847/4722/5436 5860/4735/5266 5858/4733/5447
f 5860/4735/5266 5859/4734/5446 5858/4733/5447
f 5860/4735/5266 5861/4736/5448 5859/4734/5446
f 5855/4730/5444 5862/4737/5449 5854/4729/5443
f 5863/4738/5450 5854/4729/5443 5862/4737/5449
f 5864/4739/5451 5863/4738/5450 5862/4737/5449
f 5730/4605/5324 5863/4738/5450 5864/4739/5451
f 5730/4605/5324 5865/4740/5452 5863/4738/5450
f 5730/4605/5324 5740/4615/5334 5865/4740/5452
f 5740/4615/5334 5833/4708/5424 5865/4740/5452
f 5835/4710/5426 5865/4740/5452 5833/4708/5424
f 5835/4710/5426 5866/4741/5453 5865/4740/5452
f 5866/4741/5453 5863/4738/5450 5865/4740/5452
f 5740/4615/5334 5832/4707/5423 5833/4708/5424
f 5740/4615/5334 5762/4637/5354 5832/4707/5423
f 5832/4707/5423 5762/4637/5354 5763/4638/5355
f 5832/4707/5423 5763/4638/5355 5830/4705/5421
f 5830/4705/5421 5763/4638/5355 5768/4643/5360
f 5828/4703/5419 5830/4705/5421 5768/4643/5360
f 5740/4615/5334 5739/4614/5333 5762/4637/5354
f 5739/4614/5333 5759/4634/5337 5762/4637/5354
f 5739/4614/5333 5750/4625/4563 5759/4634/5337
f 5835/4710/5426 5842/4717/5433 5866/4741/5453
f 5828/4703/5419 5768/4643/5360 5770/4645/5362
f 5842/4717/5433 5854/4729/5443 5866/4741/5453
f 5863/4738/5450 5866/4741/5453 5854/4729/5443
f 5770/4645/5362 5769/4644/5361 5804/4679/5395
f 5803/4678/5394 5804/4679/5395 5769/4644/5361
f 5772/4647/5364 5803/4678/5394 5769/4644/5361
f 5772/4647/5364 5773/4648/5365 5803/4678/5394
f 5781/4656/5373 5803/4678/5394 5773/4648/5365
f 5777/4652/5369 5778/4653/5370 5867/4742/5454
f 5777/4652/5369 5867/4742/5454 5868/4743/5455
f 5778/4653/5370 5869/4744/5456 5867/4742/5454
f 5870/4745/5457 5869/4744/5456 5778/4653/5370
f 5765/4640/5357 5870/4745/5457 5778/4653/5370
f 5752/4627/5345 5870/4745/5457 5765/4640/5357
f 5752/4627/5345 5755/4630/5348 5870/4745/5457
f 5870/4745/5457 5871/4746/5458 5869/4744/5456
f 5871/4746/5458 5870/4745/5457 5755/4630/5348
f 5869/4744/5456 5872/4747/5459 5867/4742/5454
f 5867/4742/5454 5872/4747/5459 5873/4748/5460
f 5867/4742/5454 5873/4748/5460 5874/4749/5461
f 5874/4749/5461 5875/4750/5462 5867/4742/5454
f 5868/4743/5455 5867/4742/5454 5875/4750/5462
f 5874/4749/5461 5876/4751/5463 5875/4750/5462
f 5869/4744/5456 5877/4752/5464 5872/4747/5459
f 5869/4744/5456 5871/4746/5458 5877/4752/5464
f 5873/4748/5460 5872/4747/5459 5878/4753/5465
f 5879/4754/5466 5873/4748/5460 5878/4753/5465
f 5872/4747/5459 5877/4752/5464 5880/4755/5467
f 5872/4747/5459 5880/4755/5467 5878/4753/5465
f 5880/4755/5467 5877/4752/5464 5881/4756/5468
f 5877/4752/5464 5871/4746/5458 5882/4757/5469
f 5877/4752/5464 5882/4757/5469 5881/4756/5468
f 5882/4757/5469 5883/4758/5470 5881/4756/5468
f 5884/4759/5471 5881/4756/5468 5883/4758/5470
f 5884/4759/5471 5885/4760/5472 5881/4756/5468
f 5880/4755/5467 5881/4756/5468 5885/4760/5472
f 5885/4760/5472 5878/4753/5465 5880/4755/5467
f 5878/4753/5465 5885/4760/5472 5886/4761/5473
f 5878/4753/5465 5886/4761/5473 5879/4754/5466
f 5886/4761/5473 5887/4762/5474 5879/4754/5466
f 5888/4763/5475 5887/4762/5474 5886/4761/5473
f 5888/4763/5475 5886/4761/5473 5885/4760/5472
f 5888/4763/5475 5889/4764/5476 5887/4762/5474
f 5885/4760/5472 5884/4759/5471 5890/4765/5477
f 5888/4763/5475 5885/4760/5472 5890/4765/5477
f 5884/4759/5471 5891/4766/5478 5890/4765/5477
f 5884/4759/5471 5892/4767/5479 5891/4766/5478
f 5882/4757/5469 5893/4768/5480 5883/4758/5470
f 5894/4769/5481 5883/4758/5470 5893/4768/5480
f 5893/4768/5480 5895/4770/5482 5894/4769/5481
f 5893/4768/5480 5896/4771/5483 5895/4770/5482
f 5882/4757/5469 5896/4771/5483 5893/4768/5480
f 5882/4757/5469 5897/4772/5484 5896/4771/5483
f 5756/4631/5349 5896/4771/5483 5897/4772/5484
f 5756/4631/5349 5898/4773/5485 5896/4771/5483
f 5898/4773/5485 5895/4770/5482 5896/4771/5483
f 5897/4772/5484 5755/4630/5348 5756/4631/5349
f 5871/4746/5458 5755/4630/5348 5897/4772/5484
f 5882/4757/5469 5871/4746/5458 5897/4772/5484
f 5892/4767/5479 5899/4774/5486 5891/4766/5478
f 5757/4632/5350 5898/4773/5485 5756/4631/5349
f 5894/4769/5481 5900/4775/5479 5883/4758/5470
f 5884/4759/5471 5883/4758/5470 5900/4775/5479
f 5892/4767/5479 5884/4759/5471 5900/4775/5479
f 5901/4776/5487 5754/4629/5347 5902/4777/5488
f 5758/4633/5351 5754/4629/5347 5901/4776/5487
f 5902/4777/5488 5754/4629/5347 5751/4626/5344
f 5902/4777/5488 5751/4626/5344 5747/4622/5341
f 5746/4621/5340 5902/4777/5488 5747/4622/5341
f 5746/4621/5340 5903/4778/5489 5902/4777/5488
f 5903/4778/5489 5901/4776/5487 5902/4777/5488
f 5746/4621/5340 5742/4617/5336 5904/4779/5490
f 5904/4779/5490 5742/4617/5336 5735/4610/5329
f 5831/4706/5422 5850/4725/5439 5834/4709/5425
f 5829/4704/5420 5850/4725/5439 5831/4706/5422
f 5829/4704/5420 5905/4780/5491 5850/4725/5439
f 5851/4726/5440 5850/4725/5439 5905/4780/5491
f 5851/4726/5440 5905/4780/5491 5906/4781/5492
f 5851/4726/5440 5906/4781/5492 5907/4782/5493
f 5906/4781/5492 5908/4783/5494 5907/4782/5493
f 5907/4782/5493 5908/4783/5494 5909/4784/5495
f 5909/4784/5495 5908/4783/5494 5910/4785/5496
f 5910/4785/5496 5911/4786/5497 5909/4784/5495
f 5829/4704/5420 5912/4787/5498 5905/4780/5491
f 5825/4700/5416 5912/4787/5498 5829/4704/5420
f 5913/4788/5499 5912/4787/5498 5825/4700/5416
f 5909/4784/5495 5911/4786/5497 5914/4789/5500
f 5911/4786/5497 5915/4790/5501 5914/4789/5500
f 5821/4696/5412 5913/4788/5499 5825/4700/5416
f 5821/4696/5412 5823/4698/5414 5913/4788/5499
f 5914/4789/5500 5915/4790/5501 5916/4791/5502
f 5914/4789/5500 5916/4791/5502 5917/4792/5503
f 5730/4605/5324 5864/4739/5451 5731/4606/5325
f 5918/4793/5504 5919/4794/5505 5920/4795/5506
f 5921/4796/5507 5918/4793/5504 5920/4795/5506
f 5921/4796/5507 5920/4795/5506 5922/4797/5508
f 5923/4798/5509 5922/4797/5508 5920/4795/5506
f 5923/4798/5509 5920/4795/5506 5924/4799/5510
f 5924/4799/5510 5920/4795/5506 5919/4794/5505
f 5923/4798/5509 5924/4799/5510 5925/4800/5511
f 5924/4799/5510 5926/4801/5512 5925/4800/5511
f 5924/4799/5510 5927/4802/5513 5926/4801/5512
f 5927/4802/5513 5924/4799/5510 5928/4803/5514
f 5927/4802/5513 5928/4803/5514 5929/4804/5515
f 5923/4798/5509 5925/4800/5511 5930/4805/5516
f 5923/4798/5509 5930/4805/5516 5931/4806/5517
f 5932/4807/5518 5923/4798/5509 5931/4806/5517
f 5932/4807/5518 5933/4808/5519 5923/4798/5509
f 5923/4798/5509 5933/4808/5519 5922/4797/5508
f 5926/4801/5512 5927/4802/5513 5934/4809/5520
f 5934/4809/5520 5935/4810/5521 5926/4801/5512
f 5926/4801/5512 5935/4810/5521 5936/4811/5354
f 5936/4811/5354 5930/4805/5516 5925/4800/5511
f 5926/4801/5512 5936/4811/5354 5925/4800/5511
f 5934/4809/5520 5937/4812/5522 5935/4810/5521
f 5935/4810/5521 5938/4813/5523 5936/4811/5354
f 5935/4810/5521 5939/4814/5524 5938/4813/5523
f 5939/4814/5524 5935/4810/5521 5937/4812/5522
f 5936/4811/5354 5938/4813/5523 5940/4815/5525
f 5936/4811/5354 5940/4815/5525 5930/4805/5516
f 5941/4816/5526 5938/4813/5523 5939/4814/5524
f 5941/4816/5526 5942/4817/5527 5938/4813/5523
f 5943/4818/5528 5940/4815/5525 5938/4813/5523
f 5943/4818/5528 5938/4813/5523 5942/4817/5527
f 5944/4819/5529 5940/4815/5525 5943/4818/5528
f 5944/4819/5529 5945/4820/5530 5940/4815/5525
f 5945/4820/5530 5930/4805/5516 5940/4815/5525
f 5945/4820/5530 5946/4821/5531 5930/4805/5516
f 5947/4822/5532 5944/4819/5529 5943/4818/5528
f 5947/4822/5532 5948/4823/5533 5944/4819/5529
f 5948/4823/5533 5947/4822/5532 5949/4824/5534
f 5949/4824/5534 5947/4822/5532 5950/4825/5535
f 5946/4821/5531 5931/4806/5517 5930/4805/5516
f 5946/4821/5531 5951/4826/5536 5931/4806/5517
f 5952/4827/5537 5931/4806/5517 5951/4826/5536
f 5952/4827/5537 5932/4807/5518 5931/4806/5517
f 5952/4827/5537 5953/4828/5538 5932/4807/5518
f 5952/4827/5537 5954/4829/5539 5953/4828/5538
f 5955/4830/5540 5953/4828/5538 5954/4829/5539
f 5955/4830/5540 5956/4831/5541 5953/4828/5538
f 5957/4832/5542 5953/4828/5538 5956/4831/5541
f 5957/4832/5542 5958/4833/5543 5953/4828/5538
f 5958/4833/5543 5932/4807/5518 5953/4828/5538
f 5956/4831/5541 5959/4834/5544 5957/4832/5542
f 5956/4831/5541 5960/4835/5545 5959/4834/5544
f 5955/4830/5540 5960/4835/5545 5956/4831/5541
f 5961/4836/5546 5957/4832/5542 5959/4834/5544
f 5955/4830/5540 5962/4837/5547 5960/4835/5545
f 5963/4838/5548 5960/4835/5545 5962/4837/5547
f 5963/4838/5548 5962/4837/5547 5964/4839/5549
f 5961/4836/5546 5965/4840/5550 5957/4832/5542
f 5958/4833/5543 5957/4832/5542 5965/4840/5550
f 5961/4836/5546 5966/4841/5551 5965/4840/5550
f 5967/4842/5552 5965/4840/5550 5966/4841/5551
f 5967/4842/5552 5968/4843/5553 5965/4840/5550
f 5969/4844/5554 5968/4843/5553 5967/4842/5552
f 5969/4844/5554 5970/4845/5555 5968/4843/5553
f 5971/4846/5556 5970/4845/5555 5969/4844/5554
f 5971/4846/5556 5972/4847/5557 5970/4845/5555
f 5973/4848/5558 5972/4847/5557 5971/4846/5556
f 5973/4848/5558 5974/4849/5559 5972/4847/5557
f 5975/4850/5560 5970/4845/5555 5972/4847/5557
f 5974/4849/5559 5975/4850/5560 5972/4847/5557
f 5975/4850/5560 5976/4851/5561 5970/4845/5555
f 5969/4844/5554 5977/4852/5562 5971/4846/5556
f 5978/4853/5563 5973/4848/5558 5971/4846/5556
f 5978/4853/5563 5971/4846/5556 5977/4852/5562
f 5975/4850/5560 5979/4854/5564 5976/4851/5561
f 5975/4850/5560 5980/4855/5565 5979/4854/5564
f 5981/4856/5566 5968/4843/5553 5970/4845/5555
f 5981/4856/5566 5970/4845/5555 5976/4851/5561
f 5976/4851/5561 5979/4854/5564 5981/4856/5566
f 5982/4857/5567 5968/4843/5553 5981/4856/5566
f 5982/4857/5567 5965/4840/5550 5968/4843/5553
f 5958/4833/5543 5965/4840/5550 5982/4857/5567
f 5982/4857/5567 5933/4808/5519 5958/4833/5543
f 5958/4833/5543 5933/4808/5519 5932/4807/5518
f 5982/4857/5567 5922/4797/5508 5933/4808/5519
f 5974/4849/5559 5983/4858/5568 5975/4850/5560
f 5983/4858/5568 5980/4855/5565 5975/4850/5560
f 5983/4858/5568 5984/4859/5569 5980/4855/5565
f 5984/4859/5569 5985/4860/5570 5980/4855/5565
f 5984/4859/5569 5986/4861/5571 5985/4860/5570
f 5987/4862/5572 5986/4861/5571 5984/4859/5569
f 5987/4862/5572 5988/4863/5573 5986/4861/5571
f 5989/4864/5574 5987/4862/5572 5984/4859/5569
f 5989/4864/5574 5984/4859/5569 5983/4858/5568
f 5983/4858/5568 5990/4865/5575 5989/4864/5574
f 5990/4865/5575 5991/4866/5576 5989/4864/5574
f 5990/4865/5575 5992/4867/5577 5991/4866/5576
f 5993/4868/5578 5991/4866/5576 5992/4867/5577
f 5993/4868/5578 5992/4867/5577 5994/4869/5579
f 5995/4870/5580 5993/4868/5578 5994/4869/5579
f 5995/4870/5580 5994/4869/5579 5996/4871/5581
f 5983/4858/5568 5974/4849/5559 5990/4865/5575
f 5973/4848/5558 5990/4865/5575 5974/4849/5559
f 5973/4848/5558 5997/4872/5582 5990/4865/5575
f 5992/4867/5577 5990/4865/5575 5997/4872/5582
f 5992/4867/5577 5997/4872/5582 5998/4873/5583
f 5999/4874/5584 5996/4871/5581 5994/4869/5579
f 5999/4874/5584 5994/4869/5579 6000/4875/5585
f 5992/4867/5577 5998/4873/5583 6000/4875/5585
f 5992/4867/5577 6000/4875/5585 5994/4869/5579
f 5998/4873/5583 5997/4872/5582 6001/4876/5586
f 5998/4873/5583 6001/4876/5586 6002/4877/5587
f 6000/4875/5585 5998/4873/5583 6002/4877/5587
f 5997/4872/5582 5973/4848/5558 5978/4853/5563
f 5997/4872/5582 5978/4853/5563 6001/4876/5586
f 6000/4875/5585 6003/4878/5588 5999/4874/5584
f 5999/4874/5584 6003/4878/5588 6004/4879/5589
f 5999/4874/5584 6004/4879/5589 6005/4880/5590
f 6005/4880/5590 5996/4871/5581 5999/4874/5584
f 6005/4880/5590 6004/4879/5589 6006/4881/5591
f 6005/4880/5590 6006/4881/5591 6007/4882/5592
f 6000/4875/5585 6008/4883/5593 6003/4878/5588
f 6000/4875/5585 6002/4877/5587 6008/4883/5593
f 6009/4884/5594 5996/4871/5581 6005/4880/5590
f 6009/4884/5594 6005/4880/5590 6007/4882/5592
f 6010/4885/5595 6009/4884/5594 6007/4882/5592
f 6007/4882/5592 6011/4886/5596 6010/4885/5595
f 6010/4885/5595 6011/4886/5596 6012/4887/5597
f 6012/4887/5597 6013/4888/5598 6010/4885/5595
f 6014/4889/5599 6013/4888/5598 6012/4887/5597
f 6014/4889/5599 6015/4890/5600 6013/4888/5598
f 5995/4870/5580 5996/4871/5581 6009/4884/5594
f 5995/4870/5580 6009/4884/5594 6010/4885/5595
f 5995/4870/5580 6010/4885/5595 6013/4888/5598
f 5995/4870/5580 6013/4888/5598 6015/4890/5600
f 5993/4868/5578 5995/4870/5580 6015/4890/5600
f 5993/4868/5578 6015/4890/5600 6016/4891/5601
f 5991/4866/5576 5993/4868/5578 6016/4891/5601
f 5991/4866/5576 6016/4891/5601 6017/4892/5602
f 5989/4864/5574 5991/4866/5576 6017/4892/5602
f 5989/4864/5574 6017/4892/5602 5987/4862/5572
f 6017/4892/5602 5988/4863/5573 5987/4862/5572
f 6017/4892/5602 6018/4893/5603 5988/4863/5573
f 6017/4892/5602 6016/4891/5601 6019/4894/5604
f 6017/4892/5602 6019/4894/5604 6018/4893/5603
f 6016/4891/5601 6015/4890/5600 6020/4895/5605
f 6016/4891/5601 6020/4895/5605 6019/4894/5604
f 6020/4895/5605 6015/4890/5600 6014/4889/5599
f 5921/4796/5507 5922/4797/5508 6021/4896/5606
f 6022/4897/5607 5921/4796/5507 6021/4896/5606
f 6023/4898/5608 6021/4896/5606 5922/4797/5508
f 6022/4897/5607 6021/4896/5606 6024/4899/5609
f 6025/4900/5610 6024/4899/5609 6021/4896/5606
f 6023/4898/5608 6025/4900/5610 6021/4896/5606
f 6025/4900/5610 6026/4901/5611 6024/4899/5609
f 6022/4897/5607 6024/4899/5609 6026/4901/5611
f 6025/4900/5610 6027/4902/5612 6026/4901/5611
f 6022/4897/5607 6026/4901/5611 6028/4903/5613
f 6022/4897/5607 6028/4903/5613 6029/4904/5614
f 6022/4897/5607 6029/4904/5614 5921/4796/5507
f 6029/4904/5614 6030/4905/5615 5921/4796/5507
f 6029/4904/5614 6031/4906/5616 6030/4905/5615
f 6032/4907/5617 6030/4905/5615 6031/4906/5616
f 6032/4907/5617 6031/4906/5616 6033/4908/5618
f 6029/4904/5614 6034/4909/5619 6031/4906/5616
f 6035/4910/5620 6033/4908/5618 6031/4906/5616
f 6035/4910/5620 6031/4906/5616 6034/4909/5619
f 6035/4910/5620 6036/4911/5621 6033/4908/5618
f 6037/4912/5622 6034/4909/5619 6029/4904/5614
f 6037/4912/5622 6029/4904/5614 6028/4903/5613
f 6037/4912/5622 6028/4903/5613 6038/4913/5623
f 6037/4912/5622 6038/4913/5623 6039/4914/5624
f 6038/4913/5623 6040/4915/5625 6039/4914/5624
f 6038/4913/5623 6041/4916/5626 6040/4915/5625
f 6035/4910/5620 6034/4909/5619 6042/4917/5627
f 6040/4915/5625 6041/4916/5626 6043/4918/5628
f 6040/4915/5625 6043/4918/5628 6044/4919/5629
f 6045/4920/5630 6041/4916/5626 6038/4913/5623
f 6045/4920/5630 6046/4921/5631 6041/4916/5626
f 6046/4921/5631 6043/4918/5628 6041/4916/5626
f 6028/4903/5613 6045/4920/5630 6038/4913/5623
f 6028/4903/5613 6026/4901/5611 6045/4920/5630
f 6027/4902/5612 6045/4920/5630 6026/4901/5611
f 6027/4902/5612 6047/4922/5632 6045/4920/5630
f 6047/4922/5632 6046/4921/5631 6045/4920/5630
f 6047/4922/5632 6048/4923/5633 6046/4921/5631
f 6049/4924/5634 6046/4921/5631 6048/4923/5633
f 6046/4921/5631 6049/4924/5634 6043/4918/5628
f 6049/4924/5634 6048/4923/5633 6050/4925/5635
f 6051/4926/5636 6050/4925/5635 6048/4923/5633
f 6047/4922/5632 6051/4926/5636 6048/4923/5633
f 6051/4926/5636 6052/4927/5637 6050/4925/5635
f 6050/4925/5635 6052/4927/5637 6053/4928/5638
f 6050/4925/5635 6053/4928/5638 6054/4929/5639
f 6054/4929/5639 6049/4924/5634 6050/4925/5635
f 6054/4929/5639 6053/4928/5638 6055/4930/5640
f 6054/4929/5639 6055/4930/5640 6056/4931/5641
f 6057/4932/5642 6056/4931/5641 6055/4930/5640
f 6047/4922/5632 6058/4933/5643 6051/4926/5636
f 6054/4929/5639 6059/4934/5644 6049/4924/5634
f 6054/4929/5639 6056/4931/5641 6060/4935/5645
f 6054/4929/5639 6060/4935/5645 6059/4934/5644
f 6061/4936/5646 6060/4935/5645 6056/4931/5641
f 6057/4932/5642 6061/4936/5646 6056/4931/5641
f 6061/4936/5646 6062/4937/5647 6060/4935/5645
f 6057/4932/5642 6063/4938/5648 6061/4936/5646
f 6061/4936/5646 6063/4938/5648 6064/4939/5649
f 6061/4936/5646 6064/4939/5649 6062/4937/5647
f 6065/4940/5650 6060/4935/5645 6062/4937/5647
f 6064/4939/5649 6065/4940/5650 6062/4937/5647
f 6065/4940/5650 6066/4941/5651 6060/4935/5645
f 6059/4934/5644 6060/4935/5645 6066/4941/5651
f 6064/4939/5649 6067/4942/5652 6065/4940/5650
f 6068/4943/5653 6066/4941/5651 6065/4940/5650
f 6068/4943/5653 6065/4940/5650 6067/4942/5652
f 6069/4944/5654 6066/4941/5651 6068/4943/5653
f 6069/4944/5654 6070/4945/5655 6066/4941/5651
f 6059/4934/5644 6066/4941/5651 6070/4945/5655
f 6069/4944/5654 6071/4946/5656 6070/4945/5655
f 6071/4946/5656 6043/4918/5628 6070/4945/5655
f 6071/4946/5656 6044/4919/5629 6043/4918/5628
f 6049/4924/5634 6059/4934/5644 6070/4945/5655
f 6049/4924/5634 6070/4945/5655 6043/4918/5628
f 6072/4947/5657 6073/4948/5658 6074/4949/5659
f 6072/4947/5657 6074/4949/5659 6075/4950/5660
f 6076/4951/5661 6075/4950/5660 6074/4949/5659
f 6076/4951/5661 6074/4949/5659 6077/4952/5662
f 6076/4951/5661 6078/4953/5663 6075/4950/5660
f 6075/4950/5660 6078/4953/5663 6072/4947/5657
f 6076/4951/5661 5928/4803/5514 6078/4953/5663
f 6079/4954/5664 6073/4948/5658 6072/4947/5657
f 6072/4947/5657 5919/4794/5505 6079/4954/5664
f 6072/4947/5657 6078/4953/5663 5919/4794/5505
f 5924/4799/5510 5919/4794/5505 6078/4953/5663
f 5924/4799/5510 6078/4953/5663 5928/4803/5514
f 6079/4954/5664 6080/4955/5665 6073/4948/5658
f 6081/4956/5666 6074/4949/5659 6073/4948/5658
f 6081/4956/5666 6077/4952/5662 6074/4949/5659
f 6081/4956/5666 6073/4948/5658 6082/4957/5667
f 6082/4957/5667 6073/4948/5658 6080/4955/5665
f 6081/4956/5666 6083/4958/5668 6077/4952/5662
f 6080/4955/5665 6079/4954/5664 6084/4959/5669
f 6085/4960/5670 6084/4959/5669 6079/4954/5664
f 6085/4960/5670 6079/4954/5664 6086/4961/5671
f 5919/4794/5505 6086/4961/5671 6079/4954/5664
f 5919/4794/5505 5918/4793/5504 6086/4961/5671
f 6032/4907/5617 6085/4960/5670 6086/4961/5671
f 5918/4793/5504 6032/4907/5617 6086/4961/5671
f 6030/4905/5615 6032/4907/5617 5918/4793/5504
f 6032/4907/5617 6033/4908/5618 6085/4960/5670
f 6082/4957/5667 6080/4955/5665 6087/4962/5672
f 6088/4963/5673 6082/4957/5667 6087/4962/5672
f 6088/4963/5673 6089/4964/5674 6082/4957/5667
f 6090/4965/5675 6081/4956/5666 6082/4957/5667
f 6090/4965/5675 6082/4957/5667 6089/4964/5674
f 6090/4965/5675 6083/4958/5668 6081/4956/5666
f 6090/4965/5675 6091/4966/5676 6083/4958/5668
f 6092/4967/5677 6083/4958/5668 6091/4966/5676
f 6091/4966/5676 6093/4968/5678 6092/4967/5677
f 6091/4966/5676 6094/4969/5679 6093/4968/5678
f 6094/4969/5679 6091/4966/5676 6090/4965/5675
f 6095/4970/5680 6092/4967/5677 6093/4968/5678
f 6095/4970/5680 6096/4971/5681 6092/4967/5677
f 6097/4972/5682 6092/4967/5677 6096/4971/5681
f 6097/4972/5682 6098/4973/5683 6092/4967/5677
f 6099/4974/5684 6098/4973/5683 6097/4972/5682
f 6099/4974/5684 6100/4975/5685 6098/4973/5683
f 6083/4958/5668 6098/4973/5683 6100/4975/5685
f 6092/4967/5677 6098/4973/5683 6083/4958/5668
f 6083/4958/5668 6100/4975/5685 6077/4952/5662
f 6101/4976/5683 6077/4952/5662 6100/4975/5685
f 6099/4974/5684 6101/4976/5683 6100/4975/5685
f 6101/4976/5683 6076/4951/5661 6077/4952/5662
f 5929/4804/5515 6076/4951/5661 6101/4976/5683
f 5929/4804/5515 5928/4803/5514 6076/4951/5661
f 6099/4974/5684 6102/4977/5686 6101/4976/5683
f 6102/4977/5686 5929/4804/5515 6101/4976/5683
f 6095/4970/5680 6093/4968/5678 6103/4978/5687
f 6094/4969/5679 6103/4978/5687 6093/4968/5678
f 6095/4970/5680 6103/4978/5687 6104/4979/5688
f 6105/4980/5689 6104/4979/5688 6103/4978/5687
f 6105/4980/5689 6103/4978/5687 6106/4981/5690
f 6107/4982/5691 6105/4980/5689 6106/4981/5690
f 6107/4982/5691 6106/4981/5690 6108/4983/5692
f 6109/4984/5693 6107/4982/5691 6108/4983/5692
f 6109/4984/5693 6108/4983/5692 6110/4985/5694
f 6108/4983/5692 6111/4986/5695 6110/4985/5694
f 6112/4987/5696 6110/4985/5694 6111/4986/5695
f 6112/4987/5696 6113/4988/5697 6110/4985/5694
f 6114/4989/5698 6113/4988/5697 6112/4987/5696
f 6114/4989/5698 6112/4987/5696 6115/4990/5699
f 6115/4990/5699 6112/4987/5696 6116/4991/5700
f 6111/4986/5695 6116/4991/5700 6112/4987/5696
f 6115/4990/5699 6116/4991/5700 6117/4992/5701
f 6118/4993/5702 6117/4992/5701 6116/4991/5700
f 6118/4993/5702 6116/4991/5700 6119/4994/5703
f 6120/4995/5704 6118/4993/5702 6119/4994/5703
f 6120/4995/5704 6119/4994/5703 6121/4996/5705
f 6089/4964/5674 6120/4995/5704 6121/4996/5705
f 6089/4964/5674 6121/4996/5705 6090/4965/5675
f 6094/4969/5679 6090/4965/5675 6121/4996/5705
f 6118/4993/5702 6122/4997/5706 6117/4992/5701
f 6123/4998/5707 6117/4992/5701 6122/4997/5706
f 6115/4990/5699 6117/4992/5701 6123/4998/5707
f 6115/4990/5699 6123/4998/5707 6114/4989/5698
f 6118/4993/5702 6124/4999/5708 6122/4997/5706
f 6120/4995/5704 6124/4999/5708 6118/4993/5702
f 6120/4995/5704 6125/5000/5709 6124/4999/5708
f 6088/4963/5673 6125/5000/5709 6120/4995/5704
f 6088/4963/5673 6120/4995/5704 6089/4964/5674
f 6126/5001/5710 6119/4994/5703 6116/4991/5700
f 6111/4986/5695 6126/5001/5710 6116/4991/5700
f 6108/4983/5692 6126/5001/5710 6111/4986/5695
f 6106/4981/5690 6126/5001/5710 6108/4983/5692
f 6127/5002/5711 6126/5001/5710 6106/4981/5690
f 6126/5001/5710 6127/5002/5711 6119/4994/5703
f 6127/5002/5711 6094/4969/5679 6121/4996/5705
f 6127/5002/5711 6121/4996/5705 6119/4994/5703
f 6094/4969/5679 6127/5002/5711 6103/4978/5687
f 6127/5002/5711 6106/4981/5690 6103/4978/5687
f 6023/4898/5608 6128/5003/5712 6025/4900/5610
f 6023/4898/5608 5979/4854/5564 6128/5003/5712
f 6128/5003/5712 6027/4902/5612 6025/4900/5610
f 6128/5003/5712 6129/5004/5713 6027/4902/5612
f 6129/5004/5713 6047/4922/5632 6027/4902/5612
f 6129/5004/5713 6058/4933/5643 6047/4922/5632
f 6129/5004/5713 6128/5003/5712 5985/4860/5570
f 6128/5003/5712 5979/4854/5564 5980/4855/5565
f 5985/4860/5570 6128/5003/5712 5980/4855/5565
f 5981/4856/5566 5979/4854/5564 6023/4898/5608
f 6023/4898/5608 5982/4857/5567 5981/4856/5566
f 6023/4898/5608 5922/4797/5508 5982/4857/5567
f 6130/5005/5714 6131/5006/5715 6132/5007/5716
f 6130/5005/5714 6132/5007/5716 6133/5008/5717
f 6133/5008/5717 6132/5007/5716 6134/5009/5470
f 6133/5008/5717 6134/5009/5470 6135/5010/5718
f 6135/5010/5718 6136/5011/5719 6133/5008/5717
f 6135/5010/5718 6137/5012/5625 6136/5011/5719
f 6138/5013/5720 6130/5005/5714 6133/5008/5717
f 6138/5013/5720 6133/5008/5717 6136/5011/5719
f 6138/5013/5720 6139/5014/5721 6130/5005/5714
f 6139/5014/5721 6131/5006/5715 6130/5005/5714
f 6138/5013/5720 6140/5015/5722 6139/5014/5721
f 6139/5014/5721 6141/5016/5723 6131/5006/5715
f 6141/5016/5723 6142/5017/5724 6131/5006/5715
f 6141/5016/5723 6143/5018/5725 6142/5017/5724
f 6144/5019/5726 6132/5007/5716 6131/5006/5715
f 6144/5019/5726 6131/5006/5715 6142/5017/5724
f 6144/5019/5726 6134/5009/5470 6132/5007/5716
f 6140/5015/5722 6145/5020/5727 6139/5014/5721
f 6140/5015/5722 6146/5021/5653 6145/5020/5727
f 6147/5022/5728 6141/5016/5723 6139/5014/5721
f 6147/5022/5728 6139/5014/5721 6145/5020/5727
f 6147/5022/5728 6143/5018/5725 6141/5016/5723
f 6147/5022/5728 6148/5023/5729 6143/5018/5725
f 6143/5018/5725 6149/5024/5730 6142/5017/5724
f 6149/5024/5730 6144/5019/5726 6142/5017/5724
f 6143/5018/5725 6150/5025/5582 6149/5024/5730
f 6148/5023/5729 6150/5025/5582 6143/5018/5725
f 6149/5024/5730 6151/5026/5731 6144/5019/5726
f 6152/5027/5732 6144/5019/5726 6151/5026/5731
f 6152/5027/5732 6151/5026/5731 6153/5028/5733
f 6154/5029/5734 6147/5022/5728 6145/5020/5727
f 6154/5029/5734 6145/5020/5727 6146/5021/5653
f 6154/5029/5734 6155/5030/5735 6147/5022/5728
f 6156/5031/5736 6148/5023/5729 6147/5022/5728
f 6156/5031/5736 6147/5022/5728 6155/5030/5735
f 6148/5023/5729 6157/5032/5737 6150/5025/5582
f 6156/5031/5736 6157/5032/5737 6148/5023/5729
f 6156/5031/5736 6158/5033/5648 6157/5032/5737
f 6155/5030/5735 6158/5033/5648 6156/5031/5736
f 6155/5030/5735 6159/5034/5738 6158/5033/5648
f 6155/5030/5735 6154/5029/5734 6160/5035/5739
f 6155/5030/5735 6160/5035/5739 6159/5034/5738
f 6154/5029/5734 6146/5021/5653 6160/5035/5739
f 6153/5028/5733 6161/5036/5740 6152/5027/5732
f 6153/5028/5733 6162/5037/5733 6161/5036/5740
f 6163/5038/5713 6161/5036/5740 6162/5037/5733
f 6163/5038/5713 6164/5039/5741 6161/5036/5740
f 6164/5039/5741 6163/5038/5713 6165/5040/5570
f 6164/5039/5741 6165/5040/5570 6166/5041/5742
f 6164/5039/5741 6166/5041/5742 6167/5042/5743
f 6167/5042/5743 6166/5041/5742 6168/5043/5744
f 6167/5042/5743 6168/5043/5744 6169/5044/5745
f 6170/5045/5746 6168/5043/5744 6166/5041/5742
f 6170/5045/5746 6166/5041/5742 6171/5046/5747
f 6165/5040/5570 6171/5046/5747 6166/5041/5742
f 6170/5045/5746 6172/5047/5748 6168/5043/5744
f 6172/5047/5748 6169/5044/5745 6168/5043/5744
f 6170/5045/5746 6173/5048/5749 6172/5047/5748
f 6172/5047/5748 6174/5049/5554 6169/5044/5745
f 6169/5044/5745 6174/5049/5554 6175/5050/5552
f 6169/5044/5745 6175/5050/5552 6176/5051/5750
f 6177/5052/5551 6176/5051/5750 6175/5050/5552
f 6177/5052/5551 6178/5053/5751 6176/5051/5750
f 6179/5054/5752 6176/5051/5750 6178/5053/5751
f 6169/5044/5745 6176/5051/5750 6179/5054/5752
f 6169/5044/5745 6179/5054/5752 6167/5042/5743
f 6179/5054/5752 6178/5053/5751 6180/5055/5753
f 6179/5054/5752 6180/5055/5753 6181/5056/5754
f 6179/5054/5752 6181/5056/5754 6182/5057/5755
f 6167/5042/5743 6179/5054/5752 6182/5057/5755
f 6183/5058/5756 6180/5055/5753 6178/5053/5751
f 6183/5058/5756 6184/5059/5757 6180/5055/5753
f 6185/5060/5758 6184/5059/5757 6183/5058/5756
f 6185/5060/5758 6186/5061/4892 6184/5059/5757
f 6187/5062/5759 6184/5059/5757 6186/5061/4892
f 6188/5063/5532 6187/5062/5759 6186/5061/4892
f 6188/5063/5532 6186/5061/4892 6189/5064/5548
f 6186/5061/4892 6185/5060/5758 6189/5064/5548
f 6188/5063/5532 6190/5065/5760 6187/5062/5759
f 6191/5066/5761 6187/5062/5759 6190/5065/5760
f 6191/5066/5761 6192/5067/5762 6181/5056/5754
f 6192/5067/5762 6182/5057/5755 6181/5056/5754
f 6191/5066/5761 6181/5056/5754 6193/5068/5763
f 6187/5062/5759 6193/5068/5763 6184/5059/5757
f 6187/5062/5759 6191/5066/5761 6193/5068/5763
f 6193/5068/5763 6181/5056/5754 6180/5055/5753
f 6193/5068/5763 6180/5055/5753 6184/5059/5757
f 6191/5066/5761 6194/5069/5764 6192/5067/5762
f 6192/5067/5762 6194/5069/5764 6195/5070/5765
f 6192/5067/5762 6195/5070/5765 6196/5071/5766
f 6197/5072/5767 6192/5067/5762 6196/5071/5766
f 6192/5067/5762 6197/5072/5767 6182/5057/5755
f 6198/5073/5768 6182/5057/5755 6197/5072/5767
f 6198/5073/5768 6197/5072/5767 6199/5074/5769
f 6199/5074/5769 6197/5072/5767 6200/5075/5770
f 6197/5072/5767 6196/5071/5766 6200/5075/5770
f 6199/5074/5769 6200/5075/5770 6201/5076/5771
f 6199/5074/5769 6201/5076/5771 6202/5077/5772
f 6199/5074/5769 6202/5077/5772 6203/5078/5773
f 6203/5078/5773 6202/5077/5772 6204/5079/5774
f 6203/5078/5773 6204/5079/5774 6205/5080/5775
f 6206/5081/5776 6203/5078/5773 6205/5080/5775
f 6207/5082/5777 6203/5078/5773 6206/5081/5776
f 6203/5078/5773 6207/5082/5777 6199/5074/5769
f 6198/5073/5768 6199/5074/5769 6207/5082/5777
f 6207/5082/5777 6206/5081/5776 6208/5083/5778
f 6208/5083/5778 6206/5081/5776 6209/5084/5779
f 6208/5083/5778 6209/5084/5779 6210/5085/5470
f 6211/5086/5780 6208/5083/5778 6210/5085/5470
f 6212/5087/5781 6211/5086/5780 6210/5085/5470
f 6212/5087/5781 6210/5085/5470 6213/5088/5782
f 6212/5087/5781 6213/5088/5782 6214/5089/5783
f 6212/5087/5781 6214/5089/5783 6215/5090/5784
f 6216/5091/5785 6212/5087/5781 6215/5090/5784
f 6216/5091/5785 6215/5090/5784 6217/5092/5786
f 6216/5091/5785 6217/5092/5786 6218/5093/5787
f 6218/5093/5787 6217/5092/5786 6219/5094/5788
f 6218/5093/5787 6219/5094/5788 6220/5095/5789
f 6221/5096/5790 6220/5095/5789 6219/5094/5788
f 6221/5096/5790 6222/5097/5791 6220/5095/5789
f 6216/5091/5785 6223/5098/5792 6212/5087/5781
f 6211/5086/5780 6212/5087/5781 6223/5098/5792
f 6213/5088/5782 6224/5099/5721 6214/5089/5783
f 6225/5100/5793 6214/5089/5783 6224/5099/5721
f 6225/5100/5793 6217/5092/5786 6215/5090/5784
f 6225/5100/5793 6215/5090/5784 6214/5089/5783
f 6225/5100/5793 6224/5099/5721 6226/5101/5794
f 6213/5088/5782 6227/5102/5795 6224/5099/5721
f 6227/5102/5795 6213/5088/5782 6210/5085/5470
f 6227/5102/5795 6210/5085/5470 6209/5084/5779
f 6209/5084/5779 6228/5103/5796 6227/5102/5795
f 6228/5103/5796 6224/5099/5721 6227/5102/5795
f 6209/5084/5779 6229/5104/5797 6228/5103/5796
f 6228/5103/5796 6230/5105/5798 6224/5099/5721
f 6230/5105/5798 6226/5101/5794 6224/5099/5721
f 6230/5105/5798 6231/5106/5625 6226/5101/5794
f 6229/5104/5797 6209/5084/5779 6206/5081/5776
f 6229/5104/5797 6206/5081/5776 6232/5107/5799
f 6206/5081/5776 6205/5080/5775 6232/5107/5799
f 6233/5108/5800 6225/5100/5793 6226/5101/5794
f 6233/5108/5800 6226/5101/5794 6234/5109/5801
f 6231/5106/5625 6234/5109/5801 6226/5101/5794
f 6233/5108/5800 6234/5109/5801 6235/5110/5802
f 6233/5108/5800 6235/5110/5802 6236/5111/5803
f 6233/5108/5800 6217/5092/5786 6225/5100/5793
f 6233/5108/5800 6219/5094/5788 6217/5092/5786
f 6233/5108/5800 6236/5111/5803 6221/5096/5790
f 6233/5108/5800 6221/5096/5790 6219/5094/5788
f 6231/5106/5625 6237/5112/5804 6234/5109/5801
f 6237/5112/5804 6235/5110/5802 6234/5109/5801
f 6237/5112/5804 6238/5113/5805 6235/5110/5802
f 6238/5113/5805 6236/5111/5803 6235/5110/5802
f 6238/5113/5805 6239/5114/5806 6236/5111/5803
f 6222/5097/5791 6221/5096/5790 6236/5111/5803
f 6222/5097/5791 6236/5111/5803 6239/5114/5806
f 6211/5086/5780 6240/5115/5807 6208/5083/5778
f 6208/5083/5778 6240/5115/5807 6241/5116/5808
f 6208/5083/5778 6241/5116/5808 6207/5082/5777
f 6198/5073/5768 6207/5082/5777 6241/5116/5808
f 6198/5073/5768 6241/5116/5808 6242/5117/5809
f 6243/5118/5810 6198/5073/5768 6242/5117/5809
f 6243/5118/5810 6167/5042/5743 6198/5073/5768
f 6243/5118/5810 6164/5039/5741 6167/5042/5743
f 6244/5119/5778 6164/5039/5741 6243/5118/5810
f 6244/5119/5778 6161/5036/5740 6164/5039/5741
f 6244/5119/5778 6152/5027/5732 6161/5036/5740
f 6244/5119/5778 6134/5009/5470 6152/5027/5732
f 6144/5019/5726 6152/5027/5732 6134/5009/5470
f 6244/5119/5778 6135/5010/5718 6134/5009/5470
f 6244/5119/5778 6245/5120/5811 6135/5010/5718
f 6243/5118/5810 6242/5117/5809 6245/5120/5811
f 6243/5118/5810 6245/5120/5811 6244/5119/5778
f 6245/5120/5811 6242/5117/5809 6246/5121/5622
f 6241/5116/5808 6246/5121/5622 6242/5117/5809
f 6245/5120/5811 6246/5121/5622 6247/5122/5798
f 6135/5010/5718 6245/5120/5811 6247/5122/5798
f 6135/5010/5718 6247/5122/5798 6137/5012/5625
f 6167/5042/5743 6182/5057/5755 6198/5073/5768
f 6241/5116/5808 6248/5123/5619 6246/5121/5622
f 6240/5115/5807 6248/5123/5619 6241/5116/5808
f 6240/5115/5807 6249/5124/5627 6248/5123/5619
f 6250/5125/5812 6249/5124/5627 6240/5115/5807
f 6250/5125/5812 6240/5115/5807 6211/5086/5780
f 6211/5086/5780 6223/5098/5792 6250/5125/5812
f 6251/5126/5813 6252/5127/5672 6204/5079/5774
f 6251/5126/5813 6204/5079/5774 6202/5077/5772
f 6253/5128/5814 6251/5126/5813 6202/5077/5772
f 6253/5128/5814 6202/5077/5772 6254/5129/5815
f 6253/5128/5814 6255/5130/5816 6251/5126/5813
f 6252/5127/5672 6251/5126/5813 6255/5130/5816
f 6253/5128/5814 6256/5131/5817 6255/5130/5816
f 6257/5132/5818 6255/5130/5816 6256/5131/5817
f 6257/5132/5818 6256/5131/5817 6258/5133/5819
f 6258/5133/5819 6259/5134/5820 6257/5132/5818
f 6258/5133/5819 6260/5135/5821 6259/5134/5820
f 6261/5136/5708 6257/5132/5818 6259/5134/5820
f 6261/5136/5708 6262/5137/5709 6257/5132/5818
f 6262/5137/5709 6255/5130/5816 6257/5132/5818
f 6262/5137/5709 6263/5138/5822 6255/5130/5816
f 6252/5127/5672 6255/5130/5816 6263/5138/5822
f 6260/5135/5821 6264/5139/5823 6259/5134/5820
f 6264/5139/5823 6261/5136/5708 6259/5134/5820
f 6260/5135/5821 6265/5140/5297 6264/5139/5823
f 6264/5139/5823 6266/5141/5706 6261/5136/5708
f 6267/5142/5824 6266/5141/5706 6264/5139/5823
f 6267/5142/5824 6264/5139/5823 6265/5140/5297
f 6267/5142/5824 6268/5143/5707 6266/5141/5706
f 6269/5144/5825 6268/5143/5707 6267/5142/5824
f 6269/5144/5825 6270/5145/5698 6268/5143/5707
f 6271/5146/5826 6270/5145/5698 6269/5144/5825
f 6271/5146/5826 6272/5147/5697 6270/5145/5698
f 6273/5148/5827 6272/5147/5697 6271/5146/5826
f 6273/5148/5827 6274/5149/5694 6272/5147/5697
f 6273/5148/5827 6271/5146/5826 6275/5150/5828
f 6269/5144/5825 6267/5142/5824 6275/5150/5828
f 6269/5144/5825 6275/5150/5828 6271/5146/5826
f 6267/5142/5824 6265/5140/5297 6275/5150/5828
f 6265/5140/5297 6276/5151/5829 6275/5150/5828
f 6273/5148/5827 6275/5150/5828 6276/5151/5829
f 6265/5140/5297 6277/5152/5830 6276/5151/5829
f 6260/5135/5821 6277/5152/5830 6265/5140/5297
f 6260/5135/5821 6278/5153/5688 6277/5152/5830
f 6260/5135/5821 6279/5154/5831 6278/5153/5688
f 6260/5135/5821 6258/5133/5819 6279/5154/5831
f 6279/5154/5831 6258/5133/5819 6256/5131/5817
f 6279/5154/5831 6256/5131/5817 6280/5155/5681
f 6280/5155/5681 6256/5131/5817 6253/5128/5814
f 6280/5155/5681 6253/5128/5814 6281/5156/5682
f 6282/5157/5684 6281/5156/5682 6253/5128/5814
f 6282/5157/5684 6253/5128/5814 6254/5129/5815
f 6283/5158/5686 6282/5157/5684 6254/5129/5815
f 6283/5158/5686 6254/5129/5815 6201/5076/5771
f 6254/5129/5815 6202/5077/5772 6201/5076/5771
f 6284/5159/5832 6283/5158/5686 6201/5076/5771
f 6284/5159/5832 6201/5076/5771 6200/5075/5770
f 6200/5075/5770 6285/5160/5833 6284/5159/5832
f 6200/5075/5770 6196/5071/5766 6285/5160/5833
f 6196/5071/5766 6286/5161/5834 6285/5160/5833
f 6196/5071/5766 6195/5070/5765 6286/5161/5834
f 6287/5162/5835 6286/5161/5834 6195/5070/5765
f 6287/5162/5835 6288/5163/5836 6286/5161/5834
f 6287/5162/5835 6289/5164/5837 6288/5163/5836
f 6287/5162/5835 6290/5165/5838 6289/5164/5837
f 6290/5165/5838 6291/5166/5839 6289/5164/5837
f 6290/5165/5838 6292/5167/5840 6291/5166/5839
f 6293/5168/5841 6287/5162/5835 6195/5070/5765
f 6194/5069/5764 6293/5168/5841 6195/5070/5765
f 6194/5069/5764 6294/5169/5842 6293/5168/5841
f 6293/5168/5841 6294/5169/5842 6295/5170/5843
f 6296/5171/5844 6293/5168/5841 6295/5170/5843
f 6296/5171/5844 6297/5172/5845 6293/5168/5841
f 6287/5162/5835 6293/5168/5841 6297/5172/5845
f 6287/5162/5835 6297/5172/5845 6290/5165/5838
f 6194/5069/5764 6298/5173/5846 6294/5169/5842
f 6194/5069/5764 6191/5066/5761 6298/5173/5846
f 6191/5066/5761 6190/5065/5760 6298/5173/5846
f 6299/5174/5847 6295/5170/5843 6294/5169/5842
f 6299/5174/5847 6300/5175/5848 6295/5170/5843
f 6301/5176/5849 6296/5171/5844 6295/5170/5843
f 6295/5170/5843 6300/5175/5848 6301/5176/5849
f 6302/5177/5850 6296/5171/5844 6301/5176/5849
f 6302/5177/5850 6303/5178/5851 6296/5171/5844
f 6304/5179/5527 6298/5173/5846 6190/5065/5760
f 6305/5180/5528 6304/5179/5527 6190/5065/5760
f 6305/5180/5528 6190/5065/5760 6188/5063/5532
f 6304/5179/5527 6306/5181/5852 6298/5173/5846
f 6306/5181/5852 6299/5174/5847 6294/5169/5842
f 6306/5181/5852 6294/5169/5842 6298/5173/5846
f 6296/5171/5844 6303/5178/5851 6307/5182/5853
f 6296/5171/5844 6307/5182/5853 6297/5172/5845
f 6290/5165/5838 6297/5172/5845 6307/5182/5853
f 6290/5165/5838 6307/5182/5853 6292/5167/5840
f 6292/5167/5840 6307/5182/5853 6308/5183/5854
f 6303/5178/5851 6308/5183/5854 6307/5182/5853
f 6292/5167/5840 6308/5183/5854 6309/5184/5855
f 6291/5166/5839 6292/5167/5840 6309/5184/5855
f 6291/5166/5839 6309/5184/5855 6310/5185/5856
f 6311/5186/5857 6310/5185/5856 6309/5184/5855
f 6311/5186/5857 6309/5184/5855 6312/5187/5858
f 6311/5186/5857 6312/5187/5858 6313/5188/5859
f 6313/5188/5859 6312/5187/5858 6314/5189/5860
f 6313/5188/5859 6314/5189/5860 6315/5190/5630
f 6315/5190/5630 6314/5189/5860 6316/5191/5861
f 6315/5190/5630 6316/5191/5861 6317/5192/5862
f 6316/5191/5861 6314/5189/5860 6318/5193/5863
f 6312/5187/5858 6318/5193/5863 6314/5189/5860
f 6316/5191/5861 6318/5193/5863 6319/5194/5864
f 6316/5191/5861 6319/5194/5864 6320/5195/5865
f 6316/5191/5861 6320/5195/5865 6317/5192/5862
f 6318/5193/5863 6321/5196/5866 6319/5194/5864
f 6318/5193/5863 6322/5197/5867 6321/5196/5866
f 6312/5187/5858 6323/5198/5868 6318/5193/5863
f 6309/5184/5855 6323/5198/5868 6312/5187/5858
f 6309/5184/5855 6308/5183/5854 6323/5198/5868
f 6324/5199/5869 6323/5198/5868 6308/5183/5854
f 6303/5178/5851 6324/5199/5869 6308/5183/5854
f 6324/5199/5869 6325/5200/5870 6323/5198/5868
f 6325/5200/5870 6322/5197/5867 6318/5193/5863
f 6325/5200/5870 6318/5193/5863 6323/5198/5868
f 6302/5177/5850 6324/5199/5869 6303/5178/5851
f 6302/5177/5850 6326/5201/5871 6324/5199/5869
f 6327/5202/5872 6325/5200/5870 6324/5199/5869
f 6327/5202/5872 6324/5199/5869 6326/5201/5871
f 6327/5202/5872 6328/5203/5873 6325/5200/5870
f 6328/5203/5873 6322/5197/5867 6325/5200/5870
f 6328/5203/5873 6329/5204/5874 6322/5197/5867
f 6329/5204/5874 6321/5196/5866 6322/5197/5867
f 6329/5204/5874 6330/5205/5875 6321/5196/5866
f 6330/5205/5875 6331/5206/5876 6321/5196/5866
f 6331/5206/5876 6320/5195/5865 6319/5194/5864
f 6321/5196/5866 6331/5206/5876 6319/5194/5864
f 6332/5207/5877 6183/5058/5756 6178/5053/5751
f 6332/5207/5877 6178/5053/5751 6177/5052/5551
f 6333/5208/5878 6183/5058/5756 6332/5207/5877
f 6333/5208/5878 6185/5060/5758 6183/5058/5756
f 6334/5209/5879 6185/5060/5758 6333/5208/5878
f 6334/5209/5879 6189/5064/5548 6185/5060/5758
f 6165/5040/5570 6335/5210/5571 6171/5046/5747
f 6335/5210/5571 6336/5211/5880 6171/5046/5747
f 6337/5212/5881 6171/5046/5747 6336/5211/5880
f 6338/5213/5882 6337/5212/5881 6336/5211/5880
f 6337/5212/5881 6338/5213/5882 6339/5214/5883
f 6339/5214/5883 6338/5213/5882 6340/5215/5884
f 6339/5214/5883 6340/5215/5884 6341/5216/5885
f 6340/5215/5884 6342/5217/5886 6341/5216/5885
f 6340/5215/5884 6343/5218/5887 6342/5217/5886
f 6337/5212/5881 6339/5214/5883 6344/5219/5888
f 6338/5213/5882 6336/5211/5880 6345/5220/5889
f 6345/5220/5889 6340/5215/5884 6338/5213/5882
f 6337/5212/5881 6170/5045/5746 6171/5046/5747
f 6170/5045/5746 6337/5212/5881 6344/5219/5888
f 6170/5045/5746 6344/5219/5888 6173/5048/5749
f 6340/5215/5884 6346/5221/5890 6343/5218/5887
f 6347/5222/5891 6343/5218/5887 6346/5221/5890
f 6347/5222/5891 6342/5217/5886 6343/5218/5887
f 6347/5222/5891 6346/5221/5890 6348/5223/5892
f 6347/5222/5891 6348/5223/5892 6349/5224/5893
f 6347/5222/5891 6349/5224/5893 6350/5225/5894
f 6340/5215/5884 6351/5226/5895 6346/5221/5890
f 6345/5220/5889 6351/5226/5895 6340/5215/5884
f 6347/5222/5891 6352/5227/5896 6342/5217/5886
f 6347/5222/5891 6350/5225/5894 6353/5228/5591
f 6347/5222/5891 6353/5228/5591 6352/5227/5896
f 6350/5225/5894 6354/5229/5592 6353/5228/5591
f 6350/5225/5894 6355/5230/5897 6354/5229/5592
f 6350/5225/5894 6349/5224/5893 6356/5231/5898
f 6350/5225/5894 6356/5231/5898 6355/5230/5897
f 6357/5232/5899 6351/5226/5895 6345/5220/5889
f 6357/5232/5899 6345/5220/5889 6358/5233/5603
f 6359/5234/5900 6358/5233/5603 6345/5220/5889
f 6359/5234/5900 6345/5220/5889 6336/5211/5880
f 6335/5210/5571 6359/5234/5900 6336/5211/5880
f 6360/5235/5901 6351/5226/5895 6357/5232/5899
f 6360/5235/5901 6346/5221/5890 6351/5226/5895
f 6349/5224/5893 6361/5236/5902 6356/5231/5898
f 6348/5223/5892 6346/5221/5890 6360/5235/5901
f 6348/5223/5892 6360/5235/5901 6361/5236/5902
f 6349/5224/5893 6348/5223/5892 6361/5236/5902
f 6362/5237/5903 6363/5238/5904 6364/5239/5630
f 6362/5237/5903 6364/5239/5630 6365/5240/5905
f 6363/5238/5904 6366/5241/5859 6364/5239/5630
f 6367/5242/5906 6366/5241/5859 6363/5238/5904
f 6367/5242/5906 6363/5238/5904 6368/5243/5907
f 6363/5238/5904 6362/5237/5903 6368/5243/5907
f 6367/5242/5906 6368/5243/5907 6369/5244/5678
f 6368/5243/5907 6370/5245/5908 6369/5244/5678
f 6371/5246/5909 6369/5244/5678 6370/5245/5908
f 6371/5246/5909 6372/5247/5910 6369/5244/5678
f 6368/5243/5907 6373/5248/5911 6370/5245/5908
f 6367/5242/5906 6374/5249/5912 6366/5241/5859
f 6362/5237/5903 6365/5240/5905 6375/5250/5913
f 6376/5251/5914 6375/5250/5913 6365/5240/5905
f 6377/5252/5915 6362/5237/5903 6375/5250/5913
f 6376/5251/5914 6377/5252/5915 6375/5250/5913
f 6377/5252/5915 6378/5253/5916 6362/5237/5903
f 6378/5253/5916 6373/5248/5911 6368/5243/5907
f 6378/5253/5916 6368/5243/5907 6362/5237/5903
f 6377/5252/5915 6379/5254/5917 6378/5253/5916
f 6377/5252/5915 6380/5255/5918 6379/5254/5917
f 6376/5251/5914 6380/5255/5918 6377/5252/5915
f 6381/5256/5919 6373/5248/5911 6378/5253/5916
f 6381/5256/5919 6378/5253/5916 6379/5254/5917
f 6382/5257/5920 6370/5245/5908 6373/5248/5911
f 6382/5257/5920 6373/5248/5911 6381/5256/5919
f 6382/5257/5920 6383/5258/5921 6370/5245/5908
f 6384/5259/5871 6371/5246/5909 6370/5245/5908
f 6384/5259/5871 6370/5245/5908 6383/5258/5921
f 6385/5260/5850 6371/5246/5909 6384/5259/5871
f 6385/5260/5850 6386/5261/5922 6371/5246/5909
f 6387/5262/5923 6386/5261/5922 6385/5260/5850
f 6387/5262/5923 6388/5263/5924 6386/5261/5922
f 6388/5263/5924 6389/5264/5925 6386/5261/5922
f 6388/5263/5924 6390/5265/5926 6389/5264/5925
f 6388/5263/5924 6387/5262/5923 6391/5266/5927
f 6392/5267/5928 6390/5265/5926 6388/5263/5924
f 6392/5267/5928 6388/5263/5924 6391/5266/5927
f 6393/5268/5847 6392/5267/5928 6391/5266/5927
f 6393/5268/5847 6394/5269/5929 6392/5267/5928
f 6386/5261/5922 6389/5264/5925 6372/5247/5910
f 6386/5261/5922 6372/5247/5910 6371/5246/5909
f 6392/5267/5928 6395/5270/5930 6390/5265/5926
f 6389/5264/5925 6390/5265/5926 6395/5270/5930
f 6392/5267/5928 6396/5271/5931 6395/5270/5930
f 6394/5269/5929 6396/5271/5931 6392/5267/5928
f 6394/5269/5929 5937/4812/5522 6396/5271/5931
f 6372/5247/5910 6389/5264/5925 6397/5272/5932
f 6389/5264/5925 6395/5270/5930 6397/5272/5932
f 6372/5247/5910 6397/5272/5932 6398/5273/5933
f 6369/5244/5678 6372/5247/5910 6398/5273/5933
f 6369/5244/5678 6398/5273/5933 6367/5242/5906
f 6393/5268/5847 5939/4814/5524 6394/5269/5929
f 5939/4814/5524 5937/4812/5522 6394/5269/5929
f 6393/5268/5847 5941/4816/5526 5939/4814/5524
f 6396/5271/5931 5937/4812/5522 6399/5274/5934
f 6400/5275/5935 6395/5270/5930 6396/5271/5931
f 6396/5271/5931 6399/5274/5934 6400/5275/5935
f 6400/5275/5935 6401/5276/5936 6395/5270/5930
f 6401/5276/5936 6397/5272/5932 6395/5270/5930
f 6401/5276/5936 6402/5277/5839 6397/5272/5932
f 6402/5277/5839 6398/5273/5933 6397/5272/5932
f 5937/4812/5522 5934/4809/5520 6399/5274/5934
f 6399/5274/5934 5934/4809/5520 5927/4802/5513
f 6399/5274/5934 5927/4802/5513 6403/5278/5833
f 6403/5278/5833 5927/4802/5513 5929/4804/5515
f 6403/5278/5833 5929/4804/5515 6404/5279/5832
f 6102/4977/5686 6404/5279/5832 5929/4804/5515
f 6402/5277/5839 6405/5280/5856 6398/5273/5933
f 6405/5280/5856 6367/5242/5906 6398/5273/5933
f 6405/5280/5856 6374/5249/5912 6367/5242/5906
f 6406/4796/5937 6407/5281/5938 6408/4793/5939
f 6407/5281/5938 6409/4794/5940 6408/4793/5939
f 6406/4796/5937 6408/4793/5939 6410/4905/5941
f 6406/4796/5937 6410/4905/5941 6411/4904/5942
f 6412/4907/5943 6410/4905/5941 6408/4793/5939
f 6412/4907/5943 6413/4906/5944 6410/4905/5941
f 6411/4904/5942 6410/4905/5941 6413/4906/5944
f 6412/4907/5943 6414/4908/5945 6413/4906/5944
f 6415/4799/5946 6409/4794/5940 6407/5281/5938
f 6415/4799/5946 6416/4953/5947 6409/4794/5940
f 6415/4799/5946 6417/4803/5948 6416/4953/5947
f 6415/4799/5946 6418/4802/5949 6417/4803/5948
f 6409/4794/5940 6419/4961/5950 6408/4793/5939
f 6412/4907/5943 6408/4793/5939 6419/4961/5950
f 6409/4794/5940 6420/4954/5951 6419/4961/5950
f 6421/4960/5952 6414/4908/5945 6412/4907/5943
f 6421/4960/5952 6412/4907/5943 6419/4961/5950
f 6421/4960/5952 6419/4961/5950 6420/4954/5951
f 6422/5282/5953 6414/4908/5945 6421/4960/5952
f 6422/5282/5953 6423/4911/5954 6414/4908/5945
f 6424/4951/5955 6416/4953/5947 6417/4803/5948
f 6424/4951/5955 6425/4950/5956 6416/4953/5947
f 6422/5282/5953 6421/4960/5952 6426/4959/5957
f 6421/4960/5952 6420/4954/5951 6426/4959/5957
f 6422/5282/5953 6426/4959/5957 6427/5283/5958
f 6416/4953/5947 6425/4950/5956 6428/4947/5959
f 6428/4947/5959 6420/4954/5951 6409/4794/5940
f 6416/4953/5947 6428/4947/5959 6409/4794/5940
f 6424/4951/5955 6429/4949/5960 6425/4950/5956
f 6428/4947/5959 6425/4950/5956 6429/4949/5960
f 6424/4951/5955 6430/4952/5961 6429/4949/5960
f 6431/4955/5962 6426/4959/5957 6420/4954/5951
f 6428/4947/5959 6429/4949/5960 6432/4948/5963
f 6420/4954/5951 6428/4947/5959 6432/4948/5963
f 6420/4954/5951 6432/4948/5963 6431/4955/5962
f 6432/4948/5963 6429/4949/5960 6433/4956/5964
f 6430/4952/5961 6433/4956/5964 6429/4949/5960
f 6432/4948/5963 6433/4956/5964 6434/4957/5965
f 6431/4955/5962 6432/4948/5963 6434/4957/5965
f 6434/4957/5965 6433/4956/5964 6435/4965/5966
f 6434/4957/5965 6435/4965/5966 6436/4964/5967
f 6437/4963/5968 6434/4957/5965 6436/4964/5967
f 6437/4963/5968 6438/4962/5969 6434/4957/5965
f 6431/4955/5962 6434/4957/5965 6438/4962/5969
f 6430/4952/5961 6439/4958/5970 6433/4956/5964
f 6439/4958/5970 6435/4965/5966 6433/4956/5964
f 6439/4958/5970 6440/4966/5971 6435/4965/5966
f 6441/4969/5972 6435/4965/5966 6440/4966/5971
f 6441/4969/5972 6442/4996/5973 6435/4965/5966
f 6436/4964/5967 6435/4965/5966 6442/4996/5973
f 6443/4968/5974 6441/4969/5972 6440/4966/5971
f 6443/4968/5974 6440/4966/5971 6444/4967/5975
f 6439/4958/5970 6444/4967/5975 6440/4966/5971
f 6436/4964/5967 6442/4996/5973 6445/4995/5976
f 6437/4963/5968 6436/4964/5967 6445/4995/5976
f 6446/4994/5977 6445/4995/5976 6442/4996/5973
f 6446/4994/5977 6447/4993/5978 6445/4995/5976
f 6447/4993/5978 6446/4994/5977 6448/4991/5979
f 6446/4994/5977 6449/5001/5980 6448/4991/5979
f 6446/4994/5977 6450/5002/5981 6449/5001/5980
f 6442/4996/5973 6441/4969/5972 6450/5002/5981
f 6442/4996/5973 6450/5002/5981 6446/4994/5977
f 6447/4993/5978 6448/4991/5979 6451/4992/5982
f 6448/4991/5979 6452/4990/5983 6451/4992/5982
f 6448/4991/5979 6453/4987/5984 6452/4990/5983
f 6452/4990/5983 6454/4998/5985 6451/4992/5982
f 6452/4990/5983 6455/4989/5986 6454/4998/5985
f 6454/4998/5985 6456/4997/5987 6451/4992/5982
f 6456/4997/5987 6447/4993/5978 6451/4992/5982
f 6456/4997/5987 6457/4999/5988 6447/4993/5978
f 6457/4999/5988 6445/4995/5976 6447/4993/5978
f 6457/4999/5988 6458/5000/5989 6445/4995/5976
f 6437/4963/5968 6445/4995/5976 6458/5000/5989
f 6459/4988/5990 6455/4989/5986 6452/4990/5983
f 6459/4988/5990 6452/4990/5983 6453/4987/5984
f 6460/4986/5991 6459/4988/5990 6453/4987/5984
f 6448/4991/5979 6449/5001/5980 6460/4986/5991
f 6448/4991/5979 6460/4986/5991 6453/4987/5984
f 6460/4986/5991 6461/4985/5992 6459/4988/5990
f 6462/4983/5993 6461/4985/5992 6460/4986/5991
f 6462/4983/5993 6460/4986/5991 6449/5001/5980
f 6463/4981/5994 6462/4983/5993 6449/5001/5980
f 6450/5002/5981 6463/4981/5994 6449/5001/5980
f 6450/5002/5981 6464/4978/5995 6463/4981/5994
f 6441/4969/5972 6464/4978/5995 6450/5002/5981
f 6441/4969/5972 6443/4968/5974 6464/4978/5995
f 6464/4978/5995 6465/4980/5996 6463/4981/5994
f 6464/4978/5995 6466/4979/5997 6465/4980/5996
f 6467/4982/5998 6462/4983/5993 6463/4981/5994
f 6467/4982/5998 6463/4981/5994 6465/4980/5996
f 6468/4984/5999 6461/4985/5992 6462/4983/5993
f 6468/4984/5999 6462/4983/5993 6467/4982/5998
f 6464/4978/5995 6443/4968/5974 6469/4970/6000
f 6464/4978/5995 6469/4970/6000 6466/4979/5997
f 6444/4967/5975 6469/4970/6000 6443/4968/5974
f 6444/4967/5975 6470/4971/6001 6469/4970/6000
f 6444/4967/5975 6471/4972/6002 6470/4971/6001
f 6444/4967/5975 6472/4973/6003 6471/4972/6002
f 6473/4975/6004 6471/4972/6002 6472/4973/6003
f 6473/4975/6004 6474/4974/5655 6471/4972/6002
f 6439/4958/5970 6472/4973/6003 6444/4967/5975
f 6473/4975/6004 6472/4973/6003 6439/4958/5970
f 6473/4975/6004 6439/4958/5970 6430/4952/5961
f 6430/4952/5961 6475/4976/6005 6473/4975/6004
f 6475/4976/6005 6474/4974/5655 6473/4975/6004
f 6430/4952/5961 6424/4951/5955 6475/4976/6005
f 6424/4951/5955 6476/4804/6006 6475/4976/6005
f 6424/4951/5955 6417/4803/5948 6476/4804/6006
f 6475/4976/6005 6477/4977/6007 6474/4974/5655
f 6476/4804/6006 6477/4977/6007 6475/4976/6005
f 6476/4804/6006 6478/5279/6008 6477/4977/6007
f 6476/4804/6006 6479/5278/6009 6478/5279/6008
f 6476/4804/6006 6418/4802/5949 6479/5278/6009
f 6417/4803/5948 6418/4802/5949 6476/4804/6006
f 6418/4802/5949 6480/5274/6010 6479/5278/6009
f 6418/4802/5949 6481/4809/6011 6480/5274/6010
f 6482/4812/6012 6480/5274/6010 6481/4809/6011
f 6482/4812/6012 6483/5271/6013 6480/5274/6010
f 6484/5269/6014 6483/5271/6013 6482/4812/6012
f 6482/4812/6012 6485/4814/6015 6484/5269/6014
f 6485/4814/6015 6486/5268/6016 6484/5269/6014
f 6485/4814/6015 6487/4816/6017 6486/5268/6016
f 6482/4812/6012 6488/4810/6018 6485/4814/6015
f 6488/4810/6018 6482/4812/6012 6481/4809/6011
f 6484/5269/6014 6489/5267/6019 6483/5271/6013
f 6486/5268/6016 6489/5267/6019 6484/5269/6014
f 6489/5267/6019 6486/5268/6016 6490/5266/6020
f 6491/4813/6021 6485/4814/6015 6488/4810/6018
f 6491/4813/6021 6487/4816/6017 6485/4814/6015
f 6491/4813/6021 6488/4810/6018 6492/4811/6022
f 6492/4811/6022 6488/4810/6018 6493/4801/6023
f 6488/4810/6018 6481/4809/6011 6493/4801/6023
f 6493/4801/6023 6481/4809/6011 6418/4802/5949
f 6492/4811/6022 6494/5284/6024 6491/4813/6021
f 6493/4801/6023 6418/4802/5949 6415/4799/5946
f 6493/4801/6023 6415/4799/5946 6495/4800/6025
f 6492/4811/6022 6493/4801/6023 6495/4800/6025
f 6415/4799/5946 6496/4798/6026 6495/4800/6025
f 6497/4805/6027 6495/4800/6025 6496/4798/6026
f 6497/4805/6027 6494/5284/6024 6492/4811/6022
f 6497/4805/6027 6492/4811/6022 6495/4800/6025
f 6497/4805/6027 6496/4798/6026 6498/5285/6028
f 6499/5286/6029 6498/5285/6028 6496/4798/6026
f 6499/5286/6029 6496/4798/6026 6500/5287/6030
f 6501/4833/6031 6499/5286/6029 6500/5287/6030
f 6502/4857/6032 6501/4833/6031 6500/5287/6030
f 6502/4857/6032 6500/5287/6030 6503/4797/6033
f 6503/4797/6033 6500/5287/6030 6496/4798/6026
f 6501/4833/6031 6504/5288/6034 6499/5286/6029
f 6505/4840/6035 6501/4833/6031 6502/4857/6032
f 6506/4843/6036 6505/4840/6035 6502/4857/6032
f 6506/4843/6036 6502/4857/6032 6507/4856/6037
f 6507/4856/6037 6502/4857/6032 6508/4898/6038
f 6508/4898/6038 6502/4857/6032 6503/4797/6033
f 6505/4840/6035 6509/4832/6039 6501/4833/6031
f 6509/4832/6039 6504/5288/6034 6501/4833/6031
f 6509/4832/6039 6510/4831/6040 6504/5288/6034
f 6498/5285/6028 6511/4821/6041 6497/4805/6027
f 6497/4805/6027 6511/4821/6041 6512/4820/6042
f 6497/4805/6027 6512/4820/6042 6494/5284/6024
f 6513/4819/6043 6494/5284/6024 6512/4820/6042
f 6513/4819/6043 6514/5289/6044 6494/5284/6024
f 6504/5288/6034 6510/4831/6040 6515/4830/6045
f 6504/5288/6034 6515/4830/6045 6516/4829/6046
f 6504/5288/6034 6516/4829/6046 6517/4827/6047
f 6504/5288/6034 6517/4827/6047 6499/5286/6029
f 6498/5285/6028 6499/5286/6029 6517/4827/6047
f 6498/5285/6028 6518/4826/6048 6511/4821/6041
f 6498/5285/6028 6517/4827/6047 6518/4826/6048
f 6519/4835/6049 6515/4830/6045 6510/4831/6040
f 6519/4835/6049 6520/4837/6050 6515/4830/6045
f 6510/4831/6040 6509/4832/6039 6521/4834/6051
f 6510/4831/6040 6521/4834/6051 6519/4835/6049
f 6520/4837/6050 6519/4835/6049 6522/4838/6052
f 6520/4837/6050 6522/4838/6052 6523/4839/6053
f 6491/4813/6021 6494/5284/6024 6514/5289/6044
f 6491/4813/6021 6514/5289/6044 6524/4817/6054
f 6491/4813/6021 6524/4817/6054 6487/4816/6017
f 6514/5289/6044 6513/4819/6043 6525/4823/6055
f 6514/5289/6044 6525/4823/6055 6526/4822/6056
f 6525/4823/6055 6527/4824/6053 6526/4822/6056
f 6527/4824/6053 6528/4825/6057 6526/4822/6056
f 6509/4832/6039 6529/4836/6058 6521/4834/6051
f 6529/4836/6058 6509/4832/6039 6505/4840/6035
f 6529/4836/6058 6505/4840/6035 6530/4841/6059
f 6505/4840/6035 6531/4842/6060 6530/4841/6059
f 6505/4840/6035 6506/4843/6036 6531/4842/6060
f 6506/4843/6036 6532/4844/6061 6531/4842/6060
f 6506/4843/6036 6533/4845/6062 6532/4844/6061
f 6533/4845/6062 6534/4846/5255 6532/4844/6061
f 6532/4844/6061 6534/4846/5255 6535/4852/6063
f 6536/4853/6064 6535/4852/6063 6534/4846/5255
f 6536/4853/6064 6534/4846/5255 6537/4848/5582
f 6537/4848/5582 6534/4846/5255 6538/4847/6065
f 6533/4845/6062 6538/4847/6065 6534/4846/5255
f 6537/4848/5582 6538/4847/6065 6539/4849/6066
f 6537/4848/5582 6539/4849/6066 6540/4865/6067
f 6537/4848/5582 6540/4865/6067 6541/4872/5558
f 6536/4853/6064 6537/4848/5582 6541/4872/5558
f 6541/4872/5558 6540/4865/6067 6542/4867/6068
f 6541/4872/5558 6542/4867/6068 6543/4873/5785
f 6544/4876/6069 6541/4872/5558 6543/4873/5785
f 6536/4853/6064 6541/4872/5558 6544/4876/6069
f 6544/4876/6069 6543/4873/5785 6545/4877/6070
f 6545/4877/6070 6543/4873/5785 6546/4875/6071
f 6546/4875/6071 6543/4873/5785 6542/4867/6068
f 6545/4877/6070 6546/4875/6071 6547/4883/6072
f 6546/4875/6071 6548/4878/6073 6547/4883/6072
f 6546/4875/6071 6549/4874/6074 6548/4878/6073
f 6550/4879/6075 6548/4878/6073 6549/4874/6074
f 6550/4879/6075 6549/4874/6074 6551/4880/5792
f 6552/4881/6076 6550/4879/6075 6551/4880/5792
f 6552/4881/6076 6551/4880/5792 6553/4882/6077
f 6554/4884/6078 6553/4882/6077 6551/4880/5792
f 6554/4884/6078 6551/4880/5792 6555/4871/6079
f 6551/4880/5792 6549/4874/6074 6555/4871/6079
f 6549/4874/6074 6546/4875/6071 6556/4869/6080
f 6549/4874/6074 6556/4869/6080 6555/4871/6079
f 6546/4875/6071 6542/4867/6068 6556/4869/6080
f 6554/4884/6078 6555/4871/6079 6557/4870/6081
f 6556/4869/6080 6557/4870/6081 6555/4871/6079
f 6554/4884/6078 6557/4870/6081 6558/5290/6082
f 6559/4888/6083 6558/5290/6082 6557/4870/6081
f 6558/5290/6082 6559/4888/6083 6560/4886/6084
f 6558/5290/6082 6560/4886/6084 6554/4884/6078
f 6554/4884/6078 6560/4886/6084 6553/4882/6077
f 6559/4888/6083 6557/4870/6081 6561/4890/6085
f 6562/4868/6086 6561/4890/6085 6557/4870/6081
f 6556/4869/6080 6562/4868/6086 6557/4870/6081
f 6562/4868/6086 6563/4891/6087 6561/4890/6085
f 6542/4867/6068 6562/4868/6086 6556/4869/6080
f 6542/4867/6068 6564/4866/6088 6562/4868/6086
f 6563/4891/6087 6562/4868/6086 6564/4866/6088
f 6564/4866/6088 6542/4867/6068 6540/4865/6067
f 6564/4866/6088 6540/4865/6067 6565/4864/6089
f 6540/4865/6067 6566/4858/6090 6565/4864/6089
f 6540/4865/6067 6539/4849/6066 6566/4858/6090
f 6539/4849/6066 6567/4850/6091 6566/4858/6090
f 6539/4849/6066 6538/4847/6065 6567/4850/6091
f 6566/4858/6090 6567/4850/6091 6568/4855/6092
f 6566/4858/6090 6568/4855/6092 6569/4859/6093
f 6569/4859/6093 6565/4864/6089 6566/4858/6090
f 6570/4860/6094 6569/4859/6093 6568/4855/6092
f 6570/4860/6094 6571/4861/6095 6569/4859/6093
f 6533/4845/6062 6567/4850/6091 6538/4847/6065
f 6533/4845/6062 6572/4851/6096 6567/4850/6091
f 6567/4850/6091 6572/4851/6096 6573/4854/6097
f 6567/4850/6091 6573/4854/6097 6568/4855/6092
f 6572/4851/6096 6533/4845/6062 6507/4856/6037
f 6573/4854/6097 6572/4851/6096 6507/4856/6037
f 6569/4859/6093 6574/4862/6098 6565/4864/6089
f 6571/4861/6095 6574/4862/6098 6569/4859/6093
f 6565/4864/6089 6574/4862/6098 6575/4892/6099
f 6565/4864/6089 6575/4892/6099 6564/4866/6088
f 6563/4891/6087 6564/4866/6088 6575/4892/6099
f 6571/4861/6095 6576/4863/6100 6574/4862/6098
f 6575/4892/6099 6574/4862/6098 6576/4863/6100
f 6575/4892/6099 6576/4863/6100 6577/4893/6101
f 6578/4894/6102 6563/4891/6087 6575/4892/6099
f 6578/4894/6102 6575/4892/6099 6577/4893/6101
f 6579/4895/6103 6563/4891/6087 6578/4894/6102
f 6579/4895/6103 6561/4890/6085 6563/4891/6087
f 6579/4895/6103 6580/4889/6104 6561/4890/6085
f 6580/4889/6104 6559/4888/6083 6561/4890/6085
f 6580/4889/6104 6581/4887/6105 6559/4888/6083
f 6573/4854/6097 6507/4856/6037 6508/4898/6038
f 6573/4854/6097 6508/4898/6038 6582/5003/6106
f 6508/4898/6038 6583/4900/6107 6582/5003/6106
f 6508/4898/6038 6584/4896/6108 6583/4900/6107
f 6585/4899/6109 6583/4900/6107 6584/4896/6108
f 6586/4901/6110 6583/4900/6107 6585/4899/6109
f 6586/4901/6110 6585/4899/6109 6587/4897/6111
f 6584/4896/6108 6587/4897/6111 6585/4899/6109
f 6586/4901/6110 6587/4897/6111 6588/4903/6112
f 6588/4903/6112 6589/4920/6113 6586/4901/6110
f 6590/4902/6114 6586/4901/6110 6589/4920/6113
f 6586/4901/6110 6590/4902/6114 6583/4900/6107
f 6590/4902/6114 6582/5003/6106 6583/4900/6107
f 6590/4902/6114 6589/4920/6113 6591/4922/6115
f 6592/4921/6116 6591/4922/6115 6589/4920/6113
f 6592/4921/6116 6593/4923/6117 6591/4922/6115
f 6594/4924/6118 6593/4923/6117 6592/4921/6116
f 6594/4924/6118 6595/4925/6119 6593/4923/6117
f 6595/4925/6119 6596/4926/6120 6593/4923/6117
f 6596/4926/6120 6591/4922/6115 6593/4923/6117
f 6595/4925/6119 6597/4927/6121 6596/4926/6120
f 6595/4925/6119 6598/4928/6122 6597/4927/6121
f 6595/4925/6119 6599/4929/6123 6598/4928/6122
f 6599/4929/6123 6595/4925/6119 6594/4924/6118
f 6599/4929/6123 6600/4930/5558 6598/4928/6122
f 6599/4929/6123 6601/4931/6124 6600/4930/5558
f 6602/4935/6125 6601/4931/6124 6599/4929/6123
f 6603/4936/6126 6601/4931/6124 6602/4935/6125
f 6603/4936/6126 6602/4935/6125 6604/4937/6127
f 6602/4935/6125 6605/4940/6128 6604/4937/6127
f 6602/4935/6125 6606/4941/6129 6605/4940/6128
f 6602/4935/6125 6599/4929/6123 6607/4934/6130
f 6599/4929/6123 6594/4924/6118 6607/4934/6130
f 6606/4941/6129 6602/4935/6125 6607/4934/6130
f 6603/4936/6126 6608/4932/6131 6601/4931/6124
f 6608/4932/6131 6600/4930/5558 6601/4931/6124
f 6603/4936/6126 6609/4938/6132 6608/4932/6131
f 6603/4936/6126 6604/4937/6127 6610/4939/6133
f 6603/4936/6126 6610/4939/6133 6609/4938/6132
f 6610/4939/6133 6604/4937/6127 6605/4940/6128
f 6610/4939/6133 6605/4940/6128 6611/4942/6134
f 6606/4941/6129 6607/4934/6130 6612/4945/5684
f 6612/4945/5684 6607/4934/6130 6594/4924/6118
f 6612/4945/5684 6594/4924/6118 6613/4918/6135
f 6613/4918/6135 6594/4924/6118 6592/4921/6116
f 6613/4918/6135 6592/4921/6116 6614/4916/5529
f 6589/4920/6113 6614/4916/5529 6592/4921/6116
f 6589/4920/6113 6615/4913/6136 6614/4916/5529
f 6605/4940/6128 6606/4941/6129 6616/4943/6137
f 6605/4940/6128 6616/4943/6137 6611/4942/6134
f 6617/4944/6138 6616/4943/6137 6606/4941/6129
f 6612/4945/5684 6617/4944/6138 6606/4941/6129
f 6612/4945/5684 6618/4946/6139 6617/4944/6138
f 6613/4918/6135 6618/4946/6139 6612/4945/5684
f 6613/4918/6135 6619/4919/6140 6618/4946/6139
f 6620/4915/6141 6619/4919/6140 6613/4918/6135
f 6620/4915/6141 6613/4918/6135 6614/4916/5529
f 6615/4913/6136 6620/4915/6141 6614/4916/5529
f 6615/4913/6136 6621/4914/6142 6620/4915/6141
f 6588/4903/6112 6615/4913/6136 6589/4920/6113
f 6622/4912/6143 6621/4914/6142 6615/4913/6136
f 6622/4912/6143 6615/4913/6136 6588/4903/6112
f 6411/4904/5942 6622/4912/6143 6588/4903/6112
f 6411/4904/5942 6623/4909/6144 6622/4912/6143
f 6411/4904/5942 6413/4906/5944 6623/4909/6144
f 6624/4910/6145 6623/4909/6144 6413/4906/5944
f 6414/4908/5945 6624/4910/6145 6413/4906/5944
f 6414/4908/5945 6423/4911/5954 6624/4910/6145
f 6624/4910/6145 6625/4917/6146 6623/4909/6144
f 6626/5291/6147 6625/4917/6146 6624/4910/6145
f 6626/5291/6147 6624/4910/6145 6423/4911/5954
f 6626/5291/6147 6627/5292/6148 6625/4917/6146
f 6628/5293/6149 6627/5292/6148 6626/5291/6147
f 6628/5293/6149 6629/5294/6150 6627/5292/6148
f 6630/5295/6151 6628/5293/6149 6626/5291/6147
f 6630/5295/6151 6626/5291/6147 6631/5296/6152
f 6626/5291/6147 6423/4911/5954 6631/5296/6152
f 6632/5297/6153 6631/5296/6152 6423/4911/5954
f 6632/5297/6153 6423/4911/5954 6422/5282/5953
f 6633/5298/6154 6630/5295/6151 6631/5296/6152
f 6633/5298/6154 6631/5296/6152 6632/5297/6153
f 6634/5299/6155 6630/5295/6151 6633/5298/6154
f 6634/5299/6155 6635/5300/6156 6630/5295/6151
f 6636/5301/6142 6634/5299/6155 6633/5298/6154
f 6636/5301/6142 6633/5298/6154 6637/5302/6157
f 6638/5303/6158 6637/5302/6157 6633/5298/6154
f 6638/5303/6158 6633/5298/6154 6632/5297/6153
f 6632/5297/6153 6422/5282/5953 6427/5283/5958
f 6632/5297/6153 6427/5283/5958 6638/5303/6158
f 6634/5299/6155 6636/5301/6142 6639/5304/6141
f 6634/5299/6155 6639/5304/6141 6640/5305/6159
f 6640/5305/6159 6635/5300/6156 6634/5299/6155
f 6639/5304/6141 6641/5306/6160 6640/5305/6159
f 6642/5307/6161 6640/5305/6159 6641/5306/6160
f 6642/5307/6161 6641/5306/6160 6643/5308/6162
f 6644/5309/6163 6642/5307/6161 6643/5308/6162
f 6644/5309/6163 6643/5308/6162 6645/5310/6164
f 6640/5305/6159 6646/5311/6165 6635/5300/6156
f 6642/5307/6161 6644/5309/6163 6646/5311/6165
f 6642/5307/6161 6646/5311/6165 6640/5305/6159
f 6647/5312/6166 6646/5311/6165 6644/5309/6163
f 6648/5313/6167 6647/5312/6166 6644/5309/6163
f 6648/5313/6167 6644/5309/6163 6645/5310/6164
f 6647/5312/6166 6649/5314/6168 6646/5311/6165
f 6650/5315/6169 6635/5300/6156 6646/5311/6165
f 6650/5315/6169 6646/5311/6165 6649/5314/6168
f 6650/5315/6169 6630/5295/6151 6635/5300/6156
f 6650/5315/6169 6628/5293/6149 6630/5295/6151
f 6628/5293/6149 6650/5315/6169 6651/5316/5583
f 6628/5293/6149 6651/5316/5583 6629/5294/6150
f 6650/5315/6169 6649/5314/6168 6652/5317/6170
f 6650/5315/6169 6652/5317/6170 6651/5316/5583
f 6653/5318/6171 6652/5317/6170 6649/5314/6168
f 6647/5312/6166 6648/5313/6167 6653/5318/6171
f 6647/5312/6166 6653/5318/6171 6649/5314/6168
f 6654/5262/6172 6655/5260/6173 6656/5261/6174
f 6654/5262/6172 6656/5261/6174 6657/5263/6175
f 6654/5262/6172 6657/5263/6175 6490/5266/6020
f 6657/5263/6175 6656/5261/6174 6658/5264/6176
f 6657/5263/6175 6658/5264/6176 6659/5265/6177
f 6657/5263/6175 6659/5265/6177 6489/5267/6019
f 6657/5263/6175 6489/5267/6019 6490/5266/6020
f 6660/5270/6178 6489/5267/6019 6659/5265/6177
f 6658/5264/6176 6660/5270/6178 6659/5265/6177
f 6658/5264/6176 6661/5272/6179 6660/5270/6178
f 6661/5272/6179 6662/5276/6180 6660/5270/6178
f 6660/5270/6178 6662/5276/6180 6483/5271/6013
f 6489/5267/6019 6660/5270/6178 6483/5271/6013
f 6661/5272/6179 6663/5277/6181 6662/5276/6180
f 6656/5261/6174 6664/5247/6182 6658/5264/6176
f 6664/5247/6182 6661/5272/6179 6658/5264/6176
f 6656/5261/6174 6665/5246/6183 6664/5247/6182
f 6655/5260/6173 6665/5246/6183 6656/5261/6174
f 6664/5247/6182 6666/5273/6184 6661/5272/6179
f 6666/5273/6184 6663/5277/6181 6661/5272/6179
f 6666/5273/6184 6667/5280/6185 6663/5277/6181
f 6668/5242/6186 6667/5280/6185 6666/5273/6184
f 6668/5242/6186 6669/5249/6187 6667/5280/6185
f 6668/5242/6186 6670/5241/6188 6669/5249/6187
f 6668/5242/6186 6671/5238/6189 6670/5241/6188
f 6668/5242/6186 6672/5243/6190 6671/5238/6189
f 6672/5243/6190 6673/5237/6191 6671/5238/6189
f 6668/5242/6186 6674/5244/5974 6672/5243/6190
f 6666/5273/6184 6664/5247/6182 6674/5244/5974
f 6666/5273/6184 6674/5244/5974 6668/5242/6186
f 6674/5244/5974 6664/5247/6182 6665/5246/6183
f 6671/5238/6189 6675/5239/6192 6670/5241/6188
f 6673/5237/6191 6675/5239/6192 6671/5238/6189
f 6673/5237/6191 6676/5240/6193 6675/5239/6192
f 6677/5319/6194 6675/5239/6192 6676/5240/6193
f 6672/5243/6190 6674/5244/5974 6678/5245/6195
f 6674/5244/5974 6665/5246/6183 6678/5245/6195
f 6672/5243/6190 6678/5245/6195 6679/5248/6196
f 6672/5243/6190 6679/5248/6196 6680/5253/6197
f 6672/5243/6190 6680/5253/6197 6673/5237/6191
f 6681/5252/6198 6673/5237/6191 6680/5253/6197
f 6681/5252/6198 6682/5250/6199 6673/5237/6191
f 6682/5250/6199 6676/5240/6193 6673/5237/6191
f 6682/5250/6199 6683/5251/6200 6676/5240/6193
f 6681/5252/6198 6683/5251/6200 6682/5250/6199
f 6677/5319/6194 6676/5240/6193 6683/5251/6200
f 6681/5252/6198 6684/5255/6201 6683/5251/6200
f 6685/5320/6202 6684/5255/6201 6681/5252/6198
f 6685/5320/6202 6681/5252/6198 6680/5253/6197
f 6680/5253/6197 6679/5248/6196 6686/5256/6203
f 6680/5253/6197 6686/5256/6203 6685/5320/6202
f 6685/5320/6202 6686/5256/6203 6687/5254/6204
f 6685/5320/6202 6687/5254/6204 6684/5255/6201
f 6688/5257/6205 6679/5248/6196 6678/5245/6195
f 6688/5257/6205 6686/5256/6203 6679/5248/6196
f 6688/5257/6205 6678/5245/6195 6689/5258/6206
f 6690/5259/6207 6689/5258/6206 6678/5245/6195
f 6690/5259/6207 6678/5245/6195 6665/5246/6183
f 6655/5260/6173 6690/5259/6207 6665/5246/6183
f 6691/5224/6208 6692/5223/6209 6693/5222/6210
f 6691/5224/6208 6693/5222/6210 6694/5225/6211
f 6695/5221/6212 6693/5222/6210 6692/5223/6209
f 6695/5221/6212 6696/5218/6213 6693/5222/6210
f 6693/5222/6210 6697/5228/6214 6694/5225/6211
f 6698/5229/6077 6694/5225/6211 6697/5228/6214
f 6698/5229/6077 6699/5230/6215 6694/5225/6211
f 6693/5222/6210 6700/5227/6075 6697/5228/6214
f 6693/5222/6210 6696/5218/6213 6701/5217/6073
f 6693/5222/6210 6701/5217/6073 6700/5227/6075
f 6701/5217/6073 6696/5218/6213 6702/5215/6216
f 6695/5221/6212 6702/5215/6216 6696/5218/6213
f 6701/5217/6073 6702/5215/6216 6703/5216/6217
f 6695/5221/6212 6704/5226/6218 6702/5215/6216
f 6702/5215/6216 6705/5214/6070 6703/5216/6217
f 6702/5215/6216 6706/5213/6219 6705/5214/6070
f 6705/5214/6070 6706/5213/6219 6707/5212/6220
f 6705/5214/6070 6707/5212/6220 6708/5219/6221
f 6708/5219/6221 6707/5212/6220 6709/5045/6222
f 6708/5219/6221 6709/5045/6222 6710/5048/6223
f 6709/5045/6222 6711/5047/6224 6710/5048/6223
f 6709/5045/6222 6712/5043/5070 6711/5047/6224
f 6702/5215/6216 6704/5226/6218 6713/5220/6225
f 6702/5215/6216 6713/5220/6225 6706/5213/6219
f 6711/5047/6224 6712/5043/5070 6714/5044/6226
f 6711/5047/6224 6714/5044/6226 6715/5049/6227
f 6709/5045/6222 6716/5041/6228 6712/5043/5070
f 6709/5045/6222 6717/5046/6229 6716/5041/6228
f 6707/5212/6220 6717/5046/6229 6709/5045/6222
f 6718/5042/6230 6714/5044/6226 6712/5043/5070
f 6718/5042/6230 6712/5043/5070 6716/5041/6228
f 6718/5042/6230 6716/5041/6228 6719/5039/6231
f 6719/5039/6231 6716/5041/6228 6720/5040/6232
f 6717/5046/6229 6720/5040/6232 6716/5041/6228
f 6719/5039/6231 6720/5040/6232 6721/5038/6233
f 6721/5038/6233 6722/5036/6234 6719/5039/6231
f 6721/5038/6233 6723/5037/6235 6722/5036/6234
f 6724/5028/6235 6722/5036/6234 6723/5037/6235
f 6724/5028/6235 6725/5027/6236 6722/5036/6234
f 6717/5046/6229 6726/5210/6237 6720/5040/6232
f 6727/5211/6238 6726/5210/6237 6717/5046/6229
f 6707/5212/6220 6727/5211/6238 6717/5046/6229
f 6727/5211/6238 6707/5212/6220 6706/5213/6219
f 6727/5211/6238 6706/5213/6219 6713/5220/6225
f 6727/5211/6238 6728/5234/6239 6726/5210/6237
f 6728/5234/6239 6727/5211/6238 6713/5220/6225
f 6728/5234/6239 6713/5220/6225 6729/5233/6101
f 6713/5220/6225 6730/5232/6240 6729/5233/6101
f 6713/5220/6225 6704/5226/6218 6730/5232/6240
f 6731/5235/6103 6730/5232/6240 6704/5226/6218
f 6731/5235/6103 6704/5226/6218 6695/5221/6212
f 6692/5223/6209 6731/5235/6103 6695/5221/6212
f 6692/5223/6209 6732/5236/6241 6731/5235/6103
f 6691/5224/6208 6732/5236/6241 6692/5223/6209
f 6691/5224/6208 6733/5231/6242 6732/5236/6241
f 6694/5225/6211 6733/5231/6242 6691/5224/6208
f 6694/5225/6211 6699/5230/6215 6733/5231/6242
f 6734/5315/6243 6735/5314/6244 6736/5311/6245
f 6734/5315/6243 6736/5311/6245 6737/5300/6246
f 6738/5305/6247 6737/5300/6246 6736/5311/6245
f 6738/5305/6247 6739/5299/6248 6737/5300/6246
f 6736/5311/6245 6740/5307/6249 6738/5305/6247
f 6736/5311/6245 6741/5309/6250 6740/5307/6249
f 6736/5311/6245 6735/5314/6244 6742/5312/6251
f 6736/5311/6245 6742/5312/6251 6741/5309/6250
f 6743/5317/6252 6735/5314/6244 6734/5315/6243
f 6743/5317/6252 6734/5315/6243 6744/5316/5785
f 6745/5293/6253 6744/5316/5785 6734/5315/6243
f 6745/5293/6253 6746/5294/5792 6744/5316/5785
f 6747/5318/6254 6735/5314/6244 6743/5317/6252
f 6747/5318/6254 6742/5312/6251 6735/5314/6244
f 6747/5318/6254 6748/5313/6255 6742/5312/6251
f 6742/5312/6251 6748/5313/6255 6749/5310/5806
f 6742/5312/6251 6749/5310/5806 6741/5309/6250
f 6749/5310/5806 6740/5307/6249 6741/5309/6250
f 6749/5310/5806 6750/5308/6256 6740/5307/6249
f 6745/5293/6253 6751/5292/6257 6746/5294/5792
f 6745/5293/6253 6752/5291/6258 6751/5292/6257
f 6042/4917/5627 6751/5292/6257 6752/5291/6258
f 6042/4917/5627 6752/5291/6258 6035/4910/5620
f 6752/5291/6258 6036/4911/5621 6035/4910/5620
f 6752/5291/6258 6753/5296/6259 6036/4911/5621
f 6752/5291/6258 6745/5293/6253 6754/5295/6260
f 6752/5291/6258 6754/5295/6260 6753/5296/6259
f 6734/5315/6243 6754/5295/6260 6745/5293/6253
f 6734/5315/6243 6737/5300/6246 6754/5295/6260
f 6739/5299/6248 6754/5295/6260 6737/5300/6246
f 6739/5299/6248 6755/5298/6261 6754/5295/6260
f 6755/5298/6261 6753/5296/6259 6754/5295/6260
f 6755/5298/6261 6756/5297/6262 6753/5296/6259
f 6756/5297/6262 6036/4911/5621 6753/5296/6259
f 6756/5297/6262 6757/5282/6263 6036/4911/5621
f 6758/5301/6264 6755/5298/6261 6739/5299/6248
f 6759/5304/5625 6758/5301/6264 6739/5299/6248
f 6759/5304/5625 6739/5299/6248 6738/5305/6247
f 6759/5304/5625 6738/5305/6247 6760/5306/6265
f 6760/5306/6265 6738/5305/6247 6740/5307/6249
f 6760/5306/6265 6740/5307/6249 6750/5308/6256
f 6758/5301/6264 6761/5302/6266 6755/5298/6261
f 6762/5303/6267 6756/5297/6262 6755/5298/6261
f 6762/5303/6267 6755/5298/6261 6761/5302/6266
f 6763/5283/5799 6757/5282/6263 6756/5297/6262
f 6763/5283/5799 6756/5297/6262 6762/5303/6267
f 6757/5282/6263 6763/5283/5799 6084/4959/5669
f 6757/5282/6263 6084/4959/5669 6085/4960/5670
f 6757/5282/6263 6085/4960/5670 6033/4908/5618
f 6757/5282/6263 6033/4908/5618 6036/4911/5621
f 6764/5004/6268 6570/4860/6094 6582/5003/6106
f 6764/5004/6268 6582/5003/6106 6590/4902/6114
f 6764/5004/6268 6590/4902/6114 6591/4922/6115
f 6764/5004/6268 6591/4922/6115 6765/4933/6120
f 6596/4926/6120 6765/4933/6120 6591/4922/6115
f 6582/5003/6106 6570/4860/6094 6568/4855/6092
f 6573/4854/6097 6582/5003/6106 6568/4855/6092
f 6587/4897/6111 6406/4796/5937 6411/4904/5942
f 6406/4796/5937 6587/4897/6111 6584/4896/6108
f 6503/4797/6033 6406/4796/5937 6584/4896/6108
f 6503/4797/6033 6407/5281/5938 6406/4796/5937
f 6503/4797/6033 6496/4798/6026 6407/5281/5938
f 6415/4799/5946 6407/5281/5938 6496/4798/6026
f 6587/4897/6111 6411/4904/5942 6588/4903/6112
f 6508/4898/6038 6503/4797/6033 6584/4896/6108
f 6766/5108/6269 6767/5111/6270 6768/5110/6271
f 6766/5108/6269 6768/5110/6271 6769/5109/6272
f 6770/5101/6273 6766/5108/6269 6769/5109/6272
f 6770/5101/6273 6771/5100/6274 6766/5108/6269
f 6772/5099/6275 6771/5100/6274 6770/5101/6273
f 6772/5099/6275 6773/5089/6276 6771/5100/6274
f 6774/5090/6277 6771/5100/6274 6773/5089/6276
f 6774/5090/6277 6775/5092/6278 6771/5100/6274
f 6775/5092/6278 6766/5108/6269 6771/5100/6274
f 6775/5092/6278 6776/5094/6279 6766/5108/6269
f 6777/5096/6280 6767/5111/6270 6766/5108/6269
f 6777/5096/6280 6766/5108/6269 6776/5094/6279
f 6778/5088/6281 6773/5089/6276 6772/5099/6275
f 6778/5088/6281 6772/5099/6275 6779/5102/6282
f 6780/5087/6283 6774/5090/6277 6773/5089/6276
f 6780/5087/6283 6773/5089/6276 6778/5088/6281
f 6780/5087/6283 6781/5091/5583 6774/5090/6277
f 6781/5091/5583 6775/5092/6278 6774/5090/6277
f 6780/5087/6283 6782/5098/5590 6781/5091/5583
f 6781/5091/5583 6783/5093/6170 6775/5092/6278
f 6783/5093/6170 6776/5094/6279 6775/5092/6278
f 6783/5093/6170 6784/5095/6284 6776/5094/6279
f 6784/5095/6284 6777/5096/6280 6776/5094/6279
f 6784/5095/6284 6785/5097/6285 6777/5096/6280
f 6779/5102/6282 6786/5085/6286 6778/5088/6281
f 6780/5087/6283 6778/5088/6281 6786/5085/6286
f 6779/5102/6282 6787/5084/6287 6786/5085/6286
f 6788/5086/6288 6782/5098/5590 6780/5087/6283
f 6780/5087/6283 6786/5085/6286 6788/5086/6288
f 6788/5086/6288 6789/5125/6289 6782/5098/5590
f 6789/5125/6289 6788/5086/6288 6790/5115/6290
f 6789/5125/6289 6790/5115/6290 6791/5124/6291
f 6788/5086/6288 6786/5085/6286 6792/5083/5862
f 6788/5086/6288 6792/5083/5862 6790/5115/6290
f 6787/5084/6287 6792/5083/5862 6786/5085/6286
f 6787/5084/6287 6793/5081/6292 6792/5083/5862
f 6787/5084/6287 6779/5102/6282 6794/5103/6293
f 6787/5084/6287 6794/5103/6293 6795/5104/6294
f 6795/5104/6294 6793/5081/6292 6787/5084/6287
f 6795/5104/6294 6796/5107/6295 6793/5081/6292
f 6793/5081/6292 6797/5082/6296 6792/5083/5862
f 6793/5081/6292 6798/5078/6297 6797/5082/6296
f 6799/5116/6298 6790/5115/6290 6792/5083/5862
f 6799/5116/6298 6792/5083/5862 6797/5082/6296
f 6797/5082/6296 6800/5073/6299 6799/5116/6298
f 6790/5115/6290 6799/5116/6298 6801/5123/6300
f 6790/5115/6290 6801/5123/6300 6791/5124/6291
f 6802/5121/6143 6801/5123/6300 6799/5116/6298
f 6802/5121/6143 6799/5116/6298 6803/5117/6301
f 6799/5116/6298 6800/5073/6299 6803/5117/6301
f 6800/5073/6299 6804/5118/6302 6803/5117/6301
f 6800/5073/6299 6718/5042/6230 6804/5118/6302
f 6805/5120/6303 6802/5121/6143 6803/5117/6301
f 6805/5120/6303 6806/5122/6304 6802/5121/6143
f 6807/5119/5862 6805/5120/6303 6803/5117/6301
f 6807/5119/5862 6803/5117/6301 6804/5118/6302
f 6807/5119/5862 6808/5010/6305 6805/5120/6303
f 6806/5122/6304 6805/5120/6303 6808/5010/6305
f 6807/5119/5862 6809/5009/5441 6808/5010/6305
f 6810/5008/6306 6808/5010/6305 6809/5009/5441
f 6810/5008/6306 6809/5009/5441 6811/5007/6307
f 6809/5009/5441 6812/5019/6308 6811/5007/6307
f 6809/5009/5441 6725/5027/6236 6812/5019/6308
f 6807/5119/5862 6725/5027/6236 6809/5009/5441
f 6807/5119/5862 6722/5036/6234 6725/5027/6236
f 6811/5007/6307 6813/5005/6309 6810/5008/6306
f 6811/5007/6307 6814/5006/6310 6813/5005/6309
f 6812/5019/6308 6814/5006/6310 6811/5007/6307
f 6815/5011/6311 6808/5010/6305 6810/5008/6306
f 6815/5011/6311 6816/5012/6312 6808/5010/6305
f 6806/5122/6304 6808/5010/6305 6816/5012/6312
f 6810/5008/6306 6813/5005/6309 6817/5013/6313
f 6810/5008/6306 6817/5013/6313 6815/5011/6311
f 6817/5013/6313 6813/5005/6309 6818/5014/6314
f 6814/5006/6310 6818/5014/6314 6813/5005/6309
f 6817/5013/6313 6818/5014/6314 6819/5015/6315
f 6819/5015/6315 6818/5014/6314 6820/5020/6316
f 6819/5015/6315 6820/5020/6316 6821/5021/6317
f 6821/5021/6317 6820/5020/6316 6822/5029/6318
f 6821/5021/6317 6822/5029/6318 6823/5035/6319
f 6823/5035/6319 6822/5029/6318 6824/5030/6320
f 6823/5035/6319 6824/5030/6320 6825/5034/6133
f 6824/5030/6320 6826/5033/6321 6825/5034/6133
f 6824/5030/6320 6827/5031/6322 6826/5033/6321
f 6814/5006/6310 6828/5016/6323 6818/5014/6314
f 6829/5022/6324 6820/5020/6316 6818/5014/6314
f 6829/5022/6324 6818/5014/6314 6828/5016/6323
f 6829/5022/6324 6824/5030/6320 6822/5029/6318
f 6829/5022/6324 6822/5029/6318 6820/5020/6316
f 6829/5022/6324 6827/5031/6322 6824/5030/6320
f 6829/5022/6324 6830/5023/6325 6827/5031/6322
f 6831/5018/6326 6830/5023/6325 6829/5022/6324
f 6831/5018/6326 6829/5022/6324 6828/5016/6323
f 6832/5017/6327 6831/5018/6326 6828/5016/6323
f 6832/5017/6327 6828/5016/6323 6814/5006/6310
f 6812/5019/6308 6832/5017/6327 6814/5006/6310
f 6833/5032/6131 6826/5033/6321 6827/5031/6322
f 6833/5032/6131 6827/5031/6322 6830/5023/6325
f 6834/5024/6328 6832/5017/6327 6812/5019/6308
f 6834/5024/6328 6831/5018/6326 6832/5017/6327
f 6834/5024/6328 6812/5019/6308 6835/5026/6329
f 6835/5026/6329 6812/5019/6308 6725/5027/6236
f 6835/5026/6329 6725/5027/6236 6724/5028/6235
f 6834/5024/6328 6836/5025/5558 6831/5018/6326
f 6836/5025/5558 6833/5032/6131 6830/5023/6325
f 6836/5025/5558 6830/5023/6325 6831/5018/6326
f 6772/5099/6275 6837/5105/6330 6794/5103/6293
f 6772/5099/6275 6794/5103/6293 6779/5102/6282
f 6837/5105/6330 6772/5099/6275 6770/5101/6273
f 6837/5105/6330 6770/5101/6273 6838/5106/6312
f 6838/5106/6312 6770/5101/6273 6769/5109/6272
f 6838/5106/6312 6769/5109/6272 6839/5112/6160
f 6839/5112/6160 6769/5109/6272 6768/5110/6271
f 6839/5112/6160 6768/5110/6271 6840/5113/6331
f 6840/5113/6331 6768/5110/6271 6767/5111/6270
f 6840/5113/6331 6767/5111/6270 6841/5114/6332
f 6785/5097/6285 6841/5114/6332 6767/5111/6270
f 6785/5097/6285 6767/5111/6270 6777/5096/6280
f 6719/5039/6231 6722/5036/6234 6807/5119/5862
f 6719/5039/6231 6807/5119/5862 6804/5118/6302
f 6718/5042/6230 6719/5039/6231 6804/5118/6302
f 6718/5042/6230 6800/5073/6299 6842/5057/6333
f 6718/5042/6230 6842/5057/6333 6843/5054/6334
f 6844/5056/6335 6843/5054/6334 6842/5057/6333
f 6842/5057/6333 6845/5067/6336 6844/5056/6335
f 6846/5066/6337 6844/5056/6335 6845/5067/6336
f 6847/5069/6338 6846/5066/6337 6845/5067/6336
f 6845/5067/6336 6848/5070/6339 6847/5069/6338
f 6847/5069/6338 6848/5070/6339 6849/5321/6340
f 6848/5070/6339 6850/5162/6341 6849/5321/6340
f 6847/5069/6338 6849/5321/6340 6851/5169/6342
f 6849/5321/6340 6852/5322/6343 6851/5169/6342
f 6849/5321/6340 6853/5171/6344 6852/5322/6343
f 6849/5321/6340 6854/5172/6345 6853/5171/6344
f 6850/5162/6341 6854/5172/6345 6849/5321/6340
f 6853/5171/6344 6855/5176/6172 6852/5322/6343
f 6853/5171/6344 6856/5177/6346 6855/5176/6172
f 6853/5171/6344 6857/5178/6347 6856/5177/6346
f 6858/5175/6348 6852/5322/6343 6855/5176/6172
f 6859/5174/6349 6851/5169/6342 6852/5322/6343
f 6859/5174/6349 6852/5322/6343 6858/5175/6348
f 6845/5067/6336 6860/5071/6350 6848/5070/6339
f 6861/5173/6351 6846/5066/6337 6847/5069/6338
f 6861/5173/6351 6847/5069/6338 6851/5169/6342
f 6862/5065/6352 6846/5066/6337 6861/5173/6351
f 6862/5065/6352 6863/5062/6353 6846/5066/6337
f 6863/5062/6353 6864/5068/6354 6846/5066/6337
f 6846/5066/6337 6864/5068/6354 6844/5056/6335
f 6865/5059/6355 6864/5068/6354 6863/5062/6353
f 6865/5059/6355 6863/5062/6353 6866/5061/6356
f 6867/5055/6357 6844/5056/6335 6864/5068/6354
f 6867/5055/6357 6864/5068/6354 6865/5059/6355
f 6844/5056/6335 6867/5055/6357 6843/5054/6334
f 6868/5060/6358 6865/5059/6355 6866/5061/6356
f 6866/5061/6356 6869/5064/6359 6868/5060/6358
f 6868/5060/6358 6870/5058/6360 6865/5059/6355
f 6870/5058/6360 6867/5055/6357 6865/5059/6355
f 6870/5058/6360 6871/5053/6361 6867/5055/6357
f 6871/5053/6361 6843/5054/6334 6867/5055/6357
f 6871/5053/6361 6872/5051/6362 6843/5054/6334
f 6843/5054/6334 6872/5051/6362 6714/5044/6226
f 6843/5054/6334 6714/5044/6226 6718/5042/6230
f 6873/5050/6060 6714/5044/6226 6872/5051/6362
f 6873/5050/6060 6715/5049/6227 6714/5044/6226
f 6874/5209/6363 6868/5060/6358 6869/5064/6359
f 6874/5209/6363 6875/5208/6364 6868/5060/6358
f 6875/5208/6364 6870/5058/6360 6868/5060/6358
f 6875/5208/6364 6876/5207/6365 6870/5058/6360
f 6876/5207/6365 6871/5053/6361 6870/5058/6360
f 6876/5207/6365 6877/5052/6366 6871/5053/6361
f 6877/5052/6366 6873/5050/6060 6872/5051/6362
f 6877/5052/6366 6872/5051/6362 6871/5053/6361
f 6878/5063/6367 6869/5064/6359 6866/5061/6356
f 6878/5063/6367 6866/5061/6356 6863/5062/6353
f 6862/5065/6352 6878/5063/6367 6863/5062/6353
f 6879/5180/6368 6878/5063/6367 6862/5065/6352
f 6879/5180/6368 6862/5065/6352 6880/5179/6369
f 6880/5179/6369 6862/5065/6352 6861/5173/6351
f 6880/5179/6369 6861/5173/6351 6881/5181/6370
f 6881/5181/6370 6861/5173/6351 6851/5169/6342
f 6881/5181/6370 6851/5169/6342 6859/5174/6349
f 6842/5057/6333 6882/5072/6371 6845/5067/6336
f 6882/5072/6371 6842/5057/6333 6800/5073/6299
f 6882/5072/6371 6800/5073/6299 6883/5074/6372
f 6883/5074/6372 6800/5073/6299 6797/5082/6296
f 6883/5074/6372 6797/5082/6296 6798/5078/6297
f 6883/5074/6372 6884/5075/6373 6882/5072/6371
f 6883/5074/6372 6885/5076/6374 6884/5075/6373
f 6886/5159/6375 6884/5075/6373 6885/5076/6374
f 6886/5159/6375 6885/5076/6374 6887/5158/6007
f 6888/5160/6376 6884/5075/6373 6886/5159/6375
f 6888/5160/6376 6860/5071/6350 6884/5075/6373
f 6860/5071/6350 6845/5067/6336 6882/5072/6371
f 6860/5071/6350 6882/5072/6371 6884/5075/6373
f 6889/5161/6010 6860/5071/6350 6888/5160/6376
f 6889/5161/6010 6848/5070/6339 6860/5071/6350
f 6850/5162/6341 6848/5070/6339 6889/5161/6010
f 6850/5162/6341 6889/5161/6010 6890/5163/6377
f 6891/5164/6180 6850/5162/6341 6890/5163/6377
f 6891/5164/6180 6892/5165/6378 6850/5162/6341
f 6893/5166/6379 6892/5165/6378 6891/5164/6180
f 6893/5166/6379 6894/5167/6380 6892/5165/6378
f 6850/5162/6341 6892/5165/6378 6854/5172/6345
f 6887/5158/6007 6885/5076/6374 6895/5129/6381
f 6895/5129/6381 6885/5076/6374 6896/5077/6382
f 6896/5077/6382 6885/5076/6374 6883/5074/6372
f 6896/5077/6382 6883/5074/6372 6798/5078/6297
f 6897/5128/6383 6895/5129/6381 6896/5077/6382
f 6897/5128/6383 6896/5077/6382 6898/5126/6384
f 6897/5128/6383 6898/5126/6384 6899/5130/6385
f 6897/5128/6383 6899/5130/6385 6900/5131/6386
f 6897/5128/6383 6900/5131/6386 6901/5155/6001
f 6897/5128/6383 6901/5155/6001 6902/5156/6387
f 6903/5132/6388 6900/5131/6386 6899/5130/6385
f 6904/5137/6389 6903/5132/6388 6899/5130/6385
f 6904/5137/6389 6899/5130/6385 6905/5138/6390
f 6903/5132/6388 6906/5133/6391 6900/5131/6386
f 6907/5136/6392 6903/5132/6388 6904/5137/6389
f 6907/5136/6392 6908/5134/6393 6903/5132/6388
f 6908/5134/6393 6906/5133/6391 6903/5132/6388
f 6907/5136/6392 6909/5139/6394 6908/5134/6393
f 6907/5136/6392 6910/5141/6395 6909/5139/6394
f 6911/5154/6396 6901/5155/6001 6900/5131/6386
f 6911/5154/6396 6900/5131/6386 6906/5133/6391
f 6908/5134/6393 6912/5135/6397 6906/5133/6391
f 6912/5135/6397 6911/5154/6396 6906/5133/6391
f 6909/5139/6394 6912/5135/6397 6908/5134/6393
f 6912/5135/6397 6913/5153/6398 6911/5154/6396
f 6912/5135/6397 6914/5152/6399 6913/5153/6398
f 6912/5135/6397 6915/5140/5407 6914/5152/6399
f 6909/5139/6394 6915/5140/5407 6912/5135/6397
f 6915/5140/5407 6916/5151/5998 6914/5152/6399
f 6915/5140/5407 6917/5150/6400 6916/5151/5998
f 6917/5150/6400 6918/5148/6401 6916/5151/5998
f 6917/5150/6400 6919/5146/6402 6918/5148/6401
f 6920/5147/6403 6918/5148/6401 6919/5146/6402
f 6920/5147/6403 6921/5149/6404 6918/5148/6401
f 6919/5146/6402 6922/5145/6405 6920/5147/6403
f 6919/5146/6402 6923/5144/6406 6922/5145/6405
f 6917/5150/6400 6923/5144/6406 6919/5146/6402
f 6917/5150/6400 6924/5142/6407 6923/5144/6406
f 6915/5140/5407 6909/5139/6394 6924/5142/6407
f 6915/5140/5407 6924/5142/6407 6917/5150/6400
f 6924/5142/6407 6909/5139/6394 6910/5141/6395
f 6923/5144/6406 6924/5142/6407 6925/5143/5985
f 6923/5144/6406 6925/5143/5985 6922/5145/6405
f 6924/5142/6407 6910/5141/6395 6925/5143/5985
f 6899/5130/6385 6898/5126/6384 6926/5127/6408
f 6899/5130/6385 6926/5127/6408 6905/5138/6390
f 6927/5079/6409 6926/5127/6408 6898/5126/6384
f 6927/5079/6409 6898/5126/6384 6896/5077/6382
f 6798/5078/6297 6927/5079/6409 6896/5077/6382
f 6798/5078/6297 6928/5080/5957 6927/5079/6409
f 6793/5081/6292 6928/5080/5957 6798/5078/6297
f 6793/5081/6292 6796/5107/6295 6928/5080/5957
f 6929/5157/5655 6895/5129/6381 6897/5128/6383
f 6929/5157/5655 6897/5128/6383 6902/5156/6387
f 6887/5158/6007 6895/5129/6381 6929/5157/5655
f 6930/5323/6410 6931/5324/6411 6932/5325/6412
f 6930/5323/6410 6932/5325/6412 6933/5326/6413
f 6934/5327/6414 6932/5325/6412 6931/5324/6411
f 6934/5327/6414 6935/5328/6415 6932/5325/6412
f 6936/5329/6416 6932/5325/6412 6935/5328/6415
f 6936/5329/6416 6937/5330/6417 6932/5325/6412
f 6937/5330/6417 6933/5326/6413 6932/5325/6412
f 6930/5323/6410 6933/5326/6413 6938/5331/6418
f 6930/5323/6410 6938/5331/6418 6939/5332/6053
f 6937/5330/6417 6940/5333/6419 6933/5326/6413
f 6941/5334/6420 6938/5331/6418 6933/5326/6413
f 6941/5334/6420 6933/5326/6413 6940/5333/6419
f 6942/5335/6421 6940/5333/6419 6937/5330/6417
f 6942/5335/6421 6937/5330/6417 6943/5336/6422
f 6936/5329/6416 6943/5336/6422 6937/5330/6417
f 6944/5337/6423 6943/5336/6422 6936/5329/6416
f 6935/5328/6415 6944/5337/6423 6936/5329/6416
f 6944/5337/6423 6945/5338/6424 6943/5336/6422
f 6942/5335/6421 6946/5339/6425 6940/5333/6419
f 6940/5333/6419 6946/5339/6425 6947/5340/6426
f 6940/5333/6419 6947/5340/6426 6941/5334/6420
f 6946/5339/6425 6948/5341/6427 6947/5340/6426
f 6946/5339/6425 6949/5342/6428 6948/5341/6427
f 6945/5338/6424 6950/5343/6429 6943/5336/6422
f 6950/5343/6429 6942/5335/6421 6943/5336/6422
f 6945/5338/6424 6951/5344/6430 6950/5343/6429
f 6950/5343/6429 6952/5345/6431 6942/5335/6421
f 6952/5345/6431 6949/5342/6428 6946/5339/6425
f 6952/5345/6431 6946/5339/6425 6942/5335/6421
f 6948/5341/6427 6949/5342/6428 6953/5346/6432
f 6948/5341/6427 6953/5346/6432 6954/5347/6433
f 6955/5348/6434 6954/5347/6433 6953/5346/6432
f 6955/5348/6434 6953/5346/6432 6956/5349/6435
f 6955/5348/6434 6956/5349/6435 6957/5350/6436
f 6955/5348/6434 6957/5350/6436 6958/5351/6437
f 6958/5351/6437 6957/5350/6436 6959/5352/6438
f 6958/5351/6437 6959/5352/6438 6960/5353/6439
f 6949/5342/6428 6952/5345/6431 6961/5354/6440
f 6949/5342/6428 6961/5354/6440 6953/5346/6432
f 6961/5354/6440 6952/5345/6431 6950/5343/6429
f 6961/5354/6440 6950/5343/6429 6962/5355/6441
f 6957/5350/6436 6963/5356/6442 6959/5352/6438
f 6957/5350/6436 6964/5357/6443 6963/5356/6442
f 6964/5357/6443 6957/5350/6436 6956/5349/6435
f 6965/5358/6444 6964/5357/6443 6956/5349/6435
f 6953/5346/6432 6961/5354/6440 6965/5358/6444
f 6953/5346/6432 6965/5358/6444 6956/5349/6435
f 6965/5358/6444 6966/5359/6445 6964/5357/6443
f 6961/5354/6440 6962/5355/6441 6967/5360/5685
f 6961/5354/6440 6967/5360/5685 6965/5358/6444
f 6964/5357/6443 6966/5359/6445 6968/5361/6446
f 6964/5357/6443 6968/5361/6446 6963/5356/6442
f 6965/5358/6444 6967/5360/5685 6969/5362/6447
f 6965/5358/6444 6969/5362/6447 6966/5359/6445
f 6967/5360/5685 6970/5363/6448 6969/5362/6447
f 6967/5360/5685 6971/5364/6449 6970/5363/6448
f 6962/5355/6441 6971/5364/6449 6967/5360/5685
f 6972/5365/6450 6970/5363/6448 6971/5364/6449
f 6972/5365/6450 6971/5364/6449 6973/5366/6451
f 6971/5364/6449 6974/5367/6452 6973/5366/6451
f 6971/5364/6449 6975/5368/6453 6974/5367/6452
f 6962/5355/6441 6975/5368/6453 6971/5364/6449
f 6976/5369/6454 6970/5363/6448 6972/5365/6450
f 6976/5369/6454 6977/5370/6455 6970/5363/6448
f 6977/5370/6455 6969/5362/6447 6970/5363/6448
f 6977/5370/6455 6978/5371/6456 6969/5362/6447
f 6978/5371/6456 6968/5361/6446 6966/5359/6445
f 6978/5371/6456 6966/5359/6445 6969/5362/6447
f 6972/5365/6450 6979/5372/6457 6976/5369/6454
f 6972/5365/6450 6980/5373/6458 6979/5372/6457
f 6973/5366/6451 6980/5373/6458 6972/5365/6450
f 6978/5371/6456 6981/5374/6459 6968/5361/6446
f 6978/5371/6456 6982/5375/6447 6981/5374/6459
f 6978/5371/6456 6977/5370/6455 6983/5376/6460
f 6978/5371/6456 6983/5376/6460 6982/5375/6447
f 6977/5370/6455 6976/5369/6454 6984/5377/6461
f 6977/5370/6455 6984/5377/6461 6983/5376/6460
f 6984/5377/6461 6976/5369/6454 6979/5372/6457
f 6985/5378/6462 6982/5375/6447 6983/5376/6460
f 6985/5378/6462 6986/5379/6463 6982/5375/6447
f 6982/5375/6447 6986/5379/6463 6987/5380/6464
f 6982/5375/6447 6987/5380/6464 6981/5374/6459
f 6981/5374/6459 6987/5380/6464 6988/5381/6465
f 6981/5374/6459 6988/5381/6465 6989/5382/6466
f 6968/5361/6446 6981/5374/6459 6989/5382/6466
f 6968/5361/6446 6989/5382/6466 6963/5356/6442
f 6987/5380/6464 6986/5379/6463 6990/5383/6467
f 6991/5384/6468 6988/5381/6465 6987/5380/6464
f 6991/5384/6468 6987/5380/6464 6992/5385/6469
f 6987/5380/6464 6990/5383/6467 6992/5385/6469
f 6988/5381/6465 6991/5384/6468 6993/5386/6470
f 6994/5387/6471 6988/5381/6465 6993/5386/6470
f 6994/5387/6471 6989/5382/6466 6988/5381/6465
f 6994/5387/6471 6995/5388/6472 6989/5382/6466
f 6995/5388/6472 6963/5356/6442 6989/5382/6466
f 6995/5388/6472 6959/5352/6438 6963/5356/6442
f 6996/5389/6473 6994/5387/6471 6993/5386/6470
f 6997/5390/6474 6994/5387/6471 6996/5389/6473
f 6997/5390/6474 6995/5388/6472 6994/5387/6471
f 6997/5390/6474 6998/5391/6475 6995/5388/6472
f 6998/5391/6475 6959/5352/6438 6995/5388/6472
f 6998/5391/6475 6960/5353/6439 6959/5352/6438
f 6999/5392/5466 6992/5385/6469 6990/5383/6467
f 6999/5392/5466 6990/5383/6467 7000/5393/6476
f 7001/5394/6477 6991/5384/6468 6992/5385/6469
f 7001/5394/6477 6992/5385/6469 6999/5392/5466
f 7001/5394/6477 7002/5395/6478 6991/5384/6468
f 6993/5386/6470 6991/5384/6468 7002/5395/6478
f 6993/5386/6470 7002/5395/6478 7003/5396/6479
f 6996/5389/6473 6993/5386/6470 7003/5396/6479
f 6990/5383/6467 7004/5397/6480 7000/5393/6476
f 7004/5397/6480 7005/5398/5461 7000/5393/6476
f 7005/5398/5461 7004/5397/6480 7006/5399/6481
f 7006/5399/6481 7004/5397/6480 6986/5379/6463
f 6990/5383/6467 6986/5379/6463 7004/5397/6480
f 7006/5399/6481 6986/5379/6463 6985/5378/6462
f 6985/5378/6462 7007/5400/6482 7006/5399/6481
f 7007/5400/6482 6985/5378/6462 7008/5401/6483
f 7008/5401/6483 6985/5378/6462 6983/5376/6460
f 7008/5401/6483 6983/5376/6460 6984/5377/6461
f 7007/5400/6482 7008/5401/6483 7009/5402/6484
f 7010/5403/6485 7007/5400/6482 7009/5402/6484
f 7007/5400/6482 7010/5403/6485 7006/5399/6481
f 7010/5403/6485 7009/5402/6484 7011/5404/6486
f 7012/5405/6487 7011/5404/6486 7009/5402/6484
f 7012/5405/6487 7009/5402/6484 7013/5406/6488
f 7013/5406/6488 7009/5402/6484 7008/5401/6483
f 7014/5407/6489 7011/5404/6486 7012/5405/6487
f 7014/5407/6489 7015/5408/6490 7011/5404/6486
f 7016/5409/6491 7010/5403/6485 7011/5404/6486
f 7016/5409/6491 7011/5404/6486 7015/5408/6490
f 7017/5410/6492 7006/5399/6481 7010/5403/6485
f 7017/5410/6492 7010/5403/6485 7016/5409/6491
f 7005/5398/5461 7006/5399/6481 7017/5410/6492
f 7013/5406/6488 7008/5401/6483 7018/5411/6493
f 7018/5411/6493 7008/5401/6483 6984/5377/6461
f 7019/5412/6494 7013/5406/6488 7018/5411/6493
f 7019/5412/6494 7012/5405/6487 7013/5406/6488
f 7019/5412/6494 7020/5413/6495 7012/5405/6487
f 7020/5413/6495 7021/5414/6496 7012/5405/6487
f 7019/5412/6494 7018/5411/6493 7022/5415/6497
f 7022/5415/6497 7018/5411/6493 7023/5416/6498
f 7022/5415/6497 7023/5416/6498 7024/5417/6499
f 6979/5372/6457 7024/5417/6499 7023/5416/6498
f 6979/5372/6457 7025/5418/6500 7024/5417/6499
f 7022/5415/6497 7024/5417/6499 7026/5419/6501
f 6979/5372/6457 7027/5420/6502 7025/5418/6500
f 7027/5420/6502 7028/5421/6503 7025/5418/6500
f 7027/5420/6502 7029/5422/6504 7028/5421/6503
f 6979/5372/6457 6980/5373/6458 7027/5420/6502
f 6984/5377/6461 6979/5372/6457 7023/5416/6498
f 7018/5411/6493 6984/5377/6461 7023/5416/6498
f 7030/5423/6505 7027/5420/6502 6980/5373/6458
f 7030/5423/6505 6980/5373/6458 7031/5424/6506
f 7031/5424/6506 7032/5425/6507 7030/5423/6505
f 7031/5424/6506 7033/5426/6508 7032/5425/6507
f 7034/5427/6509 7029/5422/6504 7027/5420/6502
f 7034/5427/6509 7027/5420/6502 7030/5423/6505
f 7033/5426/6508 7035/5428/6510 7032/5425/6507
f 7035/5428/6510 7033/5426/6508 7036/5429/6511
f 7037/5430/6512 7034/5427/6509 7030/5423/6505
f 7037/5430/6512 7030/5423/6505 7032/5425/6507
f 7032/5425/6507 7035/5428/6510 7037/5430/6512
f 7038/5431/6513 7037/5430/6512 7035/5428/6510
f 7036/5429/6511 7039/5432/6514 7035/5428/6510
f 7036/5429/6511 7040/5433/6515 7039/5432/6514
f 7035/5428/6510 7039/5432/6514 7041/5434/6516
f 7038/5431/6513 7035/5428/6510 7041/5434/6516
f 7042/5435/6517 7041/5434/6516 7039/5432/6514
f 7042/5435/6517 7039/5432/6514 7043/5436/6518
f 7040/5433/6515 7043/5436/6518 7039/5432/6514
f 7044/5437/6519 7042/5435/6517 7043/5436/6518
f 7044/5437/6519 7043/5436/6518 7045/5438/6520
f 7046/5439/6053 7044/5437/6519 7045/5438/6520
f 7046/5439/6053 7045/5438/6520 7047/5440/6521
f 7040/5433/6515 7048/5441/6522 7043/5436/6518
f 7048/5441/6522 7045/5438/6520 7043/5436/6518
f 7048/5441/6522 7049/5442/6523 7045/5438/6520
f 7049/5442/6523 7050/5443/6524 7045/5438/6520
f 7045/5438/6520 7050/5443/6524 7047/5440/6521
f 7049/5442/6523 7051/5444/6525 7050/5443/6524
f 7049/5442/6523 7052/5445/6526 7051/5444/6525
f 7052/5445/6526 7049/5442/6523 7053/5446/6527
f 7052/5445/6526 7053/5446/6527 7054/5447/6048
f 7054/5447/6048 7053/5446/6527 7055/5448/6453
f 7054/5447/6048 7055/5448/6453 7056/5449/6041
f 7056/5449/6041 7055/5448/6453 6935/5328/6415
f 6935/5328/6415 7055/5448/6453 6944/5337/6423
f 7056/5449/6041 6935/5328/6415 6934/5327/6414
f 7055/5448/6453 7053/5446/6527 7057/5450/6528
f 7055/5448/6453 7057/5450/6528 6944/5337/6423
f 7049/5442/6523 7048/5441/6522 7057/5450/6528
f 7049/5442/6523 7057/5450/6528 7053/5446/6527
f 7048/5441/6522 7058/5451/6529 7057/5450/6528
f 7058/5451/6529 6944/5337/6423 7057/5450/6528
f 7048/5441/6522 7040/5433/6515 7058/5451/6529
f 7040/5433/6515 7059/5452/6530 7058/5451/6529
f 7040/5433/6515 7036/5429/6511 7059/5452/6530
f 7036/5429/6511 6974/5367/6452 7059/5452/6530
f 7036/5429/6511 7033/5426/6508 6974/5367/6452
f 6951/5344/6430 7058/5451/6529 7059/5452/6530
f 6951/5344/6430 6945/5338/6424 7058/5451/6529
f 7058/5451/6529 6945/5338/6424 6944/5337/6423
f 7059/5452/6530 6974/5367/6452 6975/5368/6453
f 7059/5452/6530 6975/5368/6453 6951/5344/6430
f 6975/5368/6453 6950/5343/6429 6951/5344/6430
f 6975/5368/6453 6962/5355/6441 6950/5343/6429
f 7033/5426/6508 6973/5366/6451 6974/5367/6452
f 7033/5426/6508 7031/5424/6506 6973/5366/6451
f 6973/5366/6451 7031/5424/6506 6980/5373/6458
f 7060/5453/6531 7061/5454/6532 7062/5455/6533
f 7060/5453/6531 7062/5455/6533 7063/5456/6473
f 7062/5455/6533 7061/5454/6532 7019/5412/6494
f 7061/5454/6532 7064/5457/6534 7019/5412/6494
f 7063/5456/6473 7062/5455/6533 7026/5419/6501
f 7063/5456/6473 7026/5419/6501 7065/5458/6535
f 7022/5415/6497 7026/5419/6501 7062/5455/6533
f 7062/5455/6533 7019/5412/6494 7022/5415/6497
f 7026/5419/6501 7066/5459/6475 7065/5458/6535
f 7024/5417/6499 7066/5459/6475 7026/5419/6501
f 7025/5418/6500 7066/5459/6475 7024/5417/6499
f 7025/5418/6500 7028/5421/6503 7066/5459/6475
f 7019/5412/6494 7064/5457/6534 7020/5413/6495
f 7067/5460/6536 7068/5461/6531 7069/5462/6537
f 7069/5462/6537 7070/5463/6534 7067/5460/6536
f 7069/5462/6537 7071/5464/6538 7070/5463/6534
f 7072/5465/6539 7070/5463/6534 7071/5464/6538
f 7072/5465/6539 7071/5464/6538 7073/5466/6540
f 7073/5466/6540 7074/5467/6541 7072/5465/6539
f 7073/5466/6540 7075/5468/6542 7074/5467/6541
f 7076/5469/6543 7074/5467/6541 7075/5468/6542
f 7076/5469/6543 7075/5468/6542 7077/5470/6544
f 7078/5471/6489 7076/5469/6543 7077/5470/6544
f 7078/5471/6489 7077/5470/6544 7079/5472/6545
f 7080/5473/6546 7069/5462/6537 7068/5461/6531
f 7080/5473/6546 7068/5461/6531 7081/5474/6547
f 7082/5475/6548 7081/5474/6547 7068/5461/6531
f 7082/5475/6548 7083/5476/5475 7081/5474/6547
f 7083/5476/5475 7084/5477/6549 7081/5474/6547
f 7083/5476/5475 7085/5478/6550 7084/5477/6549
f 7086/5479/5548 7084/5477/6549 7085/5478/6550
f 7084/5477/6549 7086/5479/5548 7087/5480/6551
f 7084/5477/6549 7087/5480/6551 7088/5481/6552
f 7084/5477/6549 7088/5481/6552 7081/5474/6547
f 7088/5481/6552 7087/5480/6551 7089/5482/6553
f 7088/5481/6552 7089/5482/6553 7090/5483/6554
f 7088/5481/6552 7090/5483/6554 7081/5474/6547
f 7080/5473/6546 7081/5474/6547 7090/5483/6554
f 7086/5479/5548 7091/5484/6555 7087/5480/6551
f 7086/5479/5548 7085/5478/6550 7092/5485/5478
f 7092/5485/5478 7091/5484/6555 7086/5479/5548
f 7092/5485/5478 7093/5486/5486 7091/5484/6555
f 7090/5483/6554 7089/5482/6553 7094/5487/5590
f 7094/5487/5590 7089/5482/6553 5656/4531/5250
f 7094/5487/5590 5656/4531/5250 5661/4536/5255
f 5656/4531/5250 7089/5482/6553 7095/5488/6556
f 7087/5480/6551 7095/5488/6556 7089/5482/6553
f 5656/4531/5250 7095/5488/6556 5654/4529/5248
f 5661/4536/5255 7096/5489/6557 7094/5487/5590
f 5661/4536/5255 5663/4538/5257 7096/5489/6557
f 7097/5490/6558 7096/5489/6557 5663/4538/5257
f 7097/5490/6558 5663/4538/5257 7098/5491/5287
f 7097/5490/6558 7099/5492/6559 7096/5489/6557
f 7099/5492/6559 7090/5483/6554 7094/5487/5590
f 7099/5492/6559 7094/5487/5590 7096/5489/6557
f 7097/5490/6558 7100/5493/6560 7099/5492/6559
f 7101/5494/6561 7100/5493/6560 7097/5490/6558
f 7101/5494/6561 7097/5490/6558 7102/5495/6562
f 7102/5495/6562 7097/5490/6558 7098/5491/5287
f 7102/5495/6562 5699/4574/5293 7101/5494/6561
f 5702/4577/5296 7101/5494/6561 5699/4574/5293
f 5702/4577/5296 7103/5496/6563 7101/5494/6561
f 7102/5495/6562 5698/4573/5292 5699/4574/5293
f 7101/5494/6561 7104/5497/6564 7100/5493/6560
f 7101/5494/6561 7103/5496/6563 7104/5497/6564
f 5663/4538/5257 5667/4542/5261 7098/5491/5287
f 7098/5491/5287 5667/4542/5261 5687/4562/5281
f 7098/5491/5287 5687/4562/5281 5700/4575/5294
f 7102/5495/6562 7098/5491/5287 5700/4575/5294
f 5689/4564/5283 5698/4573/5292 7102/5495/6562
f 5689/4564/5283 7102/5495/6562 5700/4575/5294
f 7100/5493/6560 7104/5497/6564 7105/5498/6565
f 7106/5499/6566 7105/5498/6565 7104/5497/6564
f 7100/5493/6560 7105/5498/6565 7107/5500/6567
f 7100/5493/6560 7107/5500/6567 7108/5501/6568
f 7100/5493/6560 7108/5501/6568 7099/5492/6559
f 7099/5492/6559 7108/5501/6568 7109/5502/6569
f 7109/5502/6569 7110/5503/6570 7099/5492/6559
f 7099/5492/6559 7110/5503/6570 7080/5473/6546
f 7099/5492/6559 7080/5473/6546 7090/5483/6554
f 5659/4534/5253 5652/4527/5246 7111/5504/6571
f 5654/4529/5248 7095/5488/6556 7112/5505/6572
f 5654/4529/5248 7112/5505/6572 5655/4530/5249
f 7113/5506/6573 7112/5505/6572 7095/5488/6556
f 7087/5480/6551 7113/5506/6573 7095/5488/6556
f 7113/5506/6573 7114/5507/6574 7112/5505/6572
f 7087/5480/6551 7091/5484/6555 7113/5506/6573
f 7115/5508/6575 7116/5509/6576 7117/5510/5533
f 7115/5508/6575 7117/5510/5533 7118/5511/5534
f 7117/5510/5533 7116/5509/6576 7119/5512/6577
f 7117/5510/5533 7119/5512/6577 7120/5513/5529
f 7121/5514/6578 7120/5513/5529 7119/5512/6577
f 7121/5514/6578 7119/5512/6577 7122/5515/6579
f 7122/5515/6579 7123/5516/5531 7121/5514/6578
f 7122/5515/6579 7124/5517/6580 7123/5516/5531
f 7124/5517/6580 7125/5518/5536 7123/5516/5531
f 7124/5517/6580 7126/5519/6581 7125/5518/5536
f 7127/5520/6582 7125/5518/5536 7126/5519/6581
f 7127/5520/6582 7126/5519/6581 7128/5521/6583
f 7127/5520/6582 7128/5521/6583 7129/5522/5539
f 7130/5523/6584 7119/5512/6577 7116/5509/6576
f 7130/5523/6584 7116/5509/6576 7131/5524/6585
f 7132/5525/6586 7124/5517/6580 7122/5515/6579
f 7132/5525/6586 7122/5515/6579 7133/5526/6587
f 7133/5526/6587 7122/5515/6579 7119/5512/6577
f 7133/5526/6587 7119/5512/6577 7130/5523/6584
f 7134/5527/6588 7126/5519/6581 7124/5517/6580
f 7134/5527/6588 7124/5517/6580 7132/5525/6586
f 7128/5521/6583 7126/5519/6581 7134/5527/6588
f 7131/5524/6585 7135/5528/6589 7130/5523/6584
f 7131/5524/6585 7136/5529/6590 7135/5528/6589
f 7133/5526/6587 7130/5523/6584 7137/5530/6591
f 7130/5523/6584 7135/5528/6589 7137/5530/6591
f 7132/5525/6586 7133/5526/6587 7137/5530/6591
f 7135/5528/6589 7138/5531/6592 7137/5530/6591
f 7135/5528/6589 7139/5532/6593 7138/5531/6592
f 7136/5529/6590 7139/5532/6593 7135/5528/6589
f 7136/5529/6590 7140/5533/6594 7139/5532/6593
f 7132/5525/6586 7141/5534/6595 7134/5527/6588
f 7132/5525/6586 7142/5535/6596 7141/5534/6595
f 7132/5525/6586 7137/5530/6591 7142/5535/6596
f 7138/5531/6592 7142/5535/6596 7137/5530/6591
f 7138/5531/6592 7143/5536/6597 7142/5535/6596
f 7143/5536/6597 7141/5534/6595 7142/5535/6596
f 7138/5531/6592 7139/5532/6593 7144/5537/6598
f 7144/5537/6598 7139/5532/6593 7140/5533/6594
f 7138/5531/6592 7144/5537/6598 7145/5538/6599
f 7138/5531/6592 7145/5538/6599 7146/5539/6580
f 7138/5531/6592 7146/5539/6580 7143/5536/6597
f 7143/5536/6597 7147/5540/6600 7141/5534/6595
f 7146/5539/6580 7147/5540/6600 7143/5536/6597
f 7141/5534/6595 7148/5541/6601 7134/5527/6588
f 7141/5534/6595 7149/5542/6602 7148/5541/6601
f 7147/5540/6600 7149/5542/6602 7141/5534/6595
f 7149/5542/6602 7150/5543/6603 7148/5541/6601
f 7149/5542/6602 7151/5544/6604 7150/5543/6603
f 7146/5539/6580 7152/5545/6605 7147/5540/6600
f 7147/5540/6600 7153/5546/6606 7149/5542/6602
f 7153/5546/6606 7151/5544/6604 7149/5542/6602
f 7152/5545/6605 7153/5546/6606 7147/5540/6600
f 7153/5546/6606 7154/5547/6607 7151/5544/6604
f 7151/5544/6604 7155/5548/6608 7150/5543/6603
f 7156/5549/6609 7150/5543/6603 7155/5548/6608
f 7156/5549/6609 7157/5550/6610 7150/5543/6603
f 7148/5541/6601 7150/5543/6603 7157/5550/6610
f 7151/5544/6604 7158/5551/6611 7155/5548/6608
f 7151/5544/6604 7154/5547/6607 7158/5551/6611
f 7153/5546/6606 7159/5552/6612 7154/5547/6607
f 7152/5545/6605 7159/5552/6612 7153/5546/6606
f 7154/5547/6607 7159/5552/6612 7160/5553/6613
f 7154/5547/6607 7160/5553/6613 7161/5554/6614
f 7154/5547/6607 7161/5554/6614 7162/5555/6615
f 7154/5547/6607 7162/5555/6615 7158/5551/6611
f 7163/5556/6502 7161/5554/6614 7160/5553/6613
f 7163/5556/6502 7164/5557/6616 7161/5554/6614
f 7165/5558/6617 7164/5557/6616 7163/5556/6502
f 7165/5558/6617 7166/5559/6618 7164/5557/6616
f 7160/5553/6613 7159/5552/6612 7167/5560/6619
f 7160/5553/6613 7167/5560/6619 7163/5556/6502
f 7163/5556/6502 7167/5560/6619 7168/5561/6620
f 7163/5556/6502 7168/5561/6620 7165/5558/6617
f 7169/5562/6621 7165/5558/6617 7168/5561/6620
f 7169/5562/6621 7170/5563/6622 7165/5558/6617
f 7169/5562/6621 7168/5561/6620 7171/5564/6623
f 7169/5562/6621 7171/5564/6623 7172/5565/6624
f 7173/5566/6625 7169/5562/6621 7172/5565/6624
f 7173/5566/6625 7174/5567/6626 7169/5562/6621
f 7165/5558/6617 7170/5563/6622 7175/5568/6627
f 7165/5558/6617 7175/5568/6627 7166/5559/6618
f 7169/5562/6621 7174/5567/6626 7176/5569/6628
f 7169/5562/6621 7176/5569/6628 7170/5563/6622
f 7174/5567/6626 7177/5570/6629 7176/5569/6628
f 7174/5567/6626 7178/5571/6630 7177/5570/6629
f 7178/5571/6630 7174/5567/6626 7173/5566/6625
f 7178/5571/6630 7179/5572/6631 7177/5570/6629
f 7178/5571/6630 7180/5573/6632 7179/5572/6631
f 7176/5569/6628 7177/5570/6629 7181/5574/6633
f 7182/5575/6634 7176/5569/6628 7181/5574/6633
f 7182/5575/6634 7175/5568/6627 7170/5563/6622
f 7182/5575/6634 7170/5563/6622 7176/5569/6628
f 7180/5573/6632 7178/5571/6630 7183/5576/6635
f 7178/5571/6630 7173/5566/6625 7183/5576/6635
f 7180/5573/6632 7183/5576/6635 7184/5577/6636
f 7184/5577/6636 7185/5578/6637 7180/5573/6632
f 7185/5578/6637 7179/5572/6631 7180/5573/6632
f 7184/5577/6636 7186/5579/6638 7185/5578/6637
f 7185/5578/6637 7186/5579/6638 7187/5580/6639
f 7184/5577/6636 7188/5581/6640 7186/5579/6638
f 7184/5577/6636 7189/5582/6641 7188/5581/6640
f 7189/5582/6641 7184/5577/6636 7183/5576/6635
f 7189/5582/6641 7190/5583/6642 7188/5581/6640
f 7190/5583/6642 7189/5582/6641 7191/5584/6643
f 7189/5582/6641 7183/5576/6635 7191/5584/6643
f 7192/5585/6644 7190/5583/6642 7191/5584/6643
f 7191/5584/6643 7193/5586/6645 7192/5585/6644
f 7191/5584/6643 7194/5587/6646 7193/5586/6645
f 7183/5576/6635 7194/5587/6646 7191/5584/6643
f 7192/5585/6644 7195/5588/6647 7190/5583/6642
f 7183/5576/6635 7173/5566/6625 7194/5587/6646
f 7196/5589/6648 7194/5587/6646 7173/5566/6625
f 7196/5589/6648 7173/5566/6625 7172/5565/6624
f 7197/5590/6649 7193/5586/6645 7194/5587/6646
f 7197/5590/6649 7194/5587/6646 7196/5589/6648
f 7198/5591/6650 7193/5586/6645 7197/5590/6649
f 7198/5591/6650 7197/5590/6649 7199/5592/6651
f 7200/5593/6652 7192/5585/6644 7193/5586/6645
f 7200/5593/6652 7193/5586/6645 7198/5591/6650
f 7198/5591/6650 7201/5594/6653 7200/5593/6652
f 7200/5593/6652 7201/5594/6653 7202/5595/6654
f 7200/5593/6652 7202/5595/6654 7203/5596/6655
f 7200/5593/6652 7203/5596/6655 7204/5597/6656
f 7204/5597/6656 7195/5588/6647 7192/5585/6644
f 7200/5593/6652 7204/5597/6656 7192/5585/6644
f 7204/5597/6656 7205/5598/6657 7195/5588/6647
f 7198/5591/6650 7206/5599/6658 7201/5594/6653
f 7199/5592/6651 7206/5599/6658 7198/5591/6650
f 7204/5597/6656 7203/5596/6655 7207/5600/6659
f 7204/5597/6656 7207/5600/6659 7205/5598/6657
f 7203/5596/6655 7202/5595/6654 7208/5601/6660
f 7203/5596/6655 7208/5601/6660 7207/5600/6659
f 7202/5595/6654 7209/5602/6661 7208/5601/6660
f 7202/5595/6654 7210/5603/6662 7209/5602/6661
f 7201/5594/6653 7210/5603/6662 7202/5595/6654
f 7201/5594/6653 7211/5604/6663 7210/5603/6662
f 7206/5599/6658 7211/5604/6663 7201/5594/6653
f 7206/5599/6658 7212/5605/6664 7211/5604/6663
f 7209/5602/6661 7210/5603/6662 7213/5606/6665
f 7210/5603/6662 7211/5604/6663 7214/5607/6666
f 7210/5603/6662 7214/5607/6666 7213/5606/6665
f 7211/5604/6663 7215/5608/6667 7214/5607/6666
f 7212/5605/6664 7215/5608/6667 7211/5604/6663
f 7212/5605/6664 7216/5609/6668 7215/5608/6667
f 7217/5610/6669 7216/5609/6668 7212/5605/6664
f 7217/5610/6669 7218/5611/6670 7216/5609/6668
f 7219/5612/6671 7217/5610/6669 7212/5605/6664
f 7219/5612/6671 7212/5605/6664 7206/5599/6658
f 7219/5612/6671 7220/5613/4897 7217/5610/6669
f 7219/5612/6671 7221/5614/6672 7220/5613/4897
f 7221/5614/6672 7222/5615/6673 7220/5613/4897
f 7221/5614/6672 7223/5616/6674 7222/5615/6673
f 7221/5614/6672 7224/5617/6675 7223/5616/6674
f 7223/5616/6674 7225/5618/6676 7222/5615/6673
f 7223/5616/6674 7144/5537/6598 7225/5618/6676
f 7199/5592/6651 7224/5617/6675 7221/5614/6672
f 7199/5592/6651 7221/5614/6672 7219/5612/6671
f 7199/5592/6651 7219/5612/6671 7206/5599/6658
f 7226/5619/6645 7223/5616/6674 7224/5617/6675
f 7226/5619/6645 7227/5620/6677 7223/5616/6674
f 7227/5620/6677 7144/5537/6598 7223/5616/6674
f 7224/5617/6675 7199/5592/6651 7197/5590/6649
f 7224/5617/6675 7197/5590/6649 7226/5619/6645
f 7226/5619/6645 7197/5590/6649 7196/5589/6648
f 7226/5619/6645 7196/5589/6648 7228/5621/6678
f 7228/5621/6678 7227/5620/6677 7226/5619/6645
f 7228/5621/6678 7196/5589/6648 7172/5565/6624
f 7228/5621/6678 7172/5565/6624 7171/5564/6623
f 7229/5622/6679 7228/5621/6678 7171/5564/6623
f 7228/5621/6678 7229/5622/6679 7227/5620/6677
f 7229/5622/6679 7171/5564/6623 7230/5623/6680
f 7168/5561/6620 7230/5623/6680 7171/5564/6623
f 7168/5561/6620 7167/5560/6619 7230/5623/6680
f 7152/5545/6605 7229/5622/6679 7230/5623/6680
f 7152/5545/6605 7146/5539/6580 7229/5622/6679
f 7230/5623/6680 7167/5560/6619 7159/5552/6612
f 7230/5623/6680 7159/5552/6612 7152/5545/6605
f 7229/5622/6679 7146/5539/6580 7145/5538/6599
f 7229/5622/6679 7145/5538/6599 7227/5620/6677
f 7227/5620/6677 7145/5538/6599 7144/5537/6598
f 7144/5537/6598 7140/5533/6594 7225/5618/6676
f 7225/5618/6676 7140/5533/6594 7231/5624/6681
f 7225/5618/6676 7231/5624/6681 7232/5625/6682
f 7233/5626/6683 7225/5618/6676 7232/5625/6682
f 7233/5626/6683 7222/5615/6673 7225/5618/6676
f 7220/5613/4897 7222/5615/6673 7233/5626/6683
f 7220/5613/4897 7233/5626/6683 7234/5627/6684
f 7217/5610/6669 7220/5613/4897 7234/5627/6684
f 7217/5610/6669 7234/5627/6684 7218/5611/6670
f 7231/5624/6681 7140/5533/6594 7136/5529/6590
f 7231/5624/6681 7136/5529/6590 7235/5628/6685
f 7235/5628/6685 7136/5529/6590 7131/5524/6585
f 7235/5628/6685 7131/5524/6585 7236/5629/6608
f 7236/5629/6608 7131/5524/6585 7116/5509/6576
f 7236/5629/6608 7116/5509/6576 7115/5508/6575
f 7179/5572/6631 7237/5630/5309 7238/5631/6686
f 7238/5631/6686 7237/5630/5309 7239/5632/5274
f 7238/5631/6686 7239/5632/5274 7240/5633/6687
f 7240/5633/6687 7181/5574/6633 7238/5631/6686
f 7240/5633/6687 7241/5634/6688 7181/5574/6633
f 7181/5574/6633 7177/5570/6629 7238/5631/6686
f 7179/5572/6631 7238/5631/6686 7177/5570/6629
f 7182/5575/6634 7181/5574/6633 7241/5634/6688
f 7179/5572/6631 7242/5635/6689 7237/5630/5309
f 7243/5636/5313 7242/5635/6689 7179/5572/6631
f 7243/5636/5313 7179/5572/6631 7244/5637/6690
f 7244/5637/6690 7179/5572/6631 7185/5578/6637
f 7244/5637/6690 7185/5578/6637 7245/5638/5317
f 7246/5639/6691 7245/5638/5317 7185/5578/6637
f 7185/5578/6637 7187/5580/6639 7246/5639/6691
f 7187/5580/6639 7186/5579/6638 7247/5640/6692
f 7186/5579/6638 7248/5641/6693 7247/5640/6692
f 7186/5579/6638 7188/5581/6640 7248/5641/6693
f 7188/5581/6640 7249/5642/6694 7248/5641/6693
f 7188/5581/6640 7190/5583/6642 7249/5642/6694
f 7190/5583/6642 7250/5643/6695 7249/5642/6694
f 7190/5583/6642 7195/5588/6647 7250/5643/6695
f 7250/5643/6695 7195/5588/6647 7205/5598/6657
f 7251/5644/6696 7252/5645/6697 7253/5646/6698
f 7251/5644/6696 7253/5646/6698 5876/4751/5463
f 5876/4751/5463 7253/5646/6698 5875/4750/5462
f 7251/5644/6696 7254/5647/6699 7252/5645/6697
f 7255/5648/6700 7254/5647/6699 7251/5644/6696
f 7255/5648/6700 7256/5649/6701 7254/5647/6699
f 7255/5648/6700 7257/5650/6702 7256/5649/6701
f 7255/5648/6700 7258/5651/6703 7257/5650/6702
f 7259/5652/6489 7258/5651/6703 7255/5648/6700
f 7259/5652/6489 7260/5653/6704 7258/5651/6703
f 7148/5541/6601 7157/5550/6610 7128/5521/6583
f 7128/5521/6583 7134/5527/6588 7148/5541/6601
f 7261/5654/6705 7128/5521/6583 7157/5550/6610
f 7157/5550/6610 7262/5655/5547 7261/5654/6705
f 7263/5656/6706 7262/5655/5547 7157/5550/6610
f 7263/5656/6706 7157/5550/6610 7156/5549/6609
f 7261/5654/6705 7129/5522/5539 7128/5521/6583
f 7264/5193/6707 7265/5198/5868 7266/5187/6708
f 7264/5193/6707 7266/5187/6708 7267/5189/6709
f 7265/5198/5868 7268/5184/6710 7266/5187/6708
f 7265/5198/5868 7269/5183/6711 7268/5184/6710
f 7269/5183/6711 6894/5167/6380 7268/5184/6710
f 7269/5183/6711 7270/5182/6712 6894/5167/6380
f 7269/5183/6711 6857/5178/6347 7270/5182/6712
f 7269/5183/6711 7271/5199/6713 6857/5178/6347
f 7265/5198/5868 7271/5199/6713 7269/5183/6711
f 7265/5198/5868 7272/5200/6714 7271/5199/6713
f 7264/5193/6707 7272/5200/6714 7265/5198/5868
f 7264/5193/6707 7273/5197/6715 7272/5200/6714
f 7264/5193/6707 7274/5196/6716 7273/5197/6715
f 7264/5193/6707 7275/5194/6717 7274/5196/6716
f 7264/5193/6707 7267/5189/6709 7276/5191/6718
f 7264/5193/6707 7276/5191/6718 7275/5194/6717
f 7277/5203/6719 7272/5200/6714 7273/5197/6715
f 7277/5203/6719 7273/5197/6715 7278/5204/6720
f 7274/5196/6716 7278/5204/6720 7273/5197/6715
f 7274/5196/6716 7279/5205/6721 7278/5204/6720
f 7275/5194/6717 7279/5205/6721 7274/5196/6716
f 7275/5194/6717 7280/5206/6722 7279/5205/6721
f 7280/5206/6722 7275/5194/6717 7281/5195/6200
f 7276/5191/6718 7281/5195/6200 7275/5194/6717
f 7276/5191/6718 7282/5192/6723 7281/5195/6200
f 7276/5191/6718 7283/5190/6192 7282/5192/6723
f 7276/5191/6718 7267/5189/6709 7283/5190/6192
f 7267/5189/6709 7284/5188/6188 7283/5190/6192
f 7267/5189/6709 7266/5187/6708 7284/5188/6188
f 7285/5186/6187 7284/5188/6188 7266/5187/6708
f 7268/5184/6710 7285/5186/6187 7266/5187/6708
f 7268/5184/6710 7286/5185/6724 7285/5186/6187
f 7268/5184/6710 6893/5166/6379 7286/5185/6724
f 7268/5184/6710 6894/5167/6380 6893/5166/6379
f 7270/5182/6712 6892/5165/6378 6894/5167/6380
f 7270/5182/6712 6854/5172/6345 6892/5165/6378
f 7270/5182/6712 6853/5171/6344 6854/5172/6345
f 7270/5182/6712 6857/5178/6347 6853/5171/6344
f 7271/5199/6713 6856/5177/6346 6857/5178/6347
f 7271/5199/6713 7287/5201/6725 6856/5177/6346
f 7271/5199/6713 7288/5202/6726 7287/5201/6725
f 7271/5199/6713 7272/5200/6714 7288/5202/6726
f 7288/5202/6726 7272/5200/6714 7277/5203/6719
f 6507/4856/6037 6533/4845/6062 6506/4843/6036
f 6480/5274/6010 6483/5271/6013 7289/5275/6377
f 6483/5271/6013 6662/5276/6180 7289/5275/6377
f 5921/4796/5507 6030/4905/5615 5918/4793/5504
f 6560/4886/6084 6559/4888/6083 6581/4887/6105
f 5868/4743/5455 7290/5657/6727 5777/4652/5369
f 5777/4652/5369 7290/5657/6727 5779/4654/5371
f 5779/4654/5371 7290/5657/6727 7291/5658/6728
f 7291/5658/6728 7292/5659/6729 5779/4654/5371
f 5779/4654/5371 7292/5659/6729 5785/4660/5377
f 5785/4660/5377 7292/5659/6729 7293/5660/6730
f 5785/4660/5377 7293/5660/6730 5799/4674/5390
f 7293/5660/6730 7294/5661/6731 5799/4674/5390
f 5799/4674/5390 7294/5661/6731 5800/4675/5391
f 5800/4675/5391 7294/5661/6731 7295/5662/6732
f 5683/4558/5277 5668/4543/5262 7296/5663/6733
f 5683/4558/5277 7296/5663/6733 7297/5664/6734
f 5683/4558/5277 7297/5664/6734 7298/5665/6735
f 5668/4543/5262 5675/4550/5269 7296/5663/6733
f 5675/4550/5269 5666/4541/5260 7299/5666/6736
f 5666/4541/5260 5677/4552/5271 7299/5666/6736
f 7012/5405/6487 7300/5667/6737 7014/5407/6489
f 7012/5405/6487 7021/5414/6496 7300/5667/6737
